transaction_id,user_id,age,gender,daily_screen_time_hours,social_media_hours,gaming_hours,work_study_hours,sleep_hours,notifications_per_day,app_opens_per_day,weekend_screen_time,stress_level,academic_work_impact,addiction_level,addicted_label
TXN00001,U00001,21,Male,3.23,2.01,0.89,4.55,7.55,248,154,3.95,Medium,Yes,None,0
TXN00002,U00002,24,Other,5.09,3.81,2.24,4.44,7.66,127,71,6.71,Medium,Yes,None,0
TXN00003,U00003,31,Other,6.06,1.36,3.83,2.35,4.92,44,106,8.68,High,No,Mild,0
TXN00004,U00004,32,Other,7.83,5.85,1.51,3.54,8.23,178,107,9.77,High,Yes,Moderate,1
TXN00005,U00005,25,Male,9.96,5.92,3.42,5.27,6.21,136,177,12.55,Low,No,Severe,1
TXN00006,U00006,26,Male,9.32,4.26,0.29,3.99,6.9,82,56,10.98,Medium,Yes,Severe,1
TXN00007,U00007,25,Male,10.4,4.93,1.6,0.86,8.61,165,95,11.43,Medium,No,Severe,1
TXN00008,U00008,26,Male,4.26,4.6,2.16,4.61,6.43,169,117,5.66,Low,No,Moderate,1
TXN00009,U00009,21,Other,4.38,1.38,2.72,3.78,6.23,172,134,6.2,High,Yes,None,0
TXN00010,U00010,35,Other,9.76,4.73,1.36,2.11,5.21,20,82,12.69,Low,Yes,Severe,1
TXN00011,U00011,34,Female,8.48,1.34,3.05,3.47,8.0,155,15,10.48,Medium,Yes,Moderate,1
TXN00012,U00012,27,Other,5.16,1.82,2.27,0.93,7.79,228,32,8.1,High,Yes,None,0
TXN00013,U00013,33,Other,11.52,1.41,2.11,3.84,8.84,158,66,13.8,Medium,No,Severe,1
TXN00014,U00014,32,Male,4.09,1.74,1.35,3.74,5.54,76,16,4.77,High,Yes,None,0
TXN00015,U00015,19,Male,10.74,0.89,0.95,4.18,5.46,53,161,12.68,Low,No,Severe,1
TXN00016,U00016,21,Male,3.87,2.87,1.69,3.07,7.78,192,180,4.62,Medium,No,None,0
TXN00017,U00017,24,Other,4.71,2.97,1.69,2.03,5.62,39,128,7.23,High,Yes,None,0
TXN00018,U00018,35,Female,10.52,5.83,3.71,5.17,5.25,144,138,11.55,Medium,Yes,Moderate,1
TXN00019,U00019,18,Female,11.87,1.96,3.14,3.0,6.4,207,157,14.02,Medium,Yes,Moderate,1
TXN00020,U00020,24,Other,11.72,3.69,2.17,4.61,4.76,169,137,13.48,High,Yes,Moderate,1
TXN00021,U00021,20,Female,10.66,0.88,0.27,5.24,6.32,247,160,11.78,High,Yes,Moderate,1
TXN00022,U00022,34,Female,5.85,1.93,2.68,2.23,5.7,53,180,7.1,Medium,Yes,None,0
TXN00023,U00023,21,Other,3.66,1.67,1.06,5.63,8.46,245,77,5.08,Low,No,Mild,0
TXN00024,U00024,34,Female,3.07,4.99,1.2,4.15,8.73,54,82,3.86,Low,Yes,Severe,1
TXN00025,U00025,24,Male,9.46,1.62,2.54,1.95,6.7,236,28,10.19,Medium,No,Moderate,1
TXN00026,U00026,28,Female,9.94,4.0,1.05,4.58,6.98,129,158,10.46,Low,Yes,Moderate,1
TXN00027,U00027,35,Female,4.33,1.2,1.23,5.44,8.08,240,25,7.08,Low,Yes,None,0
TXN00028,U00028,35,Male,10.96,2.74,2.48,1.35,8.68,241,56,13.9,Low,No,Moderate,1
TXN00029,U00029,28,Male,10.04,2.76,2.68,4.54,5.62,60,42,11.5,Low,No,Moderate,1
TXN00030,U00030,32,Other,6.15,5.01,3.49,1.73,7.47,122,99,7.35,Low,No,Severe,1
TXN00031,U00031,34,Other,6.6,5.9,2.14,5.67,5.02,86,60,8.55,Medium,Yes,Moderate,1
TXN00032,U00032,31,Other,6.11,4.83,1.75,5.91,5.02,250,162,7.09,Low,No,Moderate,1
TXN00033,U00033,35,Other,9.18,5.67,2.95,1.58,6.44,190,99,11.24,High,Yes,Severe,1
TXN00034,U00034,27,Other,9.0,2.29,2.79,3.55,5.36,190,112,11.19,Low,No,Severe,1
TXN00035,U00035,18,Other,5.73,1.66,3.14,3.84,5.95,133,128,7.92,High,No,None,0
TXN00036,U00036,20,Male,5.55,4.15,2.48,1.01,8.78,80,94,6.61,Low,Yes,Moderate,1
TXN00037,U00037,25,Male,11.86,3.86,3.07,3.0,8.49,167,64,14.16,Medium,No,Severe,1
TXN00038,U00038,22,Other,8.9,0.53,3.0,4.74,4.98,128,71,9.84,High,No,Moderate,1
TXN00039,U00039,25,Male,11.26,1.17,0.53,3.06,6.89,163,167,12.55,Medium,No,Severe,1
TXN00040,U00040,33,Male,7.05,4.63,3.36,2.03,8.0,144,175,8.15,Medium,Yes,Severe,1
TXN00041,U00041,26,Female,6.02,5.41,0.32,1.33,6.22,59,69,6.68,Medium,No,Severe,1
TXN00042,U00042,19,Female,4.86,2.81,3.62,3.71,7.63,239,162,6.31,Low,No,Mild,0
TXN00043,U00043,31,Other,7.84,4.54,3.2,5.44,6.7,89,126,9.55,Medium,No,Severe,1
TXN00044,U00044,23,Female,10.56,5.56,3.92,3.44,8.58,171,159,12.72,Low,No,Moderate,1
TXN00045,U00045,23,Female,3.45,2.59,0.85,2.3,7.93,117,86,5.83,Medium,No,None,0
TXN00046,U00046,18,Other,9.74,0.79,3.81,1.73,4.81,186,25,12.13,Low,Yes,Moderate,1
TXN00047,U00047,22,Female,5.15,3.1,0.46,5.71,6.59,85,109,6.07,High,Yes,None,0
TXN00048,U00048,21,Other,8.21,5.61,2.3,5.49,6.19,203,65,8.9,High,Yes,Moderate,1
TXN00049,U00049,27,Male,10.65,3.8,0.48,5.91,8.02,108,151,12.22,Medium,Yes,Severe,1
TXN00050,U00050,31,Female,10.4,1.08,3.84,4.0,8.23,201,54,11.99,High,No,Severe,1
TXN00051,U00051,31,Male,10.43,3.76,1.29,1.85,8.71,91,130,11.54,Medium,No,Severe,1
TXN00052,U00052,33,Male,10.66,1.5,0.85,4.89,6.03,245,167,12.91,Medium,Yes,Moderate,1
TXN00053,U00053,25,Female,9.48,3.19,3.03,4.3,7.41,145,129,11.96,Low,No,Moderate,1
TXN00054,U00054,25,Female,5.76,3.7,1.89,3.42,6.41,210,155,7.09,High,No,Mild,0
TXN00055,U00055,26,Other,5.07,4.47,1.26,4.59,8.78,196,62,6.05,High,No,Severe,1
TXN00056,U00056,34,Male,8.37,5.89,3.33,2.13,6.12,97,18,10.64,Low,No,Moderate,1
TXN00057,U00057,35,Male,5.63,5.69,2.55,4.64,4.96,23,161,6.84,Medium,No,Severe,1
TXN00058,U00058,19,Male,5.27,5.24,0.46,0.86,6.71,167,176,7.49,Low,Yes,Severe,1
TXN00059,U00059,25,Female,4.07,4.7,2.43,4.85,5.52,153,112,5.7,Medium,No,Severe,1
TXN00060,U00060,19,Male,8.49,4.57,3.79,1.64,5.45,189,35,9.38,Low,Yes,Moderate,1
TXN00061,U00061,31,Female,7.05,3.77,1.17,1.77,7.68,199,131,7.73,Low,No,Mild,0
TXN00062,U00062,21,Male,7.9,4.06,3.63,5.05,4.82,62,93,9.89,High,No,Severe,1
TXN00063,U00063,32,Male,9.2,4.35,3.77,3.25,6.72,40,168,9.8,Medium,No,Severe,1
TXN00064,U00064,20,Female,5.06,4.21,3.44,3.73,4.59,215,83,7.0,Low,No,Severe,1
TXN00065,U00065,23,Female,11.97,2.9,3.26,5.83,6.62,124,100,13.27,Low,Yes,Severe,1
TXN00066,U00066,33,Female,5.59,5.7,3.25,3.53,6.55,100,79,6.9,Medium,Yes,Severe,1
TXN00067,U00067,19,Male,4.69,2.49,3.03,3.94,7.92,72,83,6.56,Medium,No,Mild,0
TXN00068,U00068,18,Other,11.76,3.85,0.96,1.37,6.98,161,119,12.49,Low,No,Moderate,1
TXN00069,U00069,22,Other,7.49,4.44,2.04,2.0,8.26,140,77,9.13,Low,No,Moderate,1
TXN00070,U00070,34,Other,9.72,1.25,0.28,4.75,8.34,107,144,10.89,Low,No,Severe,1
TXN00071,U00071,33,Male,10.79,2.96,1.94,2.33,7.93,116,131,13.62,Low,Yes,Severe,1
TXN00072,U00072,31,Male,3.39,4.6,2.82,4.96,6.24,189,53,5.13,Low,Yes,Severe,1
TXN00073,U00073,32,Other,3.9,5.51,0.06,1.29,8.42,59,34,5.57,Medium,No,Severe,1
TXN00074,U00074,20,Other,10.67,5.19,3.44,2.59,5.92,203,139,13.35,Low,Yes,Moderate,1
TXN00075,U00075,27,Male,11.98,4.61,1.74,1.04,7.35,243,40,13.59,High,No,Moderate,1
TXN00076,U00076,28,Female,10.17,2.11,1.5,1.3,6.89,164,61,11.09,Low,No,Moderate,1
TXN00077,U00077,22,Female,5.09,4.01,1.84,4.17,8.55,139,88,7.28,Low,Yes,Severe,1
TXN00078,U00078,27,Other,8.75,2.83,1.0,5.15,5.4,118,138,9.52,Medium,No,Severe,1
TXN00079,U00079,27,Male,3.2,5.07,1.58,0.54,8.39,219,27,5.98,High,No,Severe,1
TXN00080,U00080,29,Female,4.97,1.55,1.0,4.66,7.95,194,50,7.04,High,Yes,Mild,0
TXN00081,U00081,19,Male,8.22,4.53,0.36,2.12,7.86,64,66,9.05,High,No,Severe,1
TXN00082,U00082,26,Other,11.23,5.69,3.87,2.12,8.42,225,44,12.9,Low,Yes,Moderate,1
TXN00083,U00083,30,Other,11.71,4.93,1.46,4.85,4.56,157,46,13.35,High,No,Severe,1
TXN00084,U00084,29,Other,3.98,1.79,0.1,5.36,7.03,176,71,6.1,High,No,Mild,0
TXN00085,U00085,31,Other,4.05,0.75,0.15,5.98,5.02,80,152,4.89,Medium,No,Mild,0
TXN00086,U00086,22,Male,10.97,4.1,3.33,3.89,8.73,91,23,13.2,Low,No,Severe,1
TXN00087,U00087,29,Other,3.89,4.27,2.18,5.88,6.11,121,85,4.86,Low,No,Moderate,1
TXN00088,U00088,24,Male,8.78,3.78,0.09,4.83,5.6,52,159,9.79,High,Yes,Moderate,1
TXN00089,U00089,28,Male,9.97,4.84,2.38,2.03,8.93,53,153,11.1,Low,Yes,Moderate,1
TXN00090,U00090,18,Female,6.22,4.84,2.36,0.59,5.69,52,122,8.04,High,Yes,Severe,1
TXN00091,U00091,29,Female,7.62,1.1,2.02,5.7,4.7,220,148,8.87,High,Yes,Mild,0
TXN00092,U00092,30,Female,6.84,1.09,2.85,2.94,8.55,102,170,7.71,Low,No,Moderate,1
TXN00093,U00093,34,Male,5.65,3.28,1.72,4.86,5.01,187,156,7.95,Low,No,Mild,0
TXN00094,U00094,31,Male,6.05,2.99,1.66,1.02,6.42,190,80,7.49,Low,No,Mild,0
TXN00095,U00095,20,Female,3.84,1.03,2.96,4.96,7.0,170,158,5.74,High,Yes,Mild,0
TXN00096,U00096,31,Male,10.81,4.47,3.87,3.8,6.08,167,144,11.84,High,No,Moderate,1
TXN00097,U00097,29,Male,10.61,2.52,3.05,3.66,8.13,236,158,13.55,High,Yes,Severe,1
TXN00098,U00098,23,Male,5.46,4.69,3.69,2.43,5.32,56,159,7.6,Low,Yes,Moderate,1
TXN00099,U00099,34,Other,4.94,2.81,1.36,2.54,7.75,218,160,6.93,Low,Yes,None,0
TXN00100,U00100,19,Male,9.07,2.0,2.65,3.17,6.49,89,70,11.46,Low,No,Severe,1
TXN00101,U00101,27,Female,9.1,3.76,2.11,2.2,5.49,173,29,9.62,Medium,Yes,Moderate,1
TXN00102,U00102,27,Female,5.95,0.54,2.99,1.47,6.21,200,73,7.7,High,No,None,0
TXN00103,U00103,19,Female,6.93,3.03,0.31,2.22,6.43,123,178,8.47,Low,No,Mild,0
TXN00104,U00104,23,Female,10.21,3.9,3.33,5.56,4.9,236,42,11.32,High,No,Moderate,1
TXN00105,U00105,27,Male,9.71,1.72,3.12,0.92,7.35,155,145,10.69,Medium,No,Moderate,1
TXN00106,U00106,21,Other,4.32,1.58,2.41,4.68,7.45,65,175,6.06,High,No,Mild,0
TXN00107,U00107,28,Male,4.36,0.88,1.77,2.17,5.74,34,105,6.13,Medium,No,Mild,0
TXN00108,U00108,19,Other,6.32,2.08,2.58,5.88,4.91,172,144,7.78,High,Yes,Moderate,1
TXN00109,U00109,24,Male,5.89,3.12,0.6,0.84,4.97,250,102,8.85,Low,Yes,None,0
TXN00110,U00110,32,Male,11.92,3.38,2.44,2.5,8.63,119,119,14.36,High,Yes,Severe,1
TXN00111,U00111,28,Female,3.85,4.23,1.14,4.48,7.45,174,53,5.18,High,Yes,Severe,1
TXN00112,U00112,30,Other,4.16,4.4,0.34,3.57,7.4,104,47,6.34,High,Yes,Severe,1
TXN00113,U00113,29,Male,3.16,2.2,3.8,2.38,7.95,69,72,6.16,Low,Yes,Mild,0
TXN00114,U00114,34,Male,9.94,5.09,3.53,0.71,6.02,216,173,10.77,Medium,Yes,Moderate,1
TXN00115,U00115,23,Female,9.49,0.74,1.46,4.46,8.86,176,87,11.87,Medium,Yes,Moderate,1
TXN00116,U00116,33,Male,11.14,1.57,2.71,3.64,6.48,216,87,13.59,High,No,Moderate,1
TXN00117,U00117,22,Female,10.86,0.79,1.92,2.54,8.7,202,147,13.49,Medium,Yes,Moderate,1
TXN00118,U00118,32,Other,11.15,1.31,1.75,5.71,5.5,135,104,13.98,Medium,Yes,Severe,1
TXN00119,U00119,29,Female,5.12,5.97,1.5,0.66,8.69,234,100,7.6,Low,Yes,Severe,1
TXN00120,U00120,22,Female,9.83,3.08,2.46,5.48,4.59,75,53,11.7,High,No,Moderate,1
TXN00121,U00121,25,Female,5.71,0.76,1.68,4.87,6.56,48,142,7.7,Low,Yes,None,0
TXN00122,U00122,31,Female,3.01,2.44,2.28,1.53,7.51,154,107,3.68,High,Yes,Mild,0
TXN00123,U00123,19,Male,8.72,5.9,1.01,0.59,8.05,108,76,11.05,High,Yes,Severe,1
TXN00124,U00124,19,Male,6.17,2.36,2.57,5.07,7.58,198,137,8.25,Low,Yes,Moderate,1
TXN00125,U00125,27,Female,4.81,4.85,3.54,2.24,5.9,121,154,6.49,Low,Yes,Severe,1
TXN00126,U00126,19,Female,10.79,2.33,0.5,2.52,8.5,210,127,13.53,Medium,No,Moderate,1
TXN00127,U00127,33,Male,6.31,4.89,1.07,0.95,6.41,130,169,9.3,Low,No,Severe,1
TXN00128,U00128,20,Female,5.95,2.13,1.78,4.45,5.25,133,104,7.57,High,No,Mild,0
TXN00129,U00129,19,Male,3.68,4.01,1.45,4.91,7.56,27,51,6.3,High,No,Moderate,1
TXN00130,U00130,20,Other,5.12,4.05,1.45,5.72,4.65,59,130,7.99,Medium,No,Moderate,1
TXN00131,U00131,22,Female,7.77,2.69,2.6,1.87,5.01,208,62,9.52,Medium,Yes,Moderate,1
TXN00132,U00132,32,Other,4.93,3.87,2.78,5.99,5.4,54,33,6.56,High,No,None,0
TXN00133,U00133,28,Male,9.01,4.4,2.2,2.1,5.85,60,178,9.95,Medium,Yes,Moderate,1
TXN00134,U00134,22,Female,5.13,3.22,1.44,3.65,6.6,161,48,7.16,Low,Yes,Mild,0
TXN00135,U00135,33,Other,7.73,4.73,3.29,0.91,8.88,184,33,9.35,High,No,Moderate,1
TXN00136,U00136,23,Female,9.91,1.21,2.01,5.28,8.24,152,54,11.17,Low,No,Moderate,1
TXN00137,U00137,34,Other,11.05,5.15,1.0,3.99,6.98,52,175,12.31,High,Yes,Moderate,1
TXN00138,U00138,22,Other,4.54,3.93,3.61,2.36,8.66,30,22,5.24,High,No,None,0
TXN00139,U00139,31,Female,8.56,0.67,3.56,3.5,7.39,97,138,9.67,High,No,Severe,1
TXN00140,U00140,20,Male,9.2,1.37,1.66,3.05,6.03,56,95,11.85,Medium,No,Severe,1
TXN00141,U00141,29,Male,7.63,1.08,0.97,1.17,6.52,56,39,8.26,Medium,No,Mild,0
TXN00142,U00142,28,Female,11.4,4.47,0.76,1.38,8.98,139,142,14.1,Medium,Yes,Moderate,1
TXN00143,U00143,34,Male,7.12,1.82,2.33,0.77,5.77,172,135,8.33,Low,Yes,Moderate,1
TXN00144,U00144,26,Other,9.55,4.7,1.46,2.7,7.07,69,107,11.43,Low,No,Severe,1
TXN00145,U00145,26,Other,10.43,3.93,2.44,1.21,4.94,115,101,12.32,Medium,Yes,Moderate,1
TXN00146,U00146,34,Other,6.61,0.72,0.16,4.42,8.12,152,131,7.48,High,Yes,Moderate,1
TXN00147,U00147,28,Male,4.46,5.95,2.96,2.15,6.01,232,145,6.29,High,No,Severe,1
TXN00148,U00148,29,Other,5.98,1.1,1.67,2.19,8.54,243,176,6.55,Medium,No,None,0
TXN00149,U00149,19,Male,8.25,1.44,2.52,3.91,8.29,57,77,8.83,High,Yes,Moderate,1
TXN00150,U00150,32,Other,5.82,1.33,2.76,2.76,7.99,140,30,8.08,High,Yes,Mild,0
TXN00151,U00151,33,Male,7.73,2.23,0.69,5.52,6.04,110,179,10.24,Medium,No,Mild,0
TXN00152,U00152,26,Male,8.02,1.74,3.89,2.14,5.8,73,140,9.31,Medium,No,Severe,1
TXN00153,U00153,35,Female,6.42,5.89,3.27,5.75,8.12,94,25,7.64,High,Yes,Severe,1
TXN00154,U00154,26,Male,9.73,1.68,3.31,1.99,7.03,89,50,10.5,High,Yes,Moderate,1
TXN00155,U00155,34,Other,5.03,1.78,0.4,2.32,6.63,194,50,5.54,High,Yes,Mild,0
TXN00156,U00156,33,Female,7.3,1.6,3.86,2.27,7.41,216,37,9.43,Low,Yes,Mild,0
TXN00157,U00157,23,Female,11.41,0.7,3.34,4.83,5.34,211,89,14.1,Low,No,Moderate,1
TXN00158,U00158,27,Other,7.09,4.03,2.1,5.39,5.1,149,134,8.27,Low,No,Moderate,1
TXN00159,U00159,32,Other,8.83,4.45,0.06,2.35,5.83,192,64,9.77,High,No,Severe,1
TXN00160,U00160,28,Female,3.78,4.18,0.74,1.27,5.96,83,16,4.93,Low,No,Severe,1
TXN00161,U00161,27,Other,8.24,3.65,1.05,2.48,5.56,190,45,9.9,Low,No,Severe,1
TXN00162,U00162,21,Other,8.75,5.67,1.47,1.71,8.81,142,54,10.39,High,No,Severe,1
TXN00163,U00163,35,Male,11.22,4.67,3.21,5.04,7.93,194,167,13.9,Low,No,Severe,1
TXN00164,U00164,21,Male,3.56,3.51,2.02,3.65,5.17,103,148,5.16,High,Yes,Mild,0
TXN00165,U00165,34,Female,7.01,0.81,0.53,2.78,7.04,163,133,9.19,Medium,Yes,Moderate,1
TXN00166,U00166,18,Female,9.71,3.68,0.18,2.39,4.79,35,32,12.68,Medium,Yes,Severe,1
TXN00167,U00167,23,Other,9.92,4.71,3.91,4.05,6.39,248,112,11.54,Medium,No,Moderate,1
TXN00168,U00168,35,Other,4.2,5.23,0.47,5.96,6.27,52,72,6.79,Low,No,Severe,1
TXN00169,U00169,35,Male,6.82,2.59,0.92,3.03,5.2,68,43,7.4,High,No,Mild,0
TXN00170,U00170,24,Male,3.61,3.77,1.79,4.2,8.42,82,26,5.12,Low,Yes,None,0
TXN00171,U00171,34,Female,11.94,1.79,3.67,3.67,7.1,217,97,13.03,Low,Yes,Severe,1
TXN00172,U00172,26,Other,3.55,5.72,3.52,5.51,7.32,129,157,5.29,Medium,No,Severe,1
TXN00173,U00173,31,Other,6.67,2.15,0.74,3.46,5.58,77,91,9.31,Low,No,Mild,0
TXN00174,U00174,31,Male,11.71,3.57,0.54,1.84,5.42,185,35,14.52,Medium,Yes,Moderate,1
TXN00175,U00175,26,Male,6.39,3.83,0.16,0.9,8.12,170,158,7.43,Low,No,Moderate,1
TXN00176,U00176,24,Female,11.43,5.79,0.47,6.0,6.66,82,169,13.69,Medium,Yes,Severe,1
TXN00177,U00177,30,Male,7.2,4.07,1.23,2.48,8.47,139,40,9.71,High,No,Severe,1
TXN00178,U00178,29,Male,5.82,0.75,3.46,4.58,4.57,161,164,7.77,Medium,No,None,0
TXN00179,U00179,28,Male,5.07,3.63,0.98,3.53,8.75,106,80,7.48,Medium,No,Mild,0
TXN00180,U00180,29,Female,4.52,4.46,1.95,5.54,6.94,184,30,6.33,Low,Yes,Moderate,1
TXN00181,U00181,22,Male,10.58,1.77,2.83,0.55,6.78,115,30,12.62,High,No,Severe,1
TXN00182,U00182,18,Male,7.79,2.76,0.07,4.47,6.91,93,19,9.55,High,No,Mild,0
TXN00183,U00183,21,Other,7.72,1.83,2.48,1.89,6.09,223,116,8.42,Medium,No,Mild,0
TXN00184,U00184,25,Other,5.7,5.05,0.32,5.95,7.42,28,38,7.21,Medium,No,Moderate,1
TXN00185,U00185,18,Other,9.33,0.95,3.38,4.05,5.99,239,39,12.07,Low,Yes,Moderate,1
TXN00186,U00186,33,Other,5.44,5.58,2.74,2.04,6.94,188,23,6.39,Medium,Yes,Moderate,1
TXN00187,U00187,22,Other,9.77,4.42,1.59,0.92,5.23,81,160,12.36,Medium,No,Severe,1
TXN00188,U00188,22,Female,10.11,4.29,0.31,4.6,6.06,45,126,11.19,Low,No,Severe,1
TXN00189,U00189,18,Other,8.71,4.81,1.8,1.75,6.99,116,125,9.67,High,No,Moderate,1
TXN00190,U00190,27,Male,10.18,4.42,0.33,1.35,7.7,182,54,12.53,Medium,No,Moderate,1
TXN00191,U00191,18,Male,11.49,2.95,3.05,1.06,4.89,130,129,13.38,High,No,Moderate,1
TXN00192,U00192,20,Other,6.19,1.01,2.39,2.28,6.23,94,120,7.66,Low,Yes,Mild,0
TXN00193,U00193,30,Male,4.53,1.98,1.07,1.3,5.25,90,122,5.78,Low,No,Mild,0
TXN00194,U00194,33,Female,8.34,1.58,0.43,2.18,8.77,105,173,9.79,Medium,No,Severe,1
TXN00195,U00195,22,Female,5.7,3.82,2.78,3.13,5.3,121,96,6.93,High,No,None,0
TXN00196,U00196,30,Other,5.52,4.82,1.46,5.63,5.4,159,61,7.72,High,Yes,Severe,1
TXN00197,U00197,24,Other,6.95,2.1,2.77,5.0,8.08,124,142,7.8,Medium,Yes,Moderate,1
TXN00198,U00198,22,Female,9.44,4.84,0.3,5.95,6.66,122,151,11.21,High,No,Moderate,1
TXN00199,U00199,35,Female,8.34,5.53,0.44,1.87,7.49,62,180,10.37,High,No,Severe,1
TXN00200,U00200,21,Female,3.09,1.92,2.04,3.35,7.11,167,71,4.7,Medium,No,None,0
TXN00201,U00201,18,Other,7.34,2.12,3.68,0.97,8.24,206,51,8.71,Medium,No,Mild,0
TXN00202,U00202,33,Other,6.13,1.04,2.89,2.99,4.8,31,44,6.69,Medium,Yes,Mild,0
TXN00203,U00203,25,Male,7.64,3.54,1.32,2.85,6.58,224,118,9.71,Low,No,Moderate,1
TXN00204,U00204,24,Female,7.05,2.86,0.02,1.68,5.75,200,31,8.99,High,Yes,Moderate,1
TXN00205,U00205,24,Female,7.12,1.94,3.45,3.4,7.38,172,114,9.15,High,Yes,Moderate,1
TXN00206,U00206,32,Male,8.56,4.98,2.82,2.14,7.27,41,49,9.84,Low,No,Moderate,1
TXN00207,U00207,29,Female,9.24,3.31,1.67,1.26,6.23,67,139,11.33,High,Yes,Moderate,1
TXN00208,U00208,27,Other,4.26,2.23,1.8,0.79,6.12,22,139,5.1,Medium,No,Mild,0
TXN00209,U00209,33,Male,6.74,5.12,1.95,0.95,4.64,214,71,7.97,Medium,Yes,Severe,1
TXN00210,U00210,32,Other,8.09,4.75,1.98,3.31,7.08,88,154,10.65,Medium,Yes,Severe,1
TXN00211,U00211,24,Male,11.91,1.06,3.32,4.63,5.84,28,130,13.07,Low,No,Moderate,1
TXN00212,U00212,24,Other,10.3,3.73,1.4,4.41,7.35,62,172,11.15,Low,Yes,Moderate,1
TXN00213,U00213,29,Female,7.79,3.78,0.67,5.88,5.82,166,83,10.67,High,Yes,Mild,0
TXN00214,U00214,19,Male,11.93,5.27,0.51,5.26,5.62,202,97,14.5,High,No,Severe,1
TXN00215,U00215,26,Female,8.65,2.56,0.3,4.87,7.96,123,146,11.02,High,No,Severe,1
TXN00216,U00216,28,Female,8.24,5.28,3.39,1.01,8.87,182,106,10.87,High,No,Moderate,1
TXN00217,U00217,24,Male,7.45,2.28,1.13,3.51,5.09,238,139,9.92,High,Yes,Mild,0
TXN00218,U00218,32,Female,3.15,5.61,0.63,3.01,8.96,129,66,6.14,Low,No,Moderate,1
TXN00219,U00219,20,Other,8.89,1.88,1.49,5.47,5.24,121,175,10.15,High,Yes,Severe,1
TXN00220,U00220,20,Female,9.33,0.51,1.91,1.23,5.52,194,128,9.85,High,No,Moderate,1
TXN00221,U00221,22,Other,7.3,1.76,0.36,4.93,4.96,114,91,8.14,Low,Yes,Mild,0
TXN00222,U00222,18,Male,8.49,1.4,1.4,1.67,7.87,125,172,10.71,Low,Yes,Moderate,1
TXN00223,U00223,21,Other,8.31,2.61,3.85,2.23,5.13,90,180,9.02,High,No,Moderate,1
TXN00224,U00224,27,Other,4.85,3.84,0.75,2.65,7.41,220,76,6.59,Low,Yes,Mild,0
TXN00225,U00225,20,Male,7.75,5.88,3.95,5.64,5.09,240,160,9.3,High,Yes,Severe,1
TXN00226,U00226,18,Other,8.29,0.58,0.86,5.57,8.77,121,144,9.51,High,No,Severe,1
TXN00227,U00227,30,Other,3.74,3.45,2.46,2.03,5.89,150,67,6.68,Low,No,Mild,0
TXN00228,U00228,20,Other,5.79,2.91,3.81,1.81,5.6,131,44,7.42,High,Yes,Mild,0
TXN00229,U00229,23,Female,4.07,4.39,2.81,1.4,8.79,153,147,6.53,High,No,Moderate,1
TXN00230,U00230,22,Female,9.75,5.3,2.93,1.15,8.55,105,124,10.93,Low,No,Moderate,1
TXN00231,U00231,32,Other,7.6,0.8,3.44,1.42,5.21,217,41,10.34,High,Yes,Mild,0
TXN00232,U00232,34,Female,3.02,5.22,0.05,0.75,6.14,58,60,5.85,Low,No,Moderate,1
TXN00233,U00233,25,Male,6.75,4.46,1.09,0.93,6.18,148,28,7.7,High,Yes,Severe,1
TXN00234,U00234,32,Female,10.79,4.75,1.24,0.98,6.56,114,66,12.02,Medium,Yes,Severe,1
TXN00235,U00235,33,Other,11.98,4.77,2.93,3.51,8.08,58,16,14.81,Low,Yes,Severe,1
TXN00236,U00236,18,Male,11.56,0.51,2.63,5.17,7.77,46,67,13.38,Low,No,Severe,1
TXN00237,U00237,22,Other,9.4,1.01,3.69,5.44,6.84,199,110,11.05,High,Yes,Moderate,1
TXN00238,U00238,22,Female,8.73,2.67,2.37,0.84,7.48,53,75,9.96,Medium,No,Severe,1
TXN00239,U00239,32,Male,5.45,0.91,0.81,4.79,7.13,59,42,6.36,Medium,No,Mild,0
TXN00240,U00240,35,Female,6.22,4.74,1.81,3.05,8.34,43,55,8.74,Medium,Yes,Moderate,1
TXN00241,U00241,22,Male,3.82,1.87,1.42,3.32,7.55,86,59,4.4,Medium,No,None,0
TXN00242,U00242,32,Other,3.92,4.87,0.49,0.84,8.01,76,48,4.92,Medium,No,Moderate,1
TXN00243,U00243,26,Female,11.26,0.91,3.99,1.59,7.41,227,47,11.99,Medium,Yes,Moderate,1
TXN00244,U00244,19,Female,4.51,3.66,3.29,2.67,4.63,194,124,5.44,Low,Yes,Mild,0
TXN00245,U00245,32,Male,10.95,0.69,2.48,1.85,5.83,125,155,12.65,Low,No,Severe,1
TXN00246,U00246,31,Other,4.8,5.37,2.1,3.97,8.11,223,19,7.77,High,No,Severe,1
TXN00247,U00247,33,Other,6.1,3.61,1.29,1.99,4.62,172,71,6.67,Medium,Yes,Moderate,1
TXN00248,U00248,29,Other,9.9,6.0,3.9,1.05,7.46,88,151,12.44,High,Yes,Moderate,1
TXN00249,U00249,30,Other,6.19,5.12,3.38,1.47,7.17,226,106,8.97,Low,No,Moderate,1
TXN00250,U00250,24,Other,10.53,4.96,3.88,3.48,5.29,29,38,11.17,High,Yes,Moderate,1
TXN00251,U00251,33,Other,3.01,5.55,0.81,1.22,7.73,225,97,3.66,Low,Yes,Moderate,1
TXN00252,U00252,29,Other,11.65,2.55,3.77,2.68,4.95,97,97,12.49,Low,No,Severe,1
TXN00253,U00253,28,Male,4.57,5.83,2.77,5.61,8.04,77,165,7.11,Medium,No,Severe,1
TXN00254,U00254,23,Female,9.56,5.72,3.79,2.65,8.97,165,23,10.52,Medium,Yes,Moderate,1
TXN00255,U00255,22,Female,5.98,0.93,1.39,2.26,7.36,42,178,8.3,Medium,No,None,0
TXN00256,U00256,24,Female,5.25,0.87,1.03,1.09,4.51,118,127,7.58,Low,No,Mild,0
TXN00257,U00257,29,Male,7.91,1.06,1.92,5.25,7.43,195,72,8.82,Low,Yes,Moderate,1
TXN00258,U00258,28,Other,5.35,1.08,1.37,5.38,5.22,39,155,8.2,Low,No,Mild,0
TXN00259,U00259,18,Female,6.88,4.09,2.43,2.89,4.74,104,67,9.82,Medium,No,Severe,1
TXN00260,U00260,25,Male,3.86,2.66,2.2,3.2,4.75,20,124,4.58,High,No,None,0
TXN00261,U00261,18,Other,4.86,4.01,3.91,3.1,5.02,220,116,6.54,High,No,Moderate,1
TXN00262,U00262,35,Other,6.49,2.54,1.53,1.53,4.7,132,134,7.65,Medium,Yes,Mild,0
TXN00263,U00263,21,Other,3.77,2.39,2.17,5.84,7.15,161,30,6.37,High,No,Mild,0
TXN00264,U00264,25,Female,7.29,0.93,3.61,4.43,6.76,250,147,9.79,High,Yes,Mild,0
TXN00265,U00265,23,Female,11.54,1.42,0.85,1.56,4.69,40,126,12.54,High,Yes,Severe,1
TXN00266,U00266,20,Female,3.78,3.56,2.21,5.21,6.84,243,18,6.25,High,No,None,0
TXN00267,U00267,22,Female,4.33,3.73,3.03,5.67,8.66,164,40,6.79,High,No,Mild,0
TXN00268,U00268,30,Female,8.89,3.65,1.89,1.45,6.31,178,170,11.09,Medium,Yes,Severe,1
TXN00269,U00269,25,Male,3.44,3.11,1.07,2.55,6.02,223,92,4.72,Medium,Yes,None,0
TXN00270,U00270,27,Other,11.77,2.94,3.3,1.98,6.38,185,37,12.74,Low,No,Severe,1
TXN00271,U00271,29,Male,10.39,3.33,0.64,2.21,6.78,54,149,13.09,Low,Yes,Moderate,1
TXN00272,U00272,19,Male,5.25,3.01,3.67,4.38,5.73,230,133,7.01,High,Yes,None,0
TXN00273,U00273,29,Male,7.4,2.95,3.84,3.11,6.98,108,56,9.99,Medium,Yes,Moderate,1
TXN00274,U00274,30,Female,3.45,5.2,3.12,1.68,5.5,77,67,4.62,Medium,Yes,Moderate,1
TXN00275,U00275,22,Female,8.83,3.81,0.03,1.89,8.12,98,179,10.02,Medium,No,Severe,1
TXN00276,U00276,24,Other,7.2,4.22,3.3,2.68,4.96,150,110,9.1,High,No,Severe,1
TXN00277,U00277,21,Other,7.34,2.35,1.11,2.29,5.75,187,91,8.31,High,Yes,Mild,0
TXN00278,U00278,30,Female,8.94,4.24,2.89,4.1,8.99,86,122,10.45,High,Yes,Moderate,1
TXN00279,U00279,25,Male,9.18,4.01,1.9,5.67,6.11,96,58,11.78,High,Yes,Severe,1
TXN00280,U00280,33,Other,4.15,1.92,3.23,4.7,5.32,194,100,6.29,Low,No,None,0
TXN00281,U00281,27,Male,6.78,5.38,1.49,3.72,6.59,50,135,7.41,High,Yes,Severe,1
TXN00282,U00282,34,Male,4.08,4.24,2.12,2.77,8.42,58,50,7.06,Medium,No,Severe,1
TXN00283,U00283,28,Male,10.76,1.49,0.32,2.33,8.94,100,177,11.41,Medium,No,Moderate,1
TXN00284,U00284,23,Other,7.41,4.7,0.35,3.88,7.35,123,124,10.32,Medium,Yes,Moderate,1
TXN00285,U00285,24,Female,9.58,5.73,3.57,4.66,6.89,24,16,11.65,Low,Yes,Severe,1
TXN00286,U00286,22,Other,3.92,3.27,1.22,0.86,4.71,94,131,6.24,High,No,Mild,0
TXN00287,U00287,22,Other,6.08,5.46,1.44,1.54,8.77,227,118,6.63,Low,Yes,Moderate,1
TXN00288,U00288,18,Other,8.31,1.43,1.47,4.08,4.67,244,178,9.45,High,Yes,Moderate,1
TXN00289,U00289,21,Female,8.88,0.61,2.76,2.79,6.21,160,79,10.57,Low,Yes,Moderate,1
TXN00290,U00290,31,Male,8.95,4.14,1.08,3.83,5.12,232,41,10.73,High,Yes,Severe,1
TXN00291,U00291,21,Other,7.48,3.85,3.11,5.07,8.88,111,119,8.72,Low,No,Mild,0
TXN00292,U00292,33,Female,5.98,0.52,2.69,5.49,8.26,191,141,6.85,Low,Yes,None,0
TXN00293,U00293,25,Other,7.11,5.88,1.06,0.78,8.16,243,25,9.74,Medium,No,Severe,1
TXN00294,U00294,21,Female,3.85,4.67,0.18,5.19,7.49,63,99,5.24,Medium,No,Moderate,1
TXN00295,U00295,28,Male,4.65,2.7,3.85,2.0,6.24,237,137,7.15,High,Yes,None,0
TXN00296,U00296,19,Other,11.83,5.14,0.41,5.51,6.67,165,127,12.78,Medium,No,Moderate,1
TXN00297,U00297,22,Other,7.35,3.18,3.55,2.92,4.79,187,95,7.88,High,Yes,Moderate,1
TXN00298,U00298,34,Other,9.19,3.9,1.73,4.5,6.67,189,179,10.65,High,Yes,Moderate,1
TXN00299,U00299,23,Other,7.55,3.08,1.98,1.41,7.88,102,76,8.88,Medium,Yes,Mild,0
TXN00300,U00300,30,Male,6.63,1.79,1.84,4.91,6.52,239,142,8.25,Low,No,Mild,0
TXN00301,U00301,30,Female,6.71,3.56,0.0,1.0,7.22,178,178,7.97,High,Yes,Moderate,1
TXN00302,U00302,29,Male,10.43,4.99,3.38,2.33,7.95,173,136,12.72,Medium,No,Moderate,1
TXN00303,U00303,25,Other,3.02,2.45,2.53,4.9,6.96,115,42,3.63,Low,No,None,0
TXN00304,U00304,31,Other,3.96,3.86,0.75,5.62,6.27,137,63,6.25,Low,No,None,0
TXN00305,U00305,21,Other,9.95,2.98,2.63,5.76,5.11,147,16,11.78,Low,No,Severe,1
TXN00306,U00306,23,Female,9.23,1.46,3.26,1.07,7.46,175,97,10.99,Medium,No,Moderate,1
TXN00307,U00307,30,Male,11.67,5.84,1.81,1.23,6.36,199,146,12.92,High,No,Moderate,1
TXN00308,U00308,24,Female,8.62,2.1,1.38,4.2,8.92,186,60,10.38,High,No,Moderate,1
TXN00309,U00309,35,Male,7.32,3.64,2.67,2.8,7.87,235,151,8.53,Medium,Yes,Mild,0
TXN00310,U00310,30,Other,4.31,4.19,0.8,4.63,5.22,93,79,5.18,Low,No,Moderate,1
TXN00311,U00311,19,Female,6.23,2.99,2.46,4.22,7.03,77,180,8.13,Low,No,Mild,0
TXN00312,U00312,30,Other,6.75,4.83,2.74,5.81,4.74,210,79,7.76,Medium,Yes,Severe,1
TXN00313,U00313,35,Male,9.65,1.58,2.9,1.56,6.52,194,34,10.62,Low,Yes,Severe,1
TXN00314,U00314,31,Female,5.51,1.95,0.64,5.15,4.53,139,54,6.11,Medium,Yes,Mild,0
TXN00315,U00315,35,Female,6.22,4.81,1.27,1.71,5.33,37,144,7.12,High,No,Moderate,1
TXN00316,U00316,25,Other,10.95,4.15,1.32,2.11,8.78,178,150,12.64,High,Yes,Moderate,1
TXN00317,U00317,29,Other,7.01,5.47,2.45,3.92,8.82,194,97,8.46,Low,No,Severe,1
TXN00318,U00318,27,Other,3.22,3.34,3.08,3.33,6.79,144,26,4.46,High,Yes,Mild,0
TXN00319,U00319,20,Male,11.53,1.42,3.83,3.46,4.53,36,68,13.71,Low,No,Moderate,1
TXN00320,U00320,35,Male,10.46,5.33,2.97,2.89,8.18,38,54,11.02,High,No,Moderate,1
TXN00321,U00321,20,Female,3.49,4.87,2.23,3.66,5.52,86,119,4.96,High,No,Severe,1
TXN00322,U00322,18,Female,6.51,1.15,0.02,4.46,4.78,210,164,7.12,Low,No,Mild,0
TXN00323,U00323,27,Other,8.46,2.05,3.71,2.6,8.2,27,136,9.35,Low,Yes,Severe,1
TXN00324,U00324,27,Male,11.64,1.29,2.71,5.53,8.08,206,180,13.07,Low,Yes,Moderate,1
TXN00325,U00325,18,Male,8.15,2.67,2.19,0.97,5.45,209,103,9.18,High,Yes,Moderate,1
TXN00326,U00326,25,Other,8.55,1.89,0.46,4.19,7.05,33,155,10.2,High,Yes,Severe,1
TXN00327,U00327,20,Female,5.26,1.59,2.32,5.73,6.11,191,75,6.01,High,Yes,None,0
TXN00328,U00328,33,Male,7.06,3.89,1.22,3.71,7.04,113,95,9.96,Low,Yes,Moderate,1
TXN00329,U00329,25,Other,9.41,4.02,1.11,2.48,7.56,104,137,11.07,Medium,No,Severe,1
TXN00330,U00330,21,Male,4.58,3.84,3.37,5.22,5.13,157,65,5.74,High,Yes,None,0
TXN00331,U00331,34,Female,8.68,4.97,2.32,4.73,5.46,29,156,9.83,High,No,Moderate,1
TXN00332,U00332,30,Other,5.01,4.75,2.93,2.1,6.59,150,38,6.5,High,Yes,Moderate,1
TXN00333,U00333,23,Male,9.81,1.27,0.64,3.61,7.05,243,52,12.15,Medium,No,Moderate,1
TXN00334,U00334,33,Other,5.09,1.95,0.94,4.18,6.83,222,107,6.56,Medium,Yes,None,0
TXN00335,U00335,28,Other,3.93,5.83,2.53,2.0,7.84,168,154,5.86,Medium,No,Severe,1
TXN00336,U00336,20,Female,7.65,2.57,3.63,3.34,6.09,242,103,9.37,Medium,Yes,Mild,0
TXN00337,U00337,23,Female,5.07,3.33,1.12,1.33,5.21,174,45,7.22,Medium,No,None,0
TXN00338,U00338,33,Male,7.31,3.75,2.59,2.76,5.6,52,161,9.29,Low,Yes,Mild,0
TXN00339,U00339,23,Female,5.32,1.49,3.83,3.8,7.04,24,87,8.19,Low,No,Mild,0
TXN00340,U00340,23,Other,4.97,2.76,0.57,3.7,7.95,179,145,6.13,High,No,Mild,0
TXN00341,U00341,20,Female,5.07,2.62,0.43,1.61,8.37,149,122,7.64,High,Yes,None,0
TXN00342,U00342,19,Female,10.9,3.42,3.01,1.01,7.47,250,169,12.75,Low,No,Severe,1
TXN00343,U00343,19,Male,9.28,2.86,3.75,3.15,7.96,109,165,11.79,High,Yes,Severe,1
TXN00344,U00344,26,Other,7.29,1.78,3.44,2.06,8.45,124,80,8.26,High,Yes,Mild,0
TXN00345,U00345,18,Other,6.38,1.63,3.22,2.75,4.98,129,164,7.51,High,No,Moderate,1
TXN00346,U00346,26,Other,11.93,2.69,0.81,3.54,7.01,65,109,13.83,Medium,No,Severe,1
TXN00347,U00347,29,Other,9.97,2.69,0.55,5.25,5.04,78,129,12.43,Low,Yes,Moderate,1
TXN00348,U00348,30,Other,10.07,4.9,2.46,4.27,4.73,119,177,10.58,Low,Yes,Severe,1
TXN00349,U00349,31,Other,3.79,1.95,1.48,3.85,7.76,122,172,5.93,Medium,Yes,None,0
TXN00350,U00350,33,Other,6.95,1.61,2.63,4.92,5.79,28,168,8.73,High,Yes,Mild,0
TXN00351,U00351,19,Other,6.24,4.1,3.9,0.98,5.74,122,105,8.41,Medium,Yes,Moderate,1
TXN00352,U00352,20,Other,11.27,3.52,2.9,3.58,7.12,108,85,12.34,Low,No,Severe,1
TXN00353,U00353,18,Female,5.35,2.74,0.43,0.9,5.82,49,146,8.24,High,No,Mild,0
TXN00354,U00354,33,Other,9.93,4.67,3.84,3.02,6.57,170,22,11.63,Medium,Yes,Severe,1
TXN00355,U00355,25,Male,9.09,1.76,1.26,5.75,6.82,22,82,10.21,Low,No,Severe,1
TXN00356,U00356,35,Female,11.38,3.12,1.41,5.42,5.71,211,63,13.13,Low,Yes,Moderate,1
TXN00357,U00357,24,Other,5.06,5.09,3.35,2.46,8.01,50,35,7.25,High,No,Moderate,1
TXN00358,U00358,19,Male,10.63,2.54,1.26,5.44,8.46,167,85,12.36,High,No,Severe,1
TXN00359,U00359,22,Other,3.49,4.9,1.91,3.47,6.76,120,59,5.13,Low,No,Severe,1
TXN00360,U00360,18,Other,3.11,1.66,2.32,2.29,7.26,86,62,4.98,Low,No,Mild,0
TXN00361,U00361,28,Male,6.29,3.24,0.84,4.35,6.18,238,117,7.49,Low,Yes,Mild,0
TXN00362,U00362,26,Female,10.24,3.55,3.43,1.58,8.1,209,53,11.92,Low,Yes,Severe,1
TXN00363,U00363,22,Male,11.96,5.17,2.07,4.46,8.03,96,79,13.87,High,Yes,Severe,1
TXN00364,U00364,23,Male,3.54,4.98,1.91,3.96,6.52,105,81,4.94,High,No,Severe,1
TXN00365,U00365,31,Other,4.09,5.27,3.85,1.59,7.09,186,152,5.03,Medium,No,Severe,1
TXN00366,U00366,34,Other,7.39,4.55,3.56,2.6,5.79,181,52,10.06,High,No,Severe,1
TXN00367,U00367,30,Female,10.64,0.89,0.65,1.76,5.93,94,83,12.65,Medium,No,Severe,1
TXN00368,U00368,34,Male,11.69,2.78,0.74,0.63,7.77,189,79,14.54,High,Yes,Moderate,1
TXN00369,U00369,30,Other,3.93,0.85,3.51,3.52,4.62,121,149,6.34,Low,Yes,Mild,0
TXN00370,U00370,22,Male,3.76,5.62,1.56,1.76,7.82,133,175,4.58,High,Yes,Moderate,1
TXN00371,U00371,29,Other,10.74,2.29,1.9,5.86,6.93,89,155,12.35,High,Yes,Severe,1
TXN00372,U00372,31,Male,7.71,4.02,1.24,2.41,6.93,226,37,9.31,Medium,No,Severe,1
TXN00373,U00373,27,Male,3.1,3.38,3.03,1.25,5.79,156,17,5.32,Medium,No,Mild,0
TXN00374,U00374,31,Female,10.18,3.78,3.19,3.52,5.35,245,158,11.77,Low,Yes,Severe,1
TXN00375,U00375,25,Male,5.37,2.82,0.96,4.7,8.59,226,84,6.58,High,No,Mild,0
TXN00376,U00376,20,Other,4.64,2.09,2.55,3.9,5.72,179,140,5.61,Low,Yes,None,0
TXN00377,U00377,18,Female,4.67,1.06,1.08,4.43,7.77,79,38,5.55,Medium,Yes,Mild,0
TXN00378,U00378,27,Male,10.07,3.24,1.49,4.33,4.64,40,52,10.71,Medium,Yes,Severe,1
TXN00379,U00379,24,Male,11.06,1.88,1.53,0.57,8.89,202,78,12.52,Medium,Yes,Moderate,1
TXN00380,U00380,32,Female,9.62,1.02,2.66,1.65,6.25,99,97,10.52,High,Yes,Moderate,1
TXN00381,U00381,33,Female,8.75,1.59,3.55,5.25,5.48,48,75,10.83,Medium,Yes,Moderate,1
TXN00382,U00382,21,Female,6.56,1.84,3.88,3.7,7.61,196,167,7.45,Low,Yes,Mild,0
TXN00383,U00383,20,Female,9.17,2.36,3.88,4.68,4.77,111,180,10.05,High,Yes,Moderate,1
TXN00384,U00384,25,Female,5.85,3.57,2.58,2.41,8.51,207,64,6.4,Medium,No,None,0
TXN00385,U00385,19,Other,7.37,2.91,1.18,4.33,5.35,67,154,8.74,High,No,Moderate,1
TXN00386,U00386,35,Male,4.44,3.42,1.8,5.01,6.94,136,15,6.88,High,No,None,0
TXN00387,U00387,29,Female,9.98,1.81,2.88,4.12,6.93,119,63,11.79,Medium,Yes,Severe,1
TXN00388,U00388,31,Male,8.77,1.11,2.09,0.87,8.26,53,60,11.45,Low,Yes,Severe,1
TXN00389,U00389,21,Male,3.29,4.03,1.55,3.19,7.31,171,80,3.91,Low,Yes,Moderate,1
TXN00390,U00390,33,Other,11.36,5.08,1.87,4.01,6.12,210,121,13.92,High,Yes,Severe,1
TXN00391,U00391,19,Other,9.61,5.09,0.31,1.69,6.84,45,74,11.44,Low,Yes,Moderate,1
TXN00392,U00392,23,Male,8.03,3.57,2.98,4.71,7.09,192,132,10.29,Medium,Yes,Moderate,1
TXN00393,U00393,35,Other,6.61,2.36,0.63,5.99,6.49,110,95,8.49,Medium,No,Moderate,1
TXN00394,U00394,31,Male,10.44,2.28,0.96,3.5,6.19,160,80,11.84,Medium,No,Severe,1
TXN00395,U00395,19,Other,11.85,3.78,2.07,5.96,5.86,96,71,12.89,Medium,Yes,Severe,1
TXN00396,U00396,34,Female,8.01,5.59,0.62,0.71,6.1,55,82,9.43,High,Yes,Moderate,1
TXN00397,U00397,27,Male,3.83,2.7,3.67,4.54,7.76,222,138,4.76,High,Yes,Mild,0
TXN00398,U00398,30,Male,3.71,0.81,3.08,2.41,8.18,126,45,6.38,Low,Yes,Mild,0
TXN00399,U00399,27,Male,7.72,2.26,2.26,2.3,7.64,59,27,9.9,Medium,No,Mild,0
TXN00400,U00400,31,Other,5.61,2.67,0.53,0.95,7.07,32,155,7.11,Low,No,Mild,0
TXN00401,U00401,22,Male,9.86,3.15,0.79,2.67,7.07,163,172,12.85,High,Yes,Moderate,1
TXN00402,U00402,26,Female,9.99,2.28,3.7,0.99,7.52,128,108,11.36,Medium,No,Moderate,1
TXN00403,U00403,23,Male,11.89,3.89,3.96,2.93,5.16,31,74,12.89,Medium,Yes,Moderate,1
TXN00404,U00404,19,Male,5.19,3.92,0.59,5.08,5.79,107,43,6.45,Medium,Yes,Mild,0
TXN00405,U00405,35,Male,4.91,3.51,3.0,3.52,7.3,56,19,6.35,High,Yes,Mild,0
TXN00406,U00406,19,Male,5.56,4.84,2.47,0.79,7.45,22,32,7.03,Medium,No,Moderate,1
TXN00407,U00407,27,Male,10.81,4.07,0.92,2.59,8.89,45,95,12.52,High,Yes,Moderate,1
TXN00408,U00408,34,Female,11.7,3.58,2.85,0.72,8.65,98,100,13.42,High,Yes,Moderate,1
TXN00409,U00409,29,Male,6.2,2.16,3.98,5.88,5.74,35,175,7.34,Medium,Yes,Moderate,1
TXN00410,U00410,22,Male,6.08,2.66,0.55,4.51,6.84,193,171,8.76,High,Yes,Moderate,1
TXN00411,U00411,22,Female,6.84,2.22,2.42,2.97,5.09,187,50,8.79,High,Yes,Mild,0
TXN00412,U00412,34,Female,11.19,2.87,3.64,4.74,7.45,164,55,12.48,High,Yes,Moderate,1
TXN00413,U00413,22,Male,9.54,4.71,3.52,2.78,6.35,133,178,12.37,Medium,Yes,Moderate,1
TXN00414,U00414,22,Male,4.66,4.69,2.45,1.97,7.05,79,167,5.74,High,Yes,Severe,1
TXN00415,U00415,33,Male,4.21,5.15,1.88,4.07,5.33,119,140,5.89,Low,Yes,Moderate,1
TXN00416,U00416,31,Female,9.88,0.58,1.08,2.77,7.84,71,67,10.55,Medium,No,Severe,1
TXN00417,U00417,25,Female,6.85,4.77,2.43,5.03,7.74,120,171,9.7,High,Yes,Moderate,1
TXN00418,U00418,32,Female,10.44,0.73,3.98,3.35,6.28,208,25,12.33,High,Yes,Moderate,1
TXN00419,U00419,32,Male,6.58,2.18,3.31,3.04,6.4,176,28,8.8,Low,No,Moderate,1
TXN00420,U00420,34,Female,4.02,4.78,3.75,4.33,5.11,125,97,5.65,Low,No,Moderate,1
TXN00421,U00421,20,Other,5.25,4.3,3.63,4.88,7.73,51,38,6.04,Medium,No,Moderate,1
TXN00422,U00422,30,Male,9.54,5.86,2.45,1.38,6.98,31,58,12.32,High,Yes,Moderate,1
TXN00423,U00423,23,Other,9.92,0.78,1.23,4.52,8.82,93,175,10.87,Low,Yes,Moderate,1
TXN00424,U00424,26,Female,3.11,3.24,1.99,4.94,7.24,146,75,4.15,High,No,Mild,0
TXN00425,U00425,32,Male,3.71,3.8,0.98,3.51,7.29,162,68,4.33,Low,Yes,Mild,0
TXN00426,U00426,22,Other,10.68,4.17,3.35,2.14,8.64,32,42,12.22,Low,Yes,Severe,1
TXN00427,U00427,35,Other,4.6,3.0,2.32,5.62,4.92,96,97,6.02,Medium,Yes,Mild,0
TXN00428,U00428,20,Other,5.64,1.24,2.78,2.01,6.87,154,68,7.88,High,Yes,None,0
TXN00429,U00429,34,Male,11.88,3.16,2.75,5.64,8.94,93,124,13.9,Medium,No,Severe,1
TXN00430,U00430,33,Female,7.68,3.98,1.97,1.49,7.24,201,89,10.63,Low,Yes,Mild,0
TXN00431,U00431,21,Other,9.64,1.64,2.46,2.78,4.7,109,158,12.16,Low,Yes,Moderate,1
TXN00432,U00432,27,Male,5.29,0.87,1.2,3.52,7.95,49,100,6.64,High,Yes,None,0
TXN00433,U00433,28,Female,10.5,5.57,1.92,3.11,4.66,54,138,11.39,Medium,No,Severe,1
TXN00434,U00434,19,Female,10.52,2.15,2.9,2.24,6.91,73,162,12.73,Medium,Yes,Moderate,1
TXN00435,U00435,18,Female,6.05,2.56,2.14,1.41,7.23,67,167,6.84,Medium,No,Mild,0
TXN00436,U00436,31,Male,3.78,5.32,1.49,5.06,5.86,154,92,4.72,Medium,Yes,Moderate,1
TXN00437,U00437,32,Other,7.55,4.89,3.62,1.35,6.03,143,149,8.83,Medium,Yes,Moderate,1
TXN00438,U00438,22,Female,4.85,0.7,1.55,5.26,5.02,99,26,7.07,High,Yes,Mild,0
TXN00439,U00439,19,Other,3.93,4.71,2.98,0.62,7.91,183,68,5.23,Low,No,Severe,1
TXN00440,U00440,28,Female,9.96,4.19,1.09,1.37,5.02,179,158,11.75,Low,No,Severe,1
TXN00441,U00441,22,Female,11.49,4.92,2.3,1.44,5.9,248,101,13.34,Low,Yes,Moderate,1
TXN00442,U00442,19,Female,3.95,0.8,1.71,1.48,7.18,171,176,6.54,High,No,Mild,0
TXN00443,U00443,28,Female,10.36,4.42,2.68,3.43,8.88,213,134,12.28,Low,No,Moderate,1
TXN00444,U00444,27,Other,9.16,4.41,1.86,1.77,5.51,240,172,10.31,Medium,No,Moderate,1
TXN00445,U00445,28,Other,10.1,5.35,1.81,0.67,6.64,109,137,11.75,Low,No,Severe,1
TXN00446,U00446,22,Other,7.57,2.73,2.86,1.09,7.0,38,92,9.4,Medium,No,Mild,0
TXN00447,U00447,25,Male,7.93,5.86,1.54,2.37,8.16,171,125,10.39,Medium,No,Moderate,1
TXN00448,U00448,20,Female,9.65,4.42,3.35,1.13,7.18,103,157,10.39,Medium,Yes,Severe,1
TXN00449,U00449,20,Other,8.38,4.27,2.39,5.01,5.97,185,30,9.11,Low,Yes,Moderate,1
TXN00450,U00450,22,Other,7.08,2.1,2.46,2.96,5.43,244,96,8.33,High,No,Moderate,1
TXN00451,U00451,29,Other,11.91,3.7,2.45,3.31,8.31,238,90,12.57,High,Yes,Moderate,1
TXN00452,U00452,35,Female,10.39,2.48,3.44,5.26,5.56,199,166,11.88,Medium,No,Severe,1
TXN00453,U00453,31,Male,7.91,4.14,1.9,1.54,6.23,112,121,8.8,High,Yes,Moderate,1
TXN00454,U00454,20,Other,8.84,1.29,3.54,4.12,8.89,54,36,9.68,Medium,No,Severe,1
TXN00455,U00455,23,Female,7.09,2.83,3.28,2.62,5.52,128,169,7.61,Medium,Yes,Moderate,1
TXN00456,U00456,35,Female,8.19,0.68,0.15,3.16,6.16,168,138,11.09,Low,Yes,Severe,1
TXN00457,U00457,34,Female,3.7,5.39,0.35,3.1,7.84,191,34,5.91,High,No,Moderate,1
TXN00458,U00458,35,Male,10.01,3.08,2.05,3.08,7.8,127,105,12.91,Medium,No,Moderate,1
TXN00459,U00459,27,Female,9.54,3.6,0.25,3.1,5.26,33,89,12.06,High,Yes,Severe,1
TXN00460,U00460,20,Other,4.14,0.92,3.14,1.89,7.27,90,80,4.68,Low,Yes,None,0
TXN00461,U00461,32,Female,6.33,1.46,3.13,1.8,5.31,155,23,7.69,Low,Yes,Mild,0
TXN00462,U00462,31,Male,9.93,1.81,1.76,4.01,5.45,207,103,10.57,Medium,Yes,Moderate,1
TXN00463,U00463,32,Female,6.59,2.16,2.98,4.64,6.9,117,114,8.28,Low,No,Mild,0
TXN00464,U00464,32,Female,6.44,2.24,2.12,5.76,4.94,156,178,7.82,Medium,No,Moderate,1
TXN00465,U00465,26,Female,10.22,1.9,2.34,3.04,7.54,81,165,12.65,High,No,Moderate,1
TXN00466,U00466,35,Male,3.1,0.55,0.27,2.76,6.86,195,129,4.48,High,No,Mild,0
TXN00467,U00467,19,Female,3.21,1.01,3.75,4.11,8.26,173,178,4.01,Low,Yes,None,0
TXN00468,U00468,23,Female,11.06,4.33,1.01,3.07,8.71,183,131,13.87,Medium,No,Severe,1
TXN00469,U00469,23,Other,10.03,2.03,0.25,2.64,8.98,86,82,10.97,Low,No,Moderate,1
TXN00470,U00470,30,Male,4.61,3.21,0.58,4.73,5.48,184,42,7.39,High,No,None,0
TXN00471,U00471,20,Male,3.63,4.5,3.11,0.6,6.74,187,178,4.13,Low,No,Severe,1
TXN00472,U00472,28,Female,11.14,3.66,2.06,5.67,6.71,131,118,13.75,Low,Yes,Moderate,1
TXN00473,U00473,33,Other,4.09,3.44,3.97,2.33,5.86,34,176,7.08,High,Yes,Mild,0
TXN00474,U00474,28,Other,3.72,3.03,3.07,4.06,5.29,30,113,5.87,Medium,No,None,0
TXN00475,U00475,29,Female,7.38,5.37,1.75,1.54,4.66,26,166,8.48,Medium,Yes,Severe,1
TXN00476,U00476,35,Other,11.68,4.96,3.87,0.59,6.03,106,25,13.19,Low,No,Moderate,1
TXN00477,U00477,25,Male,11.32,0.7,0.57,4.1,6.62,178,26,12.43,High,Yes,Moderate,1
TXN00478,U00478,19,Male,11.14,5.01,0.39,3.86,8.26,36,42,11.93,High,Yes,Moderate,1
TXN00479,U00479,31,Other,6.04,5.1,2.95,2.71,5.04,195,162,7.9,Medium,Yes,Moderate,1
TXN00480,U00480,23,Male,6.02,1.16,0.56,2.78,7.63,161,57,7.62,High,Yes,Mild,0
TXN00481,U00481,30,Male,10.0,0.59,1.95,0.53,5.31,42,166,12.72,Medium,No,Moderate,1
TXN00482,U00482,22,Female,8.76,3.38,1.65,5.66,7.25,29,167,9.71,Medium,Yes,Severe,1
TXN00483,U00483,31,Male,3.04,1.8,0.47,3.42,4.93,112,153,4.81,Medium,Yes,Mild,0
TXN00484,U00484,24,Female,4.01,1.32,3.38,5.51,6.74,60,26,4.65,Medium,No,None,0
TXN00485,U00485,26,Male,6.01,4.93,3.03,0.74,7.83,157,60,6.91,Low,No,Moderate,1
TXN00486,U00486,25,Male,9.49,3.76,1.3,1.59,7.55,103,73,11.94,Medium,Yes,Moderate,1
TXN00487,U00487,31,Female,10.83,2.57,0.88,3.09,6.68,247,126,11.69,High,No,Moderate,1
TXN00488,U00488,29,Male,4.23,4.46,2.53,5.87,5.41,52,23,6.46,Low,No,Moderate,1
TXN00489,U00489,32,Female,7.13,1.44,1.37,5.38,7.22,222,178,10.01,Low,Yes,Mild,0
TXN00490,U00490,34,Female,7.4,5.98,2.37,5.1,5.76,206,124,9.74,Low,Yes,Severe,1
TXN00491,U00491,25,Other,11.03,3.75,0.6,3.66,4.52,31,25,14.01,High,Yes,Severe,1
TXN00492,U00492,30,Female,7.31,4.89,3.29,2.99,5.58,162,18,9.54,Medium,Yes,Moderate,1
TXN00493,U00493,27,Male,5.15,5.99,0.06,4.18,5.23,137,161,7.52,Low,No,Severe,1
TXN00494,U00494,30,Female,4.66,5.29,2.51,4.37,4.51,180,33,6.12,High,No,Moderate,1
TXN00495,U00495,31,Male,9.78,4.34,2.45,3.66,5.43,195,35,11.83,Medium,Yes,Severe,1
TXN00496,U00496,21,Male,6.45,3.06,0.16,2.52,7.42,200,32,8.35,Low,Yes,Moderate,1
TXN00497,U00497,35,Male,4.02,3.13,3.76,3.69,8.82,73,72,5.32,Medium,No,Mild,0
TXN00498,U00498,20,Male,6.36,2.99,2.01,5.06,6.62,156,151,9.11,Medium,No,Mild,0
TXN00499,U00499,32,Male,3.79,2.65,0.72,5.77,4.85,62,85,4.57,Low,No,None,0
TXN00500,U00500,34,Male,11.57,0.62,1.67,4.25,8.69,141,103,13.12,High,Yes,Severe,1
TXN00501,U00501,20,Female,3.2,4.91,3.34,3.36,6.01,168,102,5.34,Medium,No,Severe,1
TXN00502,U00502,27,Female,8.11,5.44,1.23,4.84,5.52,115,88,10.53,Low,Yes,Severe,1
TXN00503,U00503,32,Other,11.61,3.9,0.64,3.44,5.32,64,54,12.51,Low,Yes,Severe,1
TXN00504,U00504,22,Male,6.97,2.53,0.82,4.39,7.49,108,52,8.4,High,Yes,Moderate,1
TXN00505,U00505,18,Female,6.64,3.25,0.58,3.02,5.94,21,154,9.58,Medium,No,Moderate,1
TXN00506,U00506,22,Male,10.2,4.51,3.69,2.36,5.01,142,25,11.05,High,Yes,Severe,1
TXN00507,U00507,30,Male,8.56,1.71,1.43,2.3,7.24,69,164,10.38,Medium,Yes,Moderate,1
TXN00508,U00508,35,Female,10.65,4.22,3.83,5.87,6.27,145,96,12.66,High,Yes,Severe,1
TXN00509,U00509,22,Other,9.44,2.85,1.54,0.57,6.05,98,129,12.13,Low,Yes,Severe,1
TXN00510,U00510,31,Male,10.23,2.09,3.22,5.84,6.41,249,121,11.08,High,Yes,Moderate,1
TXN00511,U00511,27,Male,7.27,5.27,3.95,0.86,8.82,213,111,7.99,Medium,No,Severe,1
TXN00512,U00512,35,Other,7.16,3.62,3.66,1.6,8.25,94,156,8.89,Medium,No,Moderate,1
TXN00513,U00513,32,Male,5.02,4.85,0.62,2.15,7.38,182,135,5.83,High,No,Severe,1
TXN00514,U00514,33,Female,11.16,4.05,0.11,4.71,6.72,37,168,13.52,High,No,Severe,1
TXN00515,U00515,33,Other,11.77,5.0,1.49,4.53,4.58,86,56,13.72,Low,No,Severe,1
TXN00516,U00516,22,Other,6.22,0.79,1.44,4.0,8.8,32,89,7.45,High,Yes,Mild,0
TXN00517,U00517,23,Other,9.88,3.79,0.67,2.27,5.92,236,92,11.06,High,No,Moderate,1
TXN00518,U00518,29,Other,10.41,0.57,2.07,2.55,6.68,107,56,11.17,Low,Yes,Moderate,1
TXN00519,U00519,34,Female,10.61,4.42,2.81,4.91,6.38,39,44,13.16,Low,No,Severe,1
TXN00520,U00520,29,Other,4.25,2.93,3.95,3.38,8.87,64,92,4.82,Low,Yes,None,0
TXN00521,U00521,22,Male,9.19,2.19,0.84,5.9,6.41,215,43,9.88,Medium,No,Moderate,1
TXN00522,U00522,21,Other,3.3,4.13,2.37,3.08,8.59,31,31,4.55,Low,Yes,Moderate,1
TXN00523,U00523,24,Other,8.29,1.6,2.68,0.66,5.16,211,86,11.16,Medium,No,Moderate,1
TXN00524,U00524,25,Male,7.54,0.88,3.28,4.7,6.88,203,64,10.45,Low,Yes,Mild,0
TXN00525,U00525,34,Other,10.66,3.11,2.79,1.52,7.53,47,61,13.25,Medium,No,Moderate,1
TXN00526,U00526,25,Female,6.67,4.69,1.26,3.06,6.84,146,107,8.93,High,Yes,Moderate,1
TXN00527,U00527,33,Male,4.04,2.06,2.4,2.22,8.89,133,72,5.92,Medium,No,None,0
TXN00528,U00528,33,Male,11.45,2.52,0.05,4.21,7.52,121,127,13.26,High,Yes,Moderate,1
TXN00529,U00529,30,Male,6.61,3.75,0.41,5.59,8.9,36,108,9.55,Medium,Yes,Moderate,1
TXN00530,U00530,25,Female,10.54,4.49,1.11,4.42,7.12,89,179,13.4,Medium,No,Severe,1
TXN00531,U00531,34,Female,5.51,4.72,0.43,1.88,6.74,180,49,6.08,High,Yes,Moderate,1
TXN00532,U00532,18,Male,11.75,2.6,2.72,1.34,7.3,44,34,13.9,High,No,Severe,1
TXN00533,U00533,27,Female,8.96,3.2,1.05,2.39,8.37,159,19,11.84,Low,No,Moderate,1
TXN00534,U00534,32,Male,5.83,2.57,1.84,0.68,7.0,240,92,8.54,Low,No,Mild,0
TXN00535,U00535,27,Female,9.44,3.18,0.44,4.21,7.47,195,153,11.37,Medium,Yes,Moderate,1
TXN00536,U00536,26,Female,7.45,5.84,2.47,2.44,8.9,102,30,8.02,Low,Yes,Severe,1
TXN00537,U00537,18,Other,9.89,3.94,1.52,2.85,8.96,125,104,10.53,Low,Yes,Moderate,1
TXN00538,U00538,27,Female,8.33,5.51,0.26,2.18,6.02,25,152,9.65,Medium,No,Severe,1
TXN00539,U00539,18,Female,9.26,3.73,3.94,2.58,6.26,166,40,11.78,Low,Yes,Severe,1
TXN00540,U00540,34,Female,10.3,4.17,0.67,2.15,8.86,71,142,12.39,Low,Yes,Severe,1
TXN00541,U00541,19,Other,5.68,3.65,3.22,3.94,8.81,203,163,6.42,Medium,No,None,0
TXN00542,U00542,34,Female,7.28,1.65,3.18,4.08,5.86,225,91,8.86,High,No,Mild,0
TXN00543,U00543,30,Other,5.26,3.33,2.69,3.51,8.46,180,147,7.92,High,No,None,0
TXN00544,U00544,32,Male,5.41,4.01,3.24,5.19,8.58,164,175,6.06,Low,No,Severe,1
TXN00545,U00545,25,Other,4.35,4.27,1.2,2.89,5.93,232,31,6.43,Medium,No,Severe,1
TXN00546,U00546,23,Other,5.31,3.81,1.62,1.12,5.36,82,94,6.97,High,No,Mild,0
TXN00547,U00547,19,Male,4.82,2.0,0.12,4.84,5.75,160,60,6.93,Low,No,None,0
TXN00548,U00548,20,Male,5.83,2.14,0.25,5.75,8.54,191,38,7.32,High,Yes,None,0
TXN00549,U00549,34,Female,11.4,3.37,3.32,5.72,8.69,84,142,14.11,Low,Yes,Severe,1
TXN00550,U00550,30,Other,10.25,4.59,3.74,1.7,4.98,74,85,11.85,Medium,Yes,Severe,1
TXN00551,U00551,29,Male,9.3,1.12,2.18,3.11,5.61,91,52,10.71,High,No,Severe,1
TXN00552,U00552,19,Other,10.57,4.14,3.76,4.3,8.05,81,79,12.45,Medium,No,Moderate,1
TXN00553,U00553,25,Male,10.72,2.64,3.64,2.66,8.9,85,92,11.45,Low,No,Moderate,1
TXN00554,U00554,32,Female,8.68,5.34,3.07,2.73,4.65,241,35,11.24,Medium,No,Severe,1
TXN00555,U00555,31,Other,10.89,5.01,3.3,4.34,6.78,110,122,12.9,High,No,Severe,1
TXN00556,U00556,18,Male,9.86,4.03,0.73,2.94,7.38,20,117,10.86,Medium,No,Moderate,1
TXN00557,U00557,23,Other,5.25,4.42,3.07,4.07,5.09,172,120,7.73,Medium,No,Severe,1
TXN00558,U00558,22,Male,5.35,4.28,3.31,4.9,5.39,126,109,6.3,Medium,Yes,Moderate,1
TXN00559,U00559,35,Male,8.82,3.95,3.63,5.86,5.39,199,58,9.44,High,No,Severe,1
TXN00560,U00560,20,Other,11.62,1.44,2.27,0.58,6.87,217,131,14.19,Medium,Yes,Moderate,1
TXN00561,U00561,24,Other,4.71,5.24,3.13,2.08,6.72,53,125,7.35,High,Yes,Severe,1
TXN00562,U00562,24,Male,6.76,2.75,0.58,2.1,5.68,178,130,9.53,Medium,No,Mild,0
TXN00563,U00563,33,Other,4.2,2.28,2.77,4.28,7.71,201,123,6.54,Medium,Yes,None,0
TXN00564,U00564,19,Other,3.47,5.62,1.88,2.45,7.23,191,168,5.74,Low,Yes,Severe,1
TXN00565,U00565,30,Female,5.72,2.67,1.48,5.82,7.02,168,60,6.87,High,No,Mild,0
TXN00566,U00566,22,Female,3.81,4.41,1.73,1.93,5.91,52,142,6.49,Medium,No,Severe,1
TXN00567,U00567,26,Male,8.52,4.69,1.06,2.22,8.52,100,140,10.93,Low,No,Moderate,1
TXN00568,U00568,22,Female,3.49,1.51,1.88,1.4,6.6,49,141,4.09,Medium,No,Mild,0
TXN00569,U00569,21,Other,10.61,5.27,0.49,1.01,8.41,66,58,12.98,Medium,Yes,Moderate,1
TXN00570,U00570,23,Female,6.75,0.92,3.07,4.22,8.49,26,87,8.95,High,Yes,Moderate,1
TXN00571,U00571,21,Male,10.53,1.35,0.32,5.07,7.47,136,175,13.42,High,Yes,Severe,1
TXN00572,U00572,32,Other,5.92,4.52,2.94,5.77,7.06,74,27,8.42,Medium,No,Moderate,1
TXN00573,U00573,20,Female,7.92,3.81,0.37,1.9,5.58,217,117,8.64,Low,Yes,Moderate,1
TXN00574,U00574,27,Other,8.82,5.75,0.62,2.14,8.1,208,94,11.58,High,Yes,Severe,1
TXN00575,U00575,21,Female,10.49,3.32,1.96,5.37,6.64,164,168,12.05,Medium,No,Moderate,1
TXN00576,U00576,31,Female,3.84,3.32,3.89,4.22,7.41,202,54,6.67,High,Yes,Mild,0
TXN00577,U00577,31,Male,3.71,4.91,1.2,5.91,7.58,96,78,5.52,Medium,Yes,Moderate,1
TXN00578,U00578,34,Other,3.97,2.84,0.38,4.13,7.06,84,105,5.11,Low,Yes,None,0
TXN00579,U00579,32,Female,4.62,1.5,1.57,0.96,8.45,96,95,6.59,Medium,No,Mild,0
TXN00580,U00580,23,Male,4.9,0.93,3.93,1.93,7.53,131,151,5.44,Medium,Yes,None,0
TXN00581,U00581,33,Female,7.14,2.73,2.63,4.59,7.77,97,173,9.67,High,No,Moderate,1
TXN00582,U00582,20,Female,4.13,0.58,0.45,0.59,8.87,239,21,5.15,High,Yes,None,0
TXN00583,U00583,35,Male,4.72,2.16,1.85,3.11,4.6,62,54,7.07,Medium,No,Mild,0
TXN00584,U00584,32,Female,8.27,1.61,2.28,5.09,4.73,22,41,10.35,High,No,Severe,1
TXN00585,U00585,35,Other,11.99,0.7,1.6,3.32,7.76,193,139,13.07,Low,Yes,Severe,1
TXN00586,U00586,28,Male,7.98,1.97,2.59,5.39,5.03,179,180,9.35,High,No,Mild,0
TXN00587,U00587,27,Female,9.54,3.08,1.75,3.29,7.14,195,101,12.34,High,No,Moderate,1
TXN00588,U00588,30,Male,11.64,5.08,2.69,4.54,8.08,224,56,13.69,Medium,Yes,Severe,1
TXN00589,U00589,23,Female,4.8,3.83,0.4,2.79,8.97,97,75,5.82,Low,Yes,Mild,0
TXN00590,U00590,29,Female,9.09,1.46,3.44,3.27,8.13,106,125,9.87,Low,Yes,Moderate,1
TXN00591,U00591,26,Female,11.94,4.82,3.08,4.74,7.01,249,53,14.57,High,Yes,Moderate,1
TXN00592,U00592,32,Other,11.66,4.66,3.9,4.8,7.24,239,41,14.22,Low,Yes,Moderate,1
TXN00593,U00593,21,Female,10.84,5.51,0.63,2.11,6.49,149,142,13.17,Low,Yes,Severe,1
TXN00594,U00594,22,Female,4.11,1.61,3.88,4.73,4.53,233,136,5.46,High,Yes,None,0
TXN00595,U00595,29,Female,9.44,2.78,2.52,1.85,7.89,155,122,11.91,Low,No,Severe,1
TXN00596,U00596,32,Female,11.57,3.34,2.73,5.69,6.49,217,17,13.86,High,Yes,Moderate,1
TXN00597,U00597,28,Female,6.61,4.75,1.74,2.66,4.67,184,53,9.37,Low,No,Severe,1
TXN00598,U00598,35,Other,10.86,4.47,1.25,2.39,8.22,250,150,12.89,Low,No,Severe,1
TXN00599,U00599,24,Other,10.99,3.93,2.47,2.93,6.05,227,118,13.43,Medium,Yes,Moderate,1
TXN00600,U00600,28,Male,6.51,4.45,3.52,3.36,6.93,74,38,8.29,Medium,No,Moderate,1
TXN00601,U00601,18,Other,11.01,3.47,1.03,5.08,5.87,128,144,11.79,Low,No,Severe,1
TXN00602,U00602,34,Female,6.19,0.76,2.6,1.19,5.84,208,16,7.82,Low,Yes,Moderate,1
TXN00603,U00603,27,Female,9.0,4.98,2.29,1.27,6.2,208,78,9.76,High,Yes,Severe,1
TXN00604,U00604,21,Other,4.32,2.84,1.65,1.01,6.41,53,136,5.36,Low,No,Mild,0
TXN00605,U00605,35,Other,7.67,2.67,1.05,3.24,6.41,132,140,10.0,Medium,Yes,Mild,0
TXN00606,U00606,22,Male,7.36,3.02,3.87,3.32,6.88,197,69,9.0,Low,Yes,Moderate,1
TXN00607,U00607,31,Male,3.99,2.53,1.16,3.38,5.03,98,110,5.25,Medium,Yes,None,0
TXN00608,U00608,31,Female,3.44,5.42,3.56,1.69,8.19,145,15,4.25,Medium,Yes,Moderate,1
TXN00609,U00609,33,Other,8.16,3.61,3.6,4.8,6.64,204,170,8.99,Low,No,Severe,1
TXN00610,U00610,32,Other,4.34,4.5,0.36,3.94,7.31,119,74,7.09,Medium,Yes,Severe,1
TXN00611,U00611,26,Other,8.81,5.26,2.83,3.65,8.08,201,94,10.71,Low,Yes,Moderate,1
TXN00612,U00612,35,Female,8.19,0.79,2.28,1.54,6.64,249,19,8.99,High,Yes,Moderate,1
TXN00613,U00613,24,Female,5.21,4.38,3.55,2.94,8.13,175,97,6.71,Low,No,Moderate,1
TXN00614,U00614,31,Male,4.62,0.63,2.11,2.6,4.91,45,153,5.54,Low,Yes,Mild,0
TXN00615,U00615,22,Female,5.76,2.74,0.68,3.88,5.96,26,29,7.01,Low,No,None,0
TXN00616,U00616,28,Female,5.32,5.68,3.6,0.79,5.58,172,165,6.41,High,No,Moderate,1
TXN00617,U00617,19,Other,5.87,3.54,0.26,0.66,7.35,246,19,7.04,High,Yes,None,0
TXN00618,U00618,22,Other,5.74,2.74,0.34,4.0,5.42,56,110,7.59,Low,Yes,Mild,0
TXN00619,U00619,32,Other,3.38,4.97,3.84,3.91,7.44,62,15,4.03,Medium,No,Severe,1
TXN00620,U00620,30,Other,11.99,5.13,0.85,5.12,5.77,61,151,13.9,Medium,Yes,Severe,1
TXN00621,U00621,21,Female,10.47,4.49,4.0,5.33,5.45,149,96,13.18,Medium,No,Severe,1
TXN00622,U00622,25,Male,8.96,2.27,0.84,5.77,5.98,197,49,11.08,Low,No,Moderate,1
TXN00623,U00623,23,Female,6.72,5.42,2.81,4.69,6.92,221,34,8.57,High,No,Moderate,1
TXN00624,U00624,30,Male,10.45,2.47,0.71,4.72,7.64,22,46,12.11,Low,No,Moderate,1
TXN00625,U00625,18,Female,9.83,4.24,2.84,1.55,8.17,180,92,12.35,Low,Yes,Severe,1
TXN00626,U00626,19,Other,5.53,5.47,2.83,1.65,5.38,230,178,7.02,Medium,No,Moderate,1
TXN00627,U00627,24,Male,8.94,3.61,2.73,3.61,4.79,52,31,9.76,High,Yes,Severe,1
TXN00628,U00628,18,Female,11.93,4.31,2.13,1.89,7.02,136,15,14.77,High,Yes,Severe,1
TXN00629,U00629,31,Male,5.47,4.24,1.87,2.49,7.92,246,72,6.09,Medium,No,Severe,1
TXN00630,U00630,30,Female,4.75,0.95,2.29,0.64,7.82,196,123,7.64,Low,Yes,None,0
TXN00631,U00631,27,Female,3.57,3.94,0.11,2.88,4.61,224,175,6.41,Medium,Yes,None,0
TXN00632,U00632,25,Male,11.63,5.08,3.29,3.36,5.57,38,168,13.68,Low,No,Moderate,1
TXN00633,U00633,19,Male,11.25,2.58,3.56,4.31,8.02,35,128,11.89,High,No,Moderate,1
TXN00634,U00634,19,Female,8.03,2.12,1.53,1.03,7.88,79,168,10.5,High,Yes,Severe,1
TXN00635,U00635,32,Male,10.16,5.34,2.48,2.37,8.72,220,21,11.8,Medium,Yes,Moderate,1
TXN00636,U00636,18,Male,8.36,0.87,3.16,1.56,7.08,183,145,9.5,Medium,No,Severe,1
TXN00637,U00637,25,Female,4.24,0.74,0.51,3.71,6.81,186,106,5.52,High,Yes,None,0
TXN00638,U00638,27,Female,8.43,2.1,3.88,3.35,7.46,57,29,9.52,High,Yes,Severe,1
TXN00639,U00639,24,Female,11.79,4.02,0.81,0.88,5.35,141,134,13.79,Medium,No,Severe,1
TXN00640,U00640,28,Male,4.46,3.0,3.16,0.73,5.49,20,178,5.52,Low,No,None,0
TXN00641,U00641,33,Other,9.61,5.74,1.33,4.57,5.42,67,16,11.02,Low,No,Moderate,1
TXN00642,U00642,21,Other,4.28,2.92,2.53,5.52,6.12,27,65,5.27,Low,Yes,Mild,0
TXN00643,U00643,23,Female,6.06,3.55,0.71,0.62,8.29,45,20,8.64,Low,No,Mild,0
TXN00644,U00644,24,Male,5.75,1.82,3.24,4.13,8.74,224,174,8.45,High,Yes,None,0
TXN00645,U00645,22,Male,10.15,1.55,1.51,2.56,7.2,182,77,12.95,High,Yes,Severe,1
TXN00646,U00646,28,Male,5.22,3.96,1.12,1.2,6.79,169,140,6.24,Low,No,None,0
TXN00647,U00647,34,Female,6.49,5.35,3.0,2.56,6.84,65,97,8.77,High,No,Severe,1
TXN00648,U00648,26,Female,8.23,4.01,3.16,4.07,5.43,249,66,9.86,Low,No,Moderate,1
TXN00649,U00649,31,Other,11.0,3.64,3.74,2.56,6.98,54,36,12.24,High,No,Moderate,1
TXN00650,U00650,19,Female,7.19,3.92,1.7,3.07,6.34,225,142,8.48,Medium,Yes,Mild,0
TXN00651,U00651,25,Male,5.39,0.92,3.61,2.12,6.76,159,179,6.09,Medium,Yes,None,0
TXN00652,U00652,20,Male,6.24,3.5,1.34,4.21,5.63,210,85,7.22,High,Yes,Moderate,1
TXN00653,U00653,27,Male,5.54,2.41,3.99,5.7,8.2,213,18,7.22,High,Yes,Mild,0
TXN00654,U00654,25,Female,9.51,1.65,0.93,3.73,6.99,139,133,10.86,Low,No,Moderate,1
TXN00655,U00655,31,Female,4.89,2.97,2.23,2.56,7.1,52,93,7.75,Low,No,Mild,0
TXN00656,U00656,25,Female,6.77,4.27,1.61,4.78,6.92,103,165,7.33,Low,Yes,Moderate,1
TXN00657,U00657,30,Male,11.82,1.62,1.56,3.44,5.35,47,99,13.74,Medium,No,Moderate,1
TXN00658,U00658,21,Male,9.07,1.48,3.31,3.82,4.62,70,32,11.85,Medium,No,Moderate,1
TXN00659,U00659,27,Female,8.94,0.88,0.23,3.35,5.27,240,120,10.42,Low,Yes,Severe,1
TXN00660,U00660,20,Other,6.5,5.47,0.83,5.29,5.89,229,136,7.4,High,No,Moderate,1
TXN00661,U00661,32,Female,5.48,0.54,0.57,0.85,6.3,226,78,7.29,High,No,Mild,0
TXN00662,U00662,19,Male,9.64,2.08,3.52,3.01,7.65,202,91,11.12,Low,No,Moderate,1
TXN00663,U00663,31,Other,7.12,5.51,0.73,3.63,6.27,31,76,9.83,Low,No,Severe,1
TXN00664,U00664,20,Female,9.28,4.47,0.87,3.21,8.97,161,46,12.27,Low,Yes,Severe,1
TXN00665,U00665,32,Female,4.48,1.64,0.18,0.65,7.37,192,133,5.93,High,No,None,0
TXN00666,U00666,19,Male,3.1,1.13,3.67,2.3,7.87,144,133,3.77,High,Yes,Mild,0
TXN00667,U00667,33,Other,10.38,5.13,0.68,0.6,4.95,95,46,12.22,Medium,Yes,Moderate,1
TXN00668,U00668,18,Female,9.1,1.34,1.43,1.69,4.66,192,151,10.14,High,Yes,Moderate,1
TXN00669,U00669,27,Female,7.0,3.79,0.19,2.58,5.41,83,110,9.77,Low,Yes,Mild,0
TXN00670,U00670,18,Male,11.9,2.35,0.77,4.18,5.49,245,39,14.39,High,Yes,Moderate,1
TXN00671,U00671,31,Male,7.61,4.99,1.29,3.95,7.31,158,116,10.46,Low,Yes,Moderate,1
TXN00672,U00672,29,Male,5.91,0.58,2.62,0.57,5.46,76,31,8.05,Medium,No,None,0
TXN00673,U00673,24,Other,6.7,4.72,2.0,5.95,7.71,222,160,7.63,Low,No,Severe,1
TXN00674,U00674,22,Other,5.99,3.99,3.54,2.25,8.33,143,32,7.33,High,No,Mild,0
TXN00675,U00675,25,Male,7.53,4.38,0.05,0.62,7.92,51,94,8.62,Medium,Yes,Moderate,1
TXN00676,U00676,22,Female,6.37,2.13,0.61,1.62,4.67,205,168,9.34,Medium,No,Mild,0
TXN00677,U00677,28,Male,8.79,4.68,2.08,5.88,7.42,93,21,9.86,High,No,Severe,1
TXN00678,U00678,24,Female,7.85,5.49,2.66,1.87,7.59,204,71,9.87,Medium,No,Moderate,1
TXN00679,U00679,18,Other,3.58,3.2,3.81,0.79,8.96,72,47,4.31,High,Yes,None,0
TXN00680,U00680,20,Female,6.84,3.07,0.66,1.59,6.41,175,78,8.1,High,No,Mild,0
TXN00681,U00681,33,Female,3.72,5.85,1.59,1.42,6.49,149,171,6.06,Low,No,Moderate,1
TXN00682,U00682,31,Female,10.69,4.67,3.69,3.77,5.19,206,59,11.83,Medium,No,Severe,1
TXN00683,U00683,30,Female,8.06,3.14,1.33,4.43,5.38,68,16,8.59,High,No,Severe,1
TXN00684,U00684,31,Other,11.46,5.84,1.49,3.19,7.38,170,33,12.98,Low,Yes,Severe,1
TXN00685,U00685,23,Female,4.75,2.9,1.02,5.52,7.75,150,140,6.84,Medium,Yes,Mild,0
TXN00686,U00686,25,Female,5.18,0.69,3.25,3.97,7.54,198,180,6.05,High,No,None,0
TXN00687,U00687,25,Female,8.42,5.73,3.37,0.57,7.97,184,113,9.91,High,Yes,Moderate,1
TXN00688,U00688,23,Other,10.47,1.89,1.21,5.82,7.46,117,165,11.74,Medium,Yes,Moderate,1
TXN00689,U00689,29,Other,10.33,1.98,0.84,4.62,7.65,21,58,12.87,Low,Yes,Moderate,1
TXN00690,U00690,31,Other,7.72,4.1,2.93,1.44,6.19,200,49,8.72,Low,Yes,Severe,1
TXN00691,U00691,24,Male,4.67,0.82,0.73,4.68,5.67,250,119,6.27,High,Yes,None,0
TXN00692,U00692,27,Male,3.77,1.19,0.26,0.66,5.56,144,40,4.29,Medium,Yes,None,0
TXN00693,U00693,24,Female,7.7,0.54,2.41,5.93,7.93,144,136,10.09,High,No,Moderate,1
TXN00694,U00694,28,Other,12.0,4.99,3.76,4.16,6.2,34,106,14.68,Low,Yes,Severe,1
TXN00695,U00695,30,Other,9.53,5.38,0.56,3.81,8.41,91,78,10.95,High,No,Severe,1
TXN00696,U00696,24,Male,3.03,4.01,3.77,2.27,7.35,243,26,5.95,High,No,Severe,1
TXN00697,U00697,33,Other,6.6,3.87,0.33,2.85,8.69,141,40,8.94,Medium,Yes,Mild,0
TXN00698,U00698,34,Other,3.29,3.24,0.35,5.08,8.98,243,134,4.21,Medium,Yes,Mild,0
TXN00699,U00699,35,Male,5.17,1.66,3.01,4.13,4.9,131,22,6.07,Medium,No,Mild,0
TXN00700,U00700,26,Other,8.99,5.73,2.68,4.16,8.65,182,140,9.72,High,No,Moderate,1
TXN00701,U00701,20,Female,8.8,2.57,2.87,4.55,6.22,184,158,11.72,Medium,Yes,Moderate,1
TXN00702,U00702,21,Female,5.62,1.11,1.36,3.76,5.35,49,161,7.04,Medium,No,None,0
TXN00703,U00703,19,Female,8.31,1.54,1.55,2.83,7.97,224,47,10.11,High,Yes,Moderate,1
TXN00704,U00704,18,Other,7.84,3.03,0.58,5.69,8.27,147,131,8.71,Medium,Yes,Mild,0
TXN00705,U00705,28,Male,5.78,5.95,0.49,5.98,7.68,142,176,8.35,Medium,No,Severe,1
TXN00706,U00706,28,Female,4.37,4.44,3.39,5.64,5.51,208,28,7.18,Low,No,Severe,1
TXN00707,U00707,23,Other,11.92,3.51,1.35,4.23,8.96,213,115,13.4,High,No,Severe,1
TXN00708,U00708,24,Other,9.31,3.51,0.39,2.28,8.06,241,28,11.93,High,No,Severe,1
TXN00709,U00709,23,Other,8.19,2.93,1.93,5.43,5.44,225,65,10.53,Low,No,Moderate,1
TXN00710,U00710,22,Other,6.39,5.9,2.72,1.43,4.75,111,136,7.34,Low,Yes,Severe,1
TXN00711,U00711,31,Female,11.73,3.95,1.62,0.69,5.58,145,92,13.95,Low,No,Moderate,1
TXN00712,U00712,30,Other,5.48,4.09,1.47,1.16,4.87,145,179,7.65,High,Yes,Moderate,1
TXN00713,U00713,33,Male,5.46,4.6,3.18,1.5,6.68,185,126,6.71,Low,Yes,Severe,1
TXN00714,U00714,35,Other,4.66,4.97,0.08,3.56,6.91,227,150,6.38,High,Yes,Moderate,1
TXN00715,U00715,21,Other,4.63,3.8,0.72,3.55,8.1,51,25,5.45,Low,Yes,None,0
TXN00716,U00716,26,Female,10.66,0.69,3.92,3.28,6.14,159,58,12.22,High,Yes,Moderate,1
TXN00717,U00717,19,Other,11.52,3.36,3.13,4.13,6.5,167,140,13.76,High,No,Moderate,1
TXN00718,U00718,21,Male,8.96,0.75,0.15,1.28,8.35,75,49,10.97,Low,No,Severe,1
TXN00719,U00719,31,Male,3.67,1.9,1.53,5.47,6.3,41,80,5.86,High,Yes,None,0
TXN00720,U00720,26,Female,11.96,4.33,0.77,2.55,7.46,230,145,13.97,Medium,Yes,Severe,1
TXN00721,U00721,30,Female,3.23,3.82,0.31,1.19,4.99,160,119,3.89,High,Yes,Mild,0
TXN00722,U00722,26,Other,4.32,4.89,1.09,1.04,8.91,76,111,7.2,Low,Yes,Severe,1
TXN00723,U00723,33,Other,3.86,2.42,2.29,2.05,5.72,45,27,4.79,Medium,Yes,Mild,0
TXN00724,U00724,35,Female,7.97,5.35,1.61,3.76,5.67,195,146,10.25,High,Yes,Moderate,1
TXN00725,U00725,26,Female,3.48,4.49,3.9,4.39,5.62,175,122,5.75,Low,No,Severe,1
TXN00726,U00726,34,Female,5.58,5.74,2.08,4.45,8.66,78,93,7.67,Low,No,Severe,1
TXN00727,U00727,20,Other,8.71,0.92,0.96,1.01,7.09,41,88,10.6,Medium,Yes,Severe,1
TXN00728,U00728,34,Other,11.39,1.25,1.99,4.27,7.55,156,46,12.9,High,Yes,Moderate,1
TXN00729,U00729,31,Other,9.32,4.62,0.98,4.56,8.78,230,150,11.53,Low,No,Moderate,1
TXN00730,U00730,34,Female,11.13,1.46,1.47,1.23,6.09,33,123,12.87,Low,No,Moderate,1
TXN00731,U00731,25,Female,10.49,5.18,3.43,2.1,6.67,87,69,11.0,High,No,Moderate,1
TXN00732,U00732,34,Male,10.43,0.69,1.85,3.9,6.7,111,16,12.47,Medium,No,Severe,1
TXN00733,U00733,18,Female,6.15,4.47,1.61,0.55,6.44,70,36,7.97,Low,No,Moderate,1
TXN00734,U00734,18,Other,4.4,4.11,0.9,2.67,5.85,129,61,6.24,Medium,Yes,Severe,1
TXN00735,U00735,32,Female,4.46,2.45,1.74,2.48,8.42,70,43,5.43,Low,Yes,Mild,0
TXN00736,U00736,28,Female,11.11,1.38,0.8,3.14,7.49,88,45,12.66,High,No,Moderate,1
TXN00737,U00737,30,Male,7.52,5.58,3.37,2.64,4.99,47,20,8.34,Medium,Yes,Moderate,1
TXN00738,U00738,28,Female,6.87,3.78,0.03,3.14,5.77,41,124,7.99,Low,Yes,Mild,0
TXN00739,U00739,21,Other,10.78,5.97,0.99,5.01,5.39,200,41,13.03,High,Yes,Moderate,1
TXN00740,U00740,22,Female,5.06,1.23,0.15,5.95,8.68,129,19,7.1,Low,Yes,Mild,0
TXN00741,U00741,34,Female,5.76,3.98,0.93,2.35,6.66,150,124,7.87,Medium,Yes,Mild,0
TXN00742,U00742,26,Female,11.49,4.41,0.99,5.42,5.32,20,28,13.64,Medium,Yes,Severe,1
TXN00743,U00743,26,Female,11.18,1.05,0.74,5.72,6.14,97,43,11.92,Low,Yes,Severe,1
TXN00744,U00744,29,Male,9.69,3.74,2.42,1.81,5.74,169,113,10.41,Low,Yes,Moderate,1
TXN00745,U00745,24,Male,4.74,2.95,0.39,5.68,7.29,97,136,7.71,Low,Yes,None,0
TXN00746,U00746,24,Male,6.76,4.41,3.57,4.68,8.31,163,103,9.5,Medium,Yes,Severe,1
TXN00747,U00747,33,Other,6.77,5.62,2.02,0.62,7.2,198,48,7.99,High,Yes,Moderate,1
TXN00748,U00748,30,Male,7.46,3.43,2.05,0.91,6.47,150,113,9.37,Medium,No,Moderate,1
TXN00749,U00749,23,Male,3.03,3.65,2.37,0.55,8.68,151,131,4.79,High,No,Mild,0
TXN00750,U00750,27,Male,9.37,3.54,0.68,0.75,5.57,30,178,10.24,Medium,Yes,Severe,1
TXN00751,U00751,25,Female,11.91,1.65,0.46,4.07,7.35,114,98,12.62,High,No,Moderate,1
TXN00752,U00752,27,Other,5.92,0.81,3.26,5.03,5.49,91,60,7.06,Low,Yes,Mild,0
TXN00753,U00753,26,Male,10.83,3.99,2.2,4.99,5.49,88,67,12.78,Medium,Yes,Severe,1
TXN00754,U00754,31,Male,6.32,5.46,0.37,1.5,5.33,240,60,7.29,Medium,Yes,Severe,1
TXN00755,U00755,27,Other,4.47,1.48,1.58,3.84,4.81,38,124,5.58,High,No,None,0
TXN00756,U00756,34,Male,4.24,4.63,0.05,1.05,6.23,48,18,6.65,High,Yes,Moderate,1
TXN00757,U00757,20,Male,5.41,5.66,2.4,4.86,4.54,222,42,7.27,Medium,Yes,Moderate,1
TXN00758,U00758,33,Male,9.84,5.41,3.26,2.19,6.66,82,29,11.7,Medium,Yes,Moderate,1
TXN00759,U00759,21,Other,7.9,1.06,3.55,2.78,4.51,77,21,8.97,Medium,Yes,Moderate,1
TXN00760,U00760,27,Female,5.03,5.33,1.54,5.36,8.2,48,140,5.95,Low,Yes,Moderate,1
TXN00761,U00761,29,Other,3.69,2.34,1.44,5.59,4.88,31,169,4.57,Medium,No,None,0
TXN00762,U00762,31,Other,4.35,4.17,1.21,5.0,6.07,46,84,7.14,High,No,Severe,1
TXN00763,U00763,20,Other,10.1,5.24,3.91,4.78,5.16,57,114,11.72,Medium,Yes,Moderate,1
TXN00764,U00764,31,Other,11.64,2.03,0.36,5.97,5.32,118,105,12.94,Medium,No,Severe,1
TXN00765,U00765,28,Male,4.24,5.69,3.69,2.61,6.97,157,151,5.97,High,Yes,Severe,1
TXN00766,U00766,31,Male,7.74,4.77,3.25,1.71,4.89,112,15,8.75,Low,No,Severe,1
TXN00767,U00767,21,Male,3.54,2.42,3.4,5.27,8.19,95,132,4.4,High,No,None,0
TXN00768,U00768,25,Female,3.5,1.26,3.85,4.37,6.2,26,123,4.93,High,Yes,None,0
TXN00769,U00769,23,Other,3.27,2.51,0.32,0.92,7.06,228,121,4.14,Low,No,None,0
TXN00770,U00770,34,Other,9.29,2.15,1.65,2.36,8.02,197,18,10.51,Low,Yes,Moderate,1
TXN00771,U00771,23,Female,7.53,0.56,3.33,4.24,8.44,161,81,10.33,High,No,Mild,0
TXN00772,U00772,23,Other,5.45,1.01,1.51,5.73,7.84,122,173,6.09,Medium,Yes,None,0
TXN00773,U00773,32,Male,7.3,4.09,1.62,2.59,4.75,115,180,8.86,Medium,Yes,Moderate,1
TXN00774,U00774,29,Other,8.43,5.16,0.11,2.05,6.94,36,69,10.42,Medium,Yes,Moderate,1
TXN00775,U00775,19,Female,5.16,0.97,2.28,0.75,8.94,143,26,5.78,Low,No,None,0
TXN00776,U00776,27,Male,11.63,3.25,1.26,2.65,6.1,53,39,12.96,High,Yes,Moderate,1
TXN00777,U00777,30,Other,7.29,5.28,0.15,1.39,7.57,40,175,8.02,High,Yes,Moderate,1
TXN00778,U00778,22,Female,9.92,1.39,3.85,3.34,7.78,186,148,12.75,Medium,No,Moderate,1
TXN00779,U00779,27,Other,6.24,5.21,1.72,5.4,7.98,119,76,7.26,High,Yes,Moderate,1
TXN00780,U00780,33,Female,3.88,0.58,3.07,2.2,8.4,224,37,5.63,Medium,No,None,0
TXN00781,U00781,23,Male,3.61,3.67,1.41,0.89,7.7,137,81,6.58,Medium,No,None,0
TXN00782,U00782,33,Male,3.36,5.22,1.6,5.21,8.63,53,127,4.78,High,No,Severe,1
TXN00783,U00783,31,Male,7.55,1.95,3.5,4.25,7.29,184,29,9.9,Low,Yes,Mild,0
TXN00784,U00784,27,Male,6.38,3.64,3.42,1.73,8.43,191,38,7.75,Medium,No,Mild,0
TXN00785,U00785,23,Other,9.59,5.55,3.69,4.73,5.4,104,31,10.88,High,No,Moderate,1
TXN00786,U00786,33,Female,4.03,3.0,2.18,5.72,5.15,74,96,5.95,High,No,None,0
TXN00787,U00787,31,Male,11.81,1.67,0.85,0.63,7.91,128,84,12.94,Low,Yes,Moderate,1
TXN00788,U00788,26,Female,6.65,2.14,2.85,5.29,6.86,191,81,7.61,Low,Yes,Moderate,1
TXN00789,U00789,27,Other,4.48,2.42,1.68,3.12,7.6,61,126,5.87,High,No,None,0
TXN00790,U00790,24,Female,3.7,4.17,2.47,2.28,8.94,207,96,4.24,Medium,Yes,Severe,1
TXN00791,U00791,21,Male,10.13,4.21,1.05,4.47,8.95,233,47,12.22,High,Yes,Moderate,1
TXN00792,U00792,24,Female,6.78,3.5,0.66,2.58,6.07,68,162,9.67,Medium,No,Mild,0
TXN00793,U00793,27,Male,7.52,5.27,2.8,4.07,6.55,125,105,8.9,High,No,Severe,1
TXN00794,U00794,23,Male,7.13,2.55,2.21,1.39,6.46,92,126,9.22,High,Yes,Mild,0
TXN00795,U00795,20,Female,8.85,3.89,1.65,3.23,7.88,159,40,10.93,High,Yes,Severe,1
TXN00796,U00796,24,Male,5.01,3.0,1.52,1.58,6.61,51,104,7.93,Medium,No,Mild,0
TXN00797,U00797,29,Male,10.04,3.29,1.07,4.12,5.88,223,121,12.22,Low,No,Moderate,1
TXN00798,U00798,18,Male,4.38,2.56,3.27,5.01,7.2,105,58,7.28,Medium,Yes,Mild,0
TXN00799,U00799,30,Male,10.46,4.91,2.31,1.21,7.36,206,59,11.97,Medium,Yes,Severe,1
TXN00800,U00800,21,Male,9.39,1.19,0.47,3.67,6.26,215,175,12.18,High,Yes,Severe,1
TXN00801,U00801,20,Other,3.84,2.91,2.52,3.76,4.63,201,154,6.64,Low,No,None,0
TXN00802,U00802,22,Other,11.85,3.99,3.11,1.53,7.44,76,91,12.83,Low,No,Severe,1
TXN00803,U00803,19,Male,5.47,5.64,2.51,4.01,7.11,46,43,7.12,High,Yes,Moderate,1
TXN00804,U00804,27,Female,5.36,1.49,0.31,5.15,8.61,73,115,6.11,Low,No,None,0
TXN00805,U00805,20,Female,4.89,2.81,3.56,3.98,6.53,61,61,6.14,Low,Yes,None,0
TXN00806,U00806,29,Male,7.36,3.88,2.19,1.37,7.84,51,64,9.38,High,Yes,Mild,0
TXN00807,U00807,29,Other,4.03,1.69,1.31,1.71,7.77,52,83,5.21,Low,Yes,Mild,0
TXN00808,U00808,35,Male,8.87,3.07,3.24,2.9,8.76,69,79,9.8,High,No,Severe,1
TXN00809,U00809,27,Female,4.49,1.63,2.89,2.88,6.51,172,84,7.03,High,Yes,Mild,0
TXN00810,U00810,24,Female,8.1,2.56,2.53,0.85,5.25,28,145,9.23,Medium,No,Severe,1
TXN00811,U00811,18,Female,4.03,4.95,1.72,1.52,5.6,75,110,5.46,Medium,Yes,Moderate,1
TXN00812,U00812,18,Other,9.45,1.68,2.27,2.27,5.55,36,113,10.66,Low,Yes,Moderate,1
TXN00813,U00813,26,Male,9.45,5.7,3.23,4.19,7.08,185,122,11.66,Medium,No,Severe,1
TXN00814,U00814,24,Other,3.45,3.22,0.19,2.01,5.04,135,58,5.45,High,No,None,0
TXN00815,U00815,18,Female,5.57,4.04,3.42,5.93,8.6,92,48,8.17,Medium,Yes,Moderate,1
TXN00816,U00816,18,Other,3.63,1.02,3.21,4.48,5.74,212,103,5.13,High,No,Mild,0
TXN00817,U00817,19,Male,6.54,4.33,1.82,5.17,8.85,51,110,9.38,Low,Yes,Moderate,1
TXN00818,U00818,18,Female,4.25,5.96,3.45,4.48,5.52,42,63,6.56,Medium,Yes,Moderate,1
TXN00819,U00819,19,Male,4.0,5.71,0.3,2.31,7.26,227,112,5.17,Low,Yes,Severe,1
TXN00820,U00820,22,Other,5.87,1.31,2.34,5.18,8.53,183,129,8.04,High,Yes,Mild,0
TXN00821,U00821,33,Male,11.79,2.27,2.92,1.74,5.69,95,36,13.17,Low,Yes,Moderate,1
TXN00822,U00822,33,Other,3.54,0.57,0.86,5.0,5.35,46,102,4.56,High,No,Mild,0
TXN00823,U00823,32,Male,8.9,5.16,0.42,1.22,8.63,118,130,11.57,High,Yes,Severe,1
TXN00824,U00824,20,Male,5.5,1.4,1.23,5.28,7.42,57,133,8.19,High,Yes,None,0
TXN00825,U00825,32,Other,4.68,0.66,2.65,2.99,5.7,160,36,6.07,Low,Yes,Mild,0
TXN00826,U00826,31,Other,7.57,0.79,1.09,1.04,7.42,207,123,8.55,Low,No,Mild,0
TXN00827,U00827,26,Male,7.77,3.21,1.73,4.25,7.41,48,71,8.56,Low,No,Mild,0
TXN00828,U00828,35,Male,3.91,1.75,2.48,4.44,6.26,45,71,6.24,High,No,Mild,0
TXN00829,U00829,23,Other,10.07,2.41,1.15,3.78,7.8,44,62,11.83,High,No,Severe,1
TXN00830,U00830,25,Male,4.53,4.25,0.67,2.33,6.55,23,136,6.1,Low,Yes,Severe,1
TXN00831,U00831,23,Male,9.11,5.19,2.38,5.83,7.12,145,78,10.79,Low,Yes,Severe,1
TXN00832,U00832,34,Female,7.53,4.65,3.1,1.05,8.12,105,130,9.26,Medium,No,Severe,1
TXN00833,U00833,29,Female,7.13,5.05,1.2,2.34,6.83,189,167,8.84,Medium,Yes,Moderate,1
TXN00834,U00834,25,Other,8.93,1.28,1.99,1.84,7.83,130,107,9.95,Low,Yes,Severe,1
TXN00835,U00835,21,Female,11.69,5.32,2.72,5.45,6.52,244,149,12.63,High,No,Severe,1
TXN00836,U00836,31,Male,11.51,2.02,0.76,3.69,7.66,233,171,12.32,Medium,No,Severe,1
TXN00837,U00837,18,Male,7.49,4.27,1.87,1.33,8.85,179,157,9.65,Medium,No,Severe,1
TXN00838,U00838,27,Female,3.14,0.73,1.13,3.76,4.74,98,16,4.72,High,Yes,None,0
TXN00839,U00839,22,Other,6.15,2.06,3.44,4.16,7.96,59,37,8.43,Low,Yes,Moderate,1
TXN00840,U00840,20,Other,5.62,0.68,3.73,1.87,7.55,118,123,7.12,Low,No,Mild,0
TXN00841,U00841,27,Female,4.56,2.9,3.5,4.92,5.13,216,66,5.69,Medium,Yes,Mild,0
TXN00842,U00842,20,Other,5.68,5.6,1.84,1.51,8.02,233,126,6.42,High,No,Severe,1
TXN00843,U00843,29,Other,7.22,2.85,1.68,2.76,4.62,163,21,10.11,Medium,Yes,Mild,0
TXN00844,U00844,27,Other,10.08,3.69,1.49,3.91,8.55,244,90,10.71,Medium,Yes,Severe,1
TXN00845,U00845,18,Other,7.17,4.7,2.07,5.12,4.88,89,42,8.5,Low,No,Severe,1
TXN00846,U00846,28,Male,10.78,1.17,2.34,3.31,7.73,199,67,12.57,High,No,Moderate,1
TXN00847,U00847,22,Other,5.71,2.21,3.96,0.54,6.68,196,66,6.5,Low,Yes,None,0
TXN00848,U00848,21,Other,5.22,1.07,0.1,3.28,6.26,51,91,6.73,Low,Yes,Mild,0
TXN00849,U00849,32,Female,10.73,3.89,1.73,4.0,5.33,229,76,11.66,High,Yes,Severe,1
TXN00850,U00850,27,Female,5.61,1.05,2.36,2.52,5.74,118,42,7.27,Medium,Yes,None,0
TXN00851,U00851,32,Other,4.08,2.64,2.32,0.69,7.43,188,173,5.69,Medium,Yes,Mild,0
TXN00852,U00852,32,Female,5.49,5.9,1.43,5.21,6.76,109,149,6.97,Low,Yes,Moderate,1
TXN00853,U00853,28,Female,7.14,5.22,0.56,4.82,7.46,120,32,9.93,High,No,Severe,1
TXN00854,U00854,23,Male,8.18,5.6,3.1,3.39,5.08,102,165,11.07,Medium,No,Moderate,1
TXN00855,U00855,18,Male,10.67,1.38,0.39,1.08,8.7,141,97,13.07,High,Yes,Moderate,1
TXN00856,U00856,30,Female,9.8,2.81,0.26,3.87,5.02,236,33,11.4,Medium,Yes,Moderate,1
TXN00857,U00857,21,Other,9.29,2.58,3.96,3.66,5.4,84,140,10.88,Medium,Yes,Moderate,1
TXN00858,U00858,23,Female,6.91,3.41,3.16,0.97,4.61,191,39,7.92,Low,Yes,Moderate,1
TXN00859,U00859,35,Female,10.78,2.37,2.73,5.77,7.78,155,142,11.76,Low,No,Severe,1
TXN00860,U00860,35,Male,10.68,4.91,1.76,3.94,8.43,165,35,11.5,High,No,Moderate,1
TXN00861,U00861,33,Female,5.08,3.81,1.32,1.73,8.73,232,79,6.56,Medium,Yes,None,0
TXN00862,U00862,20,Other,7.81,1.83,2.07,3.86,5.91,178,29,9.67,Low,No,Moderate,1
TXN00863,U00863,18,Female,3.29,2.82,0.8,5.38,4.77,72,155,5.83,Medium,Yes,None,0
TXN00864,U00864,20,Male,10.25,3.6,2.44,5.09,8.13,108,33,13.12,High,Yes,Severe,1
TXN00865,U00865,26,Male,9.51,1.07,1.99,1.74,6.08,142,92,11.96,Low,Yes,Moderate,1
TXN00866,U00866,24,Other,7.81,5.23,2.73,4.56,6.99,33,114,10.22,High,Yes,Severe,1
TXN00867,U00867,31,Male,7.95,1.14,0.47,3.89,8.57,110,64,9.31,Low,Yes,Mild,0
TXN00868,U00868,18,Male,5.04,4.61,3.55,4.86,7.06,225,18,7.72,Low,Yes,Moderate,1
TXN00869,U00869,22,Male,6.95,2.05,1.26,3.81,8.51,94,48,8.97,Medium,Yes,Mild,0
TXN00870,U00870,26,Other,11.45,1.63,2.82,4.97,8.54,239,71,13.06,Medium,No,Severe,1
TXN00871,U00871,25,Male,7.74,1.97,2.79,3.27,4.74,250,120,10.0,High,No,Moderate,1
TXN00872,U00872,24,Other,11.21,5.13,2.08,2.18,6.99,51,110,13.52,Low,Yes,Moderate,1
TXN00873,U00873,32,Other,8.85,3.0,0.46,3.24,4.65,91,165,10.31,Low,Yes,Severe,1
TXN00874,U00874,30,Other,7.46,5.25,1.54,0.74,5.43,67,125,9.29,High,No,Moderate,1
TXN00875,U00875,29,Female,11.44,5.51,3.02,2.35,8.23,87,166,12.48,Low,No,Severe,1
TXN00876,U00876,19,Female,10.27,3.54,3.81,5.63,5.79,156,133,11.83,High,No,Moderate,1
TXN00877,U00877,32,Other,9.71,5.59,0.53,0.58,8.1,90,36,12.71,High,No,Severe,1
TXN00878,U00878,30,Male,3.35,2.01,1.07,1.88,7.44,217,170,3.88,Medium,No,Mild,0
TXN00879,U00879,32,Other,7.16,2.92,1.87,5.81,6.66,236,157,8.2,Low,Yes,Moderate,1
TXN00880,U00880,35,Other,5.83,0.85,0.72,4.71,5.74,242,141,6.65,High,Yes,None,0
TXN00881,U00881,19,Female,5.09,4.1,0.74,3.29,6.48,101,25,6.97,Low,Yes,Severe,1
TXN00882,U00882,18,Male,9.11,5.22,1.41,4.45,7.2,109,42,9.8,Medium,Yes,Moderate,1
TXN00883,U00883,24,Female,5.93,2.54,3.29,2.79,7.39,244,87,6.79,Medium,No,Mild,0
TXN00884,U00884,29,Other,7.24,5.85,2.49,1.38,4.7,58,166,7.8,High,Yes,Severe,1
TXN00885,U00885,34,Male,10.05,4.42,3.76,2.58,7.12,188,53,11.5,High,Yes,Moderate,1
TXN00886,U00886,34,Female,11.98,3.97,2.94,3.46,5.05,244,150,14.48,High,No,Severe,1
TXN00887,U00887,26,Female,4.76,3.66,3.64,2.31,8.1,112,74,6.4,High,Yes,None,0
TXN00888,U00888,31,Other,6.26,2.44,2.02,5.53,7.44,174,73,7.88,Medium,Yes,Mild,0
TXN00889,U00889,25,Other,9.99,2.74,2.34,1.26,5.67,93,102,11.27,Low,No,Severe,1
TXN00890,U00890,22,Male,8.18,3.98,3.09,5.45,8.44,23,57,8.98,Medium,No,Moderate,1
TXN00891,U00891,19,Other,10.5,0.63,0.67,0.9,6.82,155,114,13.26,Medium,Yes,Severe,1
TXN00892,U00892,35,Other,5.17,2.11,1.35,5.04,6.01,175,172,5.94,High,Yes,None,0
TXN00893,U00893,29,Male,11.55,5.51,2.52,4.57,6.46,213,137,13.8,High,Yes,Moderate,1
TXN00894,U00894,18,Female,8.34,2.53,2.6,2.59,6.47,150,165,9.54,Low,Yes,Severe,1
TXN00895,U00895,28,Other,3.43,3.35,2.1,3.3,8.68,93,97,4.89,Low,Yes,None,0
TXN00896,U00896,24,Male,6.87,2.03,3.52,2.23,6.06,62,45,8.09,Medium,No,Mild,0
TXN00897,U00897,27,Other,11.45,1.93,2.42,1.08,5.54,91,51,12.19,High,Yes,Moderate,1
TXN00898,U00898,19,Other,11.64,3.47,3.2,0.54,8.25,26,109,12.65,High,No,Severe,1
TXN00899,U00899,22,Other,10.48,2.12,0.44,4.38,8.3,133,125,12.21,Low,Yes,Severe,1
TXN00900,U00900,21,Male,11.72,4.92,2.98,1.72,4.83,60,144,13.06,Medium,Yes,Severe,1
TXN00901,U00901,31,Male,3.9,4.38,2.09,1.55,7.01,234,175,4.49,High,Yes,Moderate,1
TXN00902,U00902,30,Male,10.85,1.71,0.78,3.09,6.68,67,142,12.06,Low,Yes,Moderate,1
TXN00903,U00903,31,Female,3.61,3.57,0.83,1.48,6.38,87,172,5.06,High,Yes,Mild,0
TXN00904,U00904,34,Female,8.91,1.49,1.2,1.78,5.81,144,140,11.4,Medium,No,Severe,1
TXN00905,U00905,21,Female,4.97,5.8,3.59,4.7,6.39,134,98,6.09,Medium,Yes,Moderate,1
TXN00906,U00906,28,Female,8.95,2.41,1.59,1.2,8.47,235,140,10.95,High,Yes,Moderate,1
TXN00907,U00907,26,Female,7.57,5.39,3.13,0.83,7.97,86,96,9.1,Medium,No,Severe,1
TXN00908,U00908,19,Other,5.41,4.51,1.36,5.0,5.89,124,71,7.34,Low,Yes,Moderate,1
TXN00909,U00909,28,Other,4.16,3.47,3.8,0.62,6.21,219,100,6.94,High,Yes,None,0
TXN00910,U00910,24,Male,6.26,1.59,0.63,3.45,8.37,78,89,8.76,Medium,No,Moderate,1
TXN00911,U00911,35,Female,9.6,5.67,0.14,0.61,8.73,46,143,11.09,Medium,Yes,Moderate,1
TXN00912,U00912,27,Male,3.22,3.97,2.75,0.69,7.87,228,111,5.36,Low,No,None,0
TXN00913,U00913,20,Other,7.54,4.37,2.93,0.61,7.84,158,169,10.34,Low,No,Moderate,1
TXN00914,U00914,27,Female,10.06,2.84,2.97,2.16,6.57,45,82,12.98,High,No,Severe,1
TXN00915,U00915,31,Female,3.84,5.82,2.24,3.16,8.58,156,144,4.95,Low,No,Severe,1
TXN00916,U00916,35,Male,9.43,2.99,2.31,0.64,7.97,134,109,11.12,Low,No,Severe,1
TXN00917,U00917,20,Female,3.86,1.43,3.46,3.19,5.62,56,118,5.9,Medium,Yes,None,0
TXN00918,U00918,26,Other,6.71,4.57,3.34,0.7,7.6,173,119,9.39,Medium,Yes,Severe,1
TXN00919,U00919,33,Male,5.82,4.09,1.29,4.4,6.81,239,35,8.62,Medium,Yes,Severe,1
TXN00920,U00920,18,Other,4.46,4.61,0.66,2.91,8.87,29,123,6.2,High,No,Moderate,1
TXN00921,U00921,35,Male,6.76,0.55,0.47,5.98,7.74,245,84,8.57,High,No,Mild,0
TXN00922,U00922,27,Other,7.71,1.62,2.46,4.43,6.84,84,135,9.37,Medium,Yes,Mild,0
TXN00923,U00923,33,Male,3.09,2.79,0.6,0.87,8.9,99,63,4.09,Low,No,Mild,0
TXN00924,U00924,19,Female,8.62,3.77,0.27,4.0,8.48,108,175,9.16,Low,No,Severe,1
TXN00925,U00925,27,Male,6.31,4.72,3.74,3.59,7.39,71,34,8.29,Low,Yes,Severe,1
TXN00926,U00926,26,Male,8.07,1.2,2.09,4.05,6.22,167,166,10.08,High,No,Moderate,1
TXN00927,U00927,18,Male,10.05,5.94,0.37,4.92,5.16,62,136,12.74,Medium,Yes,Moderate,1
TXN00928,U00928,34,Female,10.27,2.84,1.89,2.16,7.92,81,158,11.75,Medium,No,Severe,1
TXN00929,U00929,34,Other,5.85,0.93,2.42,1.68,5.25,182,86,8.13,Medium,No,Mild,0
TXN00930,U00930,26,Other,9.17,3.57,1.74,2.41,4.61,113,134,11.6,Medium,No,Moderate,1
TXN00931,U00931,35,Other,10.89,5.56,0.76,2.56,8.7,22,65,12.5,High,Yes,Moderate,1
TXN00932,U00932,27,Male,5.96,5.51,3.66,3.27,4.56,89,23,8.08,High,No,Severe,1
TXN00933,U00933,26,Other,5.47,0.81,2.29,0.67,7.73,140,170,7.55,Medium,Yes,Mild,0
TXN00934,U00934,35,Male,10.27,0.71,0.12,5.42,5.19,208,60,12.95,Low,Yes,Severe,1
TXN00935,U00935,19,Other,6.99,4.41,1.26,5.22,5.75,238,64,9.13,High,Yes,Severe,1
TXN00936,U00936,28,Male,11.08,1.43,3.95,4.47,6.15,23,118,12.62,High,Yes,Moderate,1
TXN00937,U00937,34,Female,4.33,1.97,0.69,0.74,7.24,196,144,5.85,High,Yes,Mild,0
TXN00938,U00938,35,Male,6.16,2.38,2.27,4.33,7.05,138,37,6.95,Low,Yes,Mild,0
TXN00939,U00939,28,Other,8.32,5.81,3.07,4.84,5.48,115,132,9.02,High,Yes,Severe,1
TXN00940,U00940,24,Female,9.73,4.56,1.24,2.59,5.79,91,50,11.64,Medium,Yes,Moderate,1
TXN00941,U00941,24,Male,4.59,2.12,2.79,1.95,6.7,168,108,5.96,High,No,None,0
TXN00942,U00942,30,Other,4.4,3.63,3.98,2.89,7.41,194,88,5.42,High,No,None,0
TXN00943,U00943,24,Other,5.32,3.07,0.13,1.13,7.46,67,136,6.17,High,No,Mild,0
TXN00944,U00944,30,Other,8.92,5.46,1.29,1.08,6.11,250,17,9.82,Medium,No,Severe,1
TXN00945,U00945,21,Female,4.68,2.47,0.65,3.51,7.88,132,172,6.32,High,No,Mild,0
TXN00946,U00946,25,Female,5.27,2.55,1.35,4.23,5.85,244,74,7.68,High,Yes,Mild,0
TXN00947,U00947,26,Male,11.59,2.7,0.11,3.32,8.65,246,167,14.5,High,Yes,Moderate,1
TXN00948,U00948,28,Male,10.1,0.8,0.36,4.86,5.14,108,132,11.59,Medium,Yes,Moderate,1
TXN00949,U00949,23,Male,5.71,0.94,0.94,1.62,4.91,82,54,7.92,Medium,Yes,Mild,0
TXN00950,U00950,29,Female,3.9,3.52,1.58,1.67,6.63,116,133,6.17,Low,No,None,0
TXN00951,U00951,22,Male,6.6,2.3,1.13,4.21,8.43,172,115,8.44,Medium,No,Mild,0
TXN00952,U00952,23,Female,9.91,2.53,1.36,5.03,7.25,212,116,12.7,High,Yes,Moderate,1
TXN00953,U00953,24,Female,3.4,2.16,0.37,2.61,5.31,58,87,4.68,High,No,None,0
TXN00954,U00954,31,Female,4.62,2.69,2.07,1.09,8.13,108,40,6.76,Medium,Yes,None,0
TXN00955,U00955,22,Other,8.17,2.61,1.82,3.17,8.82,122,123,10.6,Medium,No,Severe,1
TXN00956,U00956,21,Other,8.43,4.91,1.8,2.55,6.63,105,151,11.36,Low,Yes,Severe,1
TXN00957,U00957,30,Male,10.83,0.94,0.03,5.72,7.68,86,65,12.62,High,No,Severe,1
TXN00958,U00958,32,Other,5.54,1.17,1.96,2.52,8.5,195,109,6.67,Medium,No,None,0
TXN00959,U00959,26,Male,4.61,2.46,0.07,2.29,7.36,172,43,6.0,Low,No,None,0
TXN00960,U00960,20,Male,7.81,1.19,0.58,3.21,8.52,108,132,10.03,Low,No,Mild,0
TXN00961,U00961,28,Female,6.36,1.31,3.91,4.01,8.47,117,146,9.31,Low,No,Moderate,1
TXN00962,U00962,30,Other,3.2,5.73,1.03,4.09,8.47,234,125,6.11,Low,No,Severe,1
TXN00963,U00963,34,Other,7.85,4.87,2.78,0.77,7.08,75,126,9.04,High,Yes,Severe,1
TXN00964,U00964,19,Other,8.44,5.5,2.71,2.0,6.33,24,121,10.58,Medium,No,Severe,1
TXN00965,U00965,28,Other,3.87,1.74,2.84,1.72,7.25,206,170,6.44,High,No,Mild,0
TXN00966,U00966,30,Other,7.28,3.57,1.37,2.26,8.2,58,133,9.92,Medium,Yes,Mild,0
TXN00967,U00967,30,Female,5.3,0.68,3.41,5.82,7.34,163,103,6.01,High,No,Mild,0
TXN00968,U00968,28,Male,7.06,3.07,0.62,3.72,7.31,164,125,8.6,Low,No,Moderate,1
TXN00969,U00969,30,Male,11.29,1.22,2.43,5.17,4.94,75,69,14.27,High,No,Moderate,1
TXN00970,U00970,30,Male,7.95,2.44,0.87,5.45,5.75,217,107,10.03,High,No,Moderate,1
TXN00971,U00971,30,Other,7.45,3.05,3.3,2.97,8.66,65,117,8.67,High,No,Moderate,1
TXN00972,U00972,23,Other,9.15,1.04,2.32,2.8,6.38,68,177,9.72,Low,Yes,Moderate,1
TXN00973,U00973,31,Male,11.51,2.29,1.0,3.63,6.62,43,109,12.07,High,No,Moderate,1
TXN00974,U00974,32,Female,6.32,5.31,0.7,5.65,8.65,102,48,7.55,Low,Yes,Severe,1
TXN00975,U00975,25,Female,9.15,2.94,0.97,1.47,6.58,184,43,11.66,Medium,Yes,Moderate,1
TXN00976,U00976,20,Other,3.06,0.68,2.71,5.27,8.98,240,113,3.74,Medium,No,None,0
TXN00977,U00977,35,Male,9.43,2.91,3.31,0.83,8.15,232,25,10.84,High,No,Severe,1
TXN00978,U00978,21,Female,4.31,1.94,3.3,4.64,5.0,63,108,5.84,Medium,Yes,None,0
TXN00979,U00979,24,Female,5.38,2.32,2.77,3.02,7.69,212,77,7.77,Medium,No,Mild,0
TXN00980,U00980,32,Female,9.3,3.63,2.38,4.69,5.17,93,21,10.35,Medium,No,Severe,1
TXN00981,U00981,23,Other,8.11,2.18,2.85,4.2,5.19,226,47,8.98,Medium,No,Severe,1
TXN00982,U00982,25,Other,3.25,1.66,1.21,3.71,5.67,204,145,5.61,High,No,Mild,0
TXN00983,U00983,23,Female,11.75,4.04,2.35,3.26,6.86,116,139,13.87,High,No,Moderate,1
TXN00984,U00984,30,Female,3.13,5.71,1.37,2.2,5.51,91,170,5.58,Low,Yes,Severe,1
TXN00985,U00985,32,Other,8.12,4.01,0.05,4.6,8.19,221,149,10.87,High,Yes,Severe,1
TXN00986,U00986,19,Male,6.59,1.04,1.32,0.87,6.99,156,152,9.27,Low,No,Mild,0
TXN00987,U00987,26,Male,10.18,1.5,3.75,5.22,5.53,203,131,11.12,High,No,Severe,1
TXN00988,U00988,24,Male,9.6,5.55,3.62,1.23,5.86,73,73,10.71,High,No,Severe,1
TXN00989,U00989,35,Female,10.93,0.78,3.16,0.9,6.65,133,36,12.62,Low,Yes,Severe,1
TXN00990,U00990,18,Female,8.24,5.24,0.45,5.38,8.0,69,165,10.75,High,No,Moderate,1
TXN00991,U00991,31,Female,8.41,3.21,0.71,3.29,6.81,185,91,9.57,High,Yes,Severe,1
TXN00992,U00992,35,Male,7.53,3.94,0.45,4.66,5.32,21,96,10.26,High,No,Moderate,1
TXN00993,U00993,23,Male,3.59,2.88,1.22,5.59,6.49,183,152,6.15,Low,Yes,None,0
TXN00994,U00994,27,Male,7.52,2.26,2.12,1.07,5.85,176,68,9.45,Low,No,Mild,0
TXN00995,U00995,30,Female,10.07,5.19,2.44,1.36,8.81,141,167,12.54,High,No,Moderate,1
TXN00996,U00996,33,Male,11.41,5.09,1.48,2.18,7.77,232,95,13.03,Medium,No,Severe,1
TXN00997,U00997,30,Female,3.5,2.75,2.58,1.27,6.56,90,19,6.05,Low,Yes,Mild,0
TXN00998,U00998,29,Male,3.21,2.85,1.53,3.57,7.83,224,70,5.25,Medium,No,None,0
TXN00999,U00999,25,Female,4.44,4.48,3.77,3.76,8.78,31,114,6.66,High,No,Moderate,1
TXN01000,U01000,30,Other,3.53,0.81,1.37,3.46,6.47,92,43,5.21,High,Yes,Mild,0
TXN01001,U01001,31,Other,10.42,5.31,2.36,3.66,7.03,132,77,11.74,High,No,Severe,1
TXN01002,U01002,18,Female,4.26,4.73,3.48,4.35,7.83,238,107,7.02,Medium,Yes,Moderate,1
TXN01003,U01003,32,Female,5.05,2.49,0.8,5.84,5.67,174,20,5.9,High,No,Mild,0
TXN01004,U01004,33,Female,10.18,5.07,0.24,5.94,6.18,164,126,13.17,High,No,Severe,1
TXN01005,U01005,28,Male,8.71,4.54,2.26,5.86,8.01,156,55,11.21,Low,No,Moderate,1
TXN01006,U01006,31,Other,10.36,3.06,3.56,5.97,5.18,104,33,11.31,High,No,Severe,1
TXN01007,U01007,31,Other,11.0,2.71,1.18,3.93,6.25,22,72,12.31,Low,No,Moderate,1
TXN01008,U01008,28,Male,7.79,4.09,0.8,5.02,8.66,248,162,8.67,Low,Yes,Severe,1
TXN01009,U01009,21,Female,3.24,3.81,3.38,4.79,6.93,37,98,5.92,Low,Yes,None,0
TXN01010,U01010,23,Other,6.82,1.99,3.75,1.69,6.1,55,127,7.63,Medium,Yes,Moderate,1
TXN01011,U01011,24,Male,6.42,2.96,1.6,1.63,6.21,228,46,7.15,Low,Yes,Mild,0
TXN01012,U01012,21,Other,11.47,4.57,1.43,5.97,6.37,73,38,13.97,Medium,No,Severe,1
TXN01013,U01013,21,Other,11.5,0.59,1.52,2.81,8.83,45,105,12.9,Medium,Yes,Severe,1
TXN01014,U01014,27,Male,5.06,4.36,2.6,4.96,8.44,24,85,7.38,Medium,Yes,Moderate,1
TXN01015,U01015,23,Other,8.08,1.2,0.62,4.32,7.93,35,167,10.59,High,No,Severe,1
TXN01016,U01016,31,Female,10.41,2.81,0.7,3.35,5.18,227,61,11.82,Low,Yes,Moderate,1
TXN01017,U01017,24,Female,5.75,3.94,3.64,1.96,5.94,220,21,7.08,Medium,Yes,None,0
TXN01018,U01018,19,Female,7.86,4.69,2.89,1.43,4.95,109,72,8.59,Low,Yes,Severe,1
TXN01019,U01019,31,Other,10.71,3.45,0.54,3.82,7.37,99,136,12.38,Medium,Yes,Severe,1
TXN01020,U01020,35,Male,6.29,3.87,2.87,3.13,7.87,238,161,7.28,Low,Yes,Mild,0
TXN01021,U01021,20,Other,9.69,4.44,1.13,3.88,5.62,84,62,12.02,Medium,No,Severe,1
TXN01022,U01022,34,Male,7.65,5.93,1.07,5.45,5.98,115,52,9.6,Low,No,Moderate,1
TXN01023,U01023,23,Female,3.13,3.99,3.34,1.81,6.29,22,161,4.83,Medium,Yes,Mild,0
TXN01024,U01024,24,Female,7.08,1.95,1.76,4.6,7.45,151,101,8.42,Low,No,Moderate,1
TXN01025,U01025,35,Male,7.11,1.03,3.42,4.7,5.68,220,108,8.68,Low,Yes,Mild,0
TXN01026,U01026,32,Other,10.47,1.16,2.85,1.19,6.06,135,126,12.35,Low,Yes,Severe,1
TXN01027,U01027,24,Other,4.28,4.24,3.1,1.59,7.85,154,168,6.73,High,Yes,Severe,1
TXN01028,U01028,25,Male,9.24,5.98,0.67,1.37,7.56,182,177,11.89,Low,Yes,Severe,1
TXN01029,U01029,26,Male,3.44,5.83,1.6,2.64,6.85,127,136,5.11,Low,No,Moderate,1
TXN01030,U01030,26,Male,9.38,4.17,0.84,4.53,7.17,37,30,11.77,Low,Yes,Severe,1
TXN01031,U01031,25,Male,6.52,1.38,1.68,3.75,5.62,109,33,7.59,Medium,Yes,Moderate,1
TXN01032,U01032,22,Other,4.85,1.28,1.1,2.3,7.37,153,94,6.66,High,No,None,0
TXN01033,U01033,32,Male,5.69,1.19,2.97,3.0,4.82,213,102,8.38,Low,No,Mild,0
TXN01034,U01034,32,Other,6.83,1.43,2.84,5.26,6.69,94,72,8.64,Low,No,Mild,0
TXN01035,U01035,33,Other,10.53,5.8,1.69,4.01,8.39,91,85,13.29,High,No,Severe,1
TXN01036,U01036,26,Other,11.85,0.96,0.4,4.93,5.59,146,71,13.83,High,No,Moderate,1
TXN01037,U01037,33,Male,8.05,5.11,1.5,3.35,8.66,117,25,10.05,High,Yes,Moderate,1
TXN01038,U01038,25,Female,6.25,4.2,3.62,2.82,6.27,210,25,7.62,Medium,No,Moderate,1
TXN01039,U01039,31,Female,9.02,0.64,2.27,0.63,8.76,45,89,11.82,Low,No,Severe,1
TXN01040,U01040,29,Other,6.17,5.81,1.11,4.81,5.96,198,177,7.33,Low,Yes,Severe,1
TXN01041,U01041,30,Male,9.78,4.8,0.69,3.25,4.9,110,172,11.63,Low,No,Severe,1
TXN01042,U01042,20,Male,8.76,2.22,1.99,1.52,6.22,87,139,10.14,Medium,No,Moderate,1
TXN01043,U01043,28,Male,3.14,1.54,1.24,3.28,7.39,95,158,4.99,Medium,Yes,None,0
TXN01044,U01044,20,Other,9.4,5.53,2.65,5.19,5.16,107,151,10.78,Low,No,Moderate,1
TXN01045,U01045,27,Male,8.52,5.84,1.3,1.74,8.22,82,155,9.41,Medium,Yes,Severe,1
TXN01046,U01046,25,Other,5.21,1.74,2.59,1.69,4.56,82,20,7.85,Medium,No,Mild,0
TXN01047,U01047,35,Female,11.99,1.56,0.74,3.35,6.3,167,114,14.36,High,No,Severe,1
TXN01048,U01048,29,Male,6.28,5.59,0.94,3.47,4.85,197,49,7.58,High,Yes,Moderate,1
TXN01049,U01049,34,Other,9.38,3.44,0.42,5.04,5.53,109,180,12.32,Low,No,Severe,1
TXN01050,U01050,19,Female,7.14,2.91,2.36,0.86,8.98,25,158,8.76,High,Yes,Moderate,1
TXN01051,U01051,22,Female,3.57,2.45,3.82,2.02,5.63,249,22,5.85,Medium,No,None,0
TXN01052,U01052,24,Other,8.96,2.2,2.79,2.18,5.55,224,145,11.83,Low,No,Moderate,1
TXN01053,U01053,19,Other,9.41,2.47,0.48,5.88,7.26,155,120,11.74,High,Yes,Moderate,1
TXN01054,U01054,23,Female,10.52,0.66,3.72,4.51,5.99,44,118,12.46,High,No,Severe,1
TXN01055,U01055,33,Male,4.25,2.39,0.38,2.45,7.68,245,79,6.0,Low,No,Mild,0
TXN01056,U01056,25,Male,6.16,4.06,0.33,2.98,4.92,85,20,8.86,Low,Yes,Severe,1
TXN01057,U01057,23,Other,3.02,5.92,0.05,2.3,5.88,224,160,4.93,Low,Yes,Moderate,1
TXN01058,U01058,33,Female,4.64,1.7,1.38,5.3,8.61,173,110,6.57,Medium,Yes,None,0
TXN01059,U01059,18,Male,8.6,5.64,3.55,4.87,5.04,99,89,9.37,High,Yes,Moderate,1
TXN01060,U01060,33,Female,4.74,1.35,2.45,2.36,6.55,188,155,7.32,Medium,Yes,None,0
TXN01061,U01061,25,Other,6.29,1.82,3.27,1.54,6.32,111,30,9.08,Medium,Yes,Mild,0
TXN01062,U01062,28,Female,11.21,3.6,2.81,3.37,7.91,184,66,12.42,Low,No,Moderate,1
TXN01063,U01063,31,Other,6.64,2.57,1.96,3.2,5.95,143,171,8.11,Medium,No,Mild,0
TXN01064,U01064,19,Female,4.69,0.99,3.57,4.61,7.07,64,179,5.97,Low,Yes,None,0
TXN01065,U01065,30,Male,4.69,5.8,0.21,5.04,8.43,209,145,6.5,Low,No,Moderate,1
TXN01066,U01066,21,Female,7.12,1.52,0.89,2.26,7.71,146,67,9.05,High,Yes,Mild,0
TXN01067,U01067,24,Female,11.1,1.14,1.16,5.47,7.47,232,99,14.06,Medium,Yes,Severe,1
TXN01068,U01068,19,Other,4.4,3.79,2.49,1.92,8.65,194,161,6.68,High,No,None,0
TXN01069,U01069,26,Other,6.68,0.56,3.29,2.57,8.29,68,139,7.81,Low,No,Mild,0
TXN01070,U01070,32,Other,4.16,4.29,0.28,1.13,5.22,222,140,4.83,High,No,Moderate,1
TXN01071,U01071,26,Male,11.6,4.43,2.78,2.07,5.79,239,160,12.75,Low,No,Moderate,1
TXN01072,U01072,35,Other,10.62,1.6,2.07,0.7,6.65,48,73,11.22,Medium,Yes,Moderate,1
TXN01073,U01073,20,Male,5.18,3.88,1.75,1.29,7.19,30,143,7.6,Low,Yes,Mild,0
TXN01074,U01074,18,Other,11.54,2.38,3.8,5.57,6.08,71,179,12.18,Medium,Yes,Severe,1
TXN01075,U01075,20,Male,5.03,3.95,1.34,4.47,4.61,132,32,7.64,High,No,None,0
TXN01076,U01076,35,Male,11.68,0.81,2.74,2.75,6.9,178,58,13.99,Medium,No,Moderate,1
TXN01077,U01077,21,Male,9.16,0.53,0.01,0.82,6.24,165,45,11.8,High,Yes,Moderate,1
TXN01078,U01078,33,Other,11.43,4.05,1.13,3.89,6.52,211,75,13.64,High,No,Severe,1
TXN01079,U01079,32,Female,7.31,5.44,1.82,5.34,5.51,93,178,9.64,Medium,No,Moderate,1
TXN01080,U01080,18,Female,6.89,2.15,0.17,2.76,8.46,238,73,9.86,Low,No,Mild,0
TXN01081,U01081,31,Male,10.95,3.03,1.81,5.74,6.59,106,98,13.11,Low,Yes,Moderate,1
TXN01082,U01082,24,Male,8.12,5.71,2.92,4.81,6.14,138,155,10.78,Medium,No,Severe,1
TXN01083,U01083,30,Other,4.27,1.1,2.61,2.15,8.25,218,174,5.8,Low,Yes,Mild,0
TXN01084,U01084,23,Other,8.94,5.65,1.73,5.69,4.61,72,113,10.86,Low,No,Moderate,1
TXN01085,U01085,30,Other,8.18,4.9,0.6,2.24,5.61,209,48,10.59,Medium,No,Moderate,1
TXN01086,U01086,21,Male,10.08,0.97,0.03,5.24,4.74,238,38,11.36,Medium,Yes,Moderate,1
TXN01087,U01087,27,Other,10.57,2.5,3.64,3.71,8.23,141,101,12.83,Medium,No,Moderate,1
TXN01088,U01088,23,Male,11.11,1.34,1.66,3.43,7.28,60,158,12.99,Medium,No,Moderate,1
TXN01089,U01089,22,Other,11.18,1.03,0.16,5.34,6.63,142,58,13.6,High,No,Severe,1
TXN01090,U01090,23,Other,7.03,0.61,1.97,4.19,6.05,106,36,9.75,Low,Yes,Mild,0
TXN01091,U01091,27,Other,9.1,5.54,0.44,5.64,8.82,70,177,10.4,High,Yes,Severe,1
TXN01092,U01092,33,Female,3.14,5.4,1.67,1.43,8.33,69,146,4.34,High,Yes,Severe,1
TXN01093,U01093,23,Female,3.47,1.81,1.23,2.97,6.45,30,84,5.84,High,No,None,0
TXN01094,U01094,35,Male,3.28,5.3,3.71,0.56,7.08,97,112,4.28,Medium,No,Severe,1
TXN01095,U01095,26,Female,9.27,2.35,3.21,5.19,8.03,124,102,10.1,Medium,No,Moderate,1
TXN01096,U01096,27,Male,5.4,5.52,3.68,0.97,7.5,101,145,8.14,Low,Yes,Moderate,1
TXN01097,U01097,20,Male,4.59,0.86,2.29,1.8,4.89,39,17,6.9,High,No,None,0
TXN01098,U01098,32,Other,8.68,2.32,2.66,3.87,4.75,55,66,11.48,Low,Yes,Moderate,1
TXN01099,U01099,20,Other,3.03,4.85,0.93,0.77,4.86,102,175,4.85,Medium,Yes,Severe,1
TXN01100,U01100,23,Other,7.22,4.52,2.37,5.23,6.49,149,16,7.92,Low,No,Moderate,1
TXN01101,U01101,24,Other,9.3,4.37,0.3,1.53,5.95,78,56,10.79,High,No,Severe,1
TXN01102,U01102,27,Male,4.96,1.88,1.38,1.82,4.53,247,79,6.16,Low,Yes,None,0
TXN01103,U01103,33,Other,6.1,4.53,2.48,5.0,4.86,215,129,6.63,High,Yes,Severe,1
TXN01104,U01104,29,Female,9.28,3.83,3.84,3.63,7.77,101,130,10.68,Medium,No,Severe,1
TXN01105,U01105,33,Female,5.82,6.0,0.76,3.73,4.69,110,119,7.48,Medium,No,Severe,1
TXN01106,U01106,32,Female,7.07,1.28,3.0,2.81,4.61,55,96,8.52,High,Yes,Moderate,1
TXN01107,U01107,18,Female,6.91,5.0,3.62,1.33,8.76,75,39,7.45,Medium,Yes,Severe,1
TXN01108,U01108,24,Female,3.2,2.66,1.21,5.75,6.97,78,63,4.92,High,No,Mild,0
TXN01109,U01109,23,Male,7.39,4.16,1.41,1.08,8.79,200,137,9.41,Low,Yes,Severe,1
TXN01110,U01110,31,Female,7.41,5.76,2.53,2.36,5.9,178,124,9.44,High,Yes,Severe,1
TXN01111,U01111,29,Female,10.26,5.25,1.48,5.84,4.78,134,109,11.8,Low,No,Moderate,1
TXN01112,U01112,33,Male,10.08,3.55,2.31,2.32,5.37,52,97,12.53,High,Yes,Moderate,1
TXN01113,U01113,33,Other,8.07,5.4,1.25,5.34,6.23,57,174,9.37,High,No,Severe,1
TXN01114,U01114,26,Female,3.6,2.64,0.77,4.73,7.7,113,30,5.28,Low,Yes,Mild,0
TXN01115,U01115,33,Female,8.06,4.81,3.83,3.17,5.91,246,152,9.06,High,Yes,Moderate,1
TXN01116,U01116,19,Male,9.62,1.57,3.2,2.05,8.06,128,17,10.87,Low,Yes,Severe,1
TXN01117,U01117,18,Female,8.86,4.69,0.31,3.06,8.59,57,129,10.92,High,Yes,Severe,1
TXN01118,U01118,21,Female,11.43,3.01,0.79,3.84,5.78,170,47,12.74,Low,Yes,Moderate,1
TXN01119,U01119,35,Other,7.29,1.28,3.33,2.56,4.61,131,180,8.6,Low,No,Mild,0
TXN01120,U01120,27,Male,5.92,4.66,0.16,3.31,7.75,202,48,7.66,Low,Yes,Moderate,1
TXN01121,U01121,34,Other,4.47,4.43,0.37,2.48,6.11,40,120,5.83,Low,No,Severe,1
TXN01122,U01122,19,Male,7.72,4.03,1.58,1.35,8.2,228,68,9.34,Low,No,Moderate,1
TXN01123,U01123,19,Other,8.8,3.57,0.21,5.14,5.51,30,25,9.85,Low,Yes,Moderate,1
TXN01124,U01124,28,Male,5.91,4.66,2.68,0.61,7.94,146,21,8.08,High,No,Moderate,1
TXN01125,U01125,24,Male,8.31,1.65,2.33,0.54,7.66,168,109,10.08,Low,No,Moderate,1
TXN01126,U01126,35,Male,3.07,3.95,2.49,1.96,6.18,119,55,5.66,High,No,Mild,0
TXN01127,U01127,28,Male,11.08,2.66,2.6,2.98,6.5,186,146,13.51,Low,Yes,Moderate,1
TXN01128,U01128,30,Female,10.24,4.59,3.5,1.6,7.07,211,91,12.82,High,Yes,Severe,1
TXN01129,U01129,32,Male,3.49,3.94,2.27,5.36,5.64,150,21,4.76,Low,Yes,Mild,0
TXN01130,U01130,33,Male,11.52,2.64,1.31,5.91,7.21,62,140,13.22,High,No,Moderate,1
TXN01131,U01131,21,Male,10.96,5.19,2.48,5.21,8.76,20,92,12.57,High,Yes,Moderate,1
TXN01132,U01132,29,Male,4.94,1.55,1.69,5.32,4.84,126,20,6.18,Low,Yes,Mild,0
TXN01133,U01133,26,Male,7.11,5.63,3.93,5.53,5.04,182,22,9.81,Medium,Yes,Moderate,1
TXN01134,U01134,20,Male,9.52,3.0,3.55,4.32,5.73,25,159,11.22,High,Yes,Moderate,1
TXN01135,U01135,30,Other,9.1,0.66,1.99,5.07,6.36,23,162,11.84,High,Yes,Severe,1
TXN01136,U01136,27,Other,9.47,1.61,1.07,4.19,8.83,68,75,11.69,Low,Yes,Severe,1
TXN01137,U01137,33,Other,10.13,4.44,2.97,2.08,4.9,114,131,12.68,High,Yes,Severe,1
TXN01138,U01138,29,Other,9.54,3.47,1.28,4.02,6.33,168,117,10.97,Medium,No,Moderate,1
TXN01139,U01139,33,Other,9.08,2.74,3.85,0.98,5.64,55,100,11.89,High,No,Severe,1
TXN01140,U01140,23,Male,11.01,2.39,3.67,5.9,5.15,107,153,13.09,High,Yes,Moderate,1
TXN01141,U01141,30,Other,3.74,2.8,0.45,3.26,4.69,46,162,4.25,High,Yes,None,0
TXN01142,U01142,28,Male,7.4,2.29,3.35,2.55,8.72,153,115,8.45,Medium,No,Mild,0
TXN01143,U01143,32,Female,4.4,4.32,3.01,4.44,8.52,149,42,6.14,Low,No,Moderate,1
TXN01144,U01144,27,Female,10.43,3.48,0.39,4.98,4.61,27,90,11.23,Low,Yes,Moderate,1
TXN01145,U01145,32,Other,11.56,2.82,1.43,2.72,7.64,96,102,13.03,Low,No,Severe,1
TXN01146,U01146,33,Female,8.72,3.76,2.72,5.87,6.75,109,22,9.86,Medium,No,Moderate,1
TXN01147,U01147,29,Male,11.54,4.27,3.98,2.59,8.83,214,37,13.23,High,Yes,Moderate,1
TXN01148,U01148,21,Male,7.09,4.62,0.97,5.91,4.65,99,156,9.53,Medium,Yes,Severe,1
TXN01149,U01149,18,Female,9.15,3.76,2.7,0.66,6.78,37,143,10.1,Medium,No,Moderate,1
TXN01150,U01150,21,Male,9.28,3.2,3.61,2.11,5.23,94,168,10.61,Low,Yes,Moderate,1
TXN01151,U01151,33,Other,7.38,0.53,3.1,4.94,8.57,217,111,7.99,Low,Yes,Moderate,1
TXN01152,U01152,33,Female,5.06,2.95,2.8,5.51,4.96,55,48,7.41,High,Yes,Mild,0
TXN01153,U01153,29,Other,10.15,2.86,2.83,5.44,6.16,159,42,11.7,Low,No,Severe,1
TXN01154,U01154,31,Male,3.6,0.98,3.51,4.16,6.64,149,77,6.37,Low,Yes,None,0
TXN01155,U01155,20,Male,8.13,4.16,1.78,5.98,6.18,87,137,8.8,High,Yes,Severe,1
TXN01156,U01156,35,Other,3.36,1.61,1.2,4.61,6.26,115,30,5.14,Low,Yes,Mild,0
TXN01157,U01157,34,Male,3.08,5.34,0.55,5.56,8.37,225,69,4.05,Medium,No,Severe,1
TXN01158,U01158,21,Other,4.55,3.54,2.51,5.22,4.82,190,47,7.19,Low,Yes,Mild,0
TXN01159,U01159,20,Female,8.1,1.86,3.01,5.12,6.13,77,82,9.62,Medium,Yes,Severe,1
TXN01160,U01160,18,Male,4.73,4.5,1.49,2.97,8.26,77,47,6.43,High,No,Moderate,1
TXN01161,U01161,34,Female,5.59,4.75,1.73,0.67,4.8,41,52,8.02,Low,No,Severe,1
TXN01162,U01162,26,Other,7.18,4.94,3.67,2.17,6.91,103,93,9.82,Medium,No,Severe,1
TXN01163,U01163,35,Other,11.31,3.83,2.64,3.66,6.61,43,140,14.25,High,Yes,Severe,1
TXN01164,U01164,26,Female,11.41,5.31,2.38,1.75,8.67,102,76,13.33,Medium,No,Moderate,1
TXN01165,U01165,34,Other,9.08,2.03,2.39,4.18,5.35,176,50,11.59,High,No,Moderate,1
TXN01166,U01166,29,Other,9.41,3.54,0.82,3.04,6.84,50,89,11.51,Low,No,Moderate,1
TXN01167,U01167,33,Female,6.37,2.65,2.87,5.63,6.57,107,52,7.51,Low,No,Mild,0
TXN01168,U01168,35,Female,11.85,0.52,0.76,5.64,8.68,136,155,13.81,Medium,No,Moderate,1
TXN01169,U01169,19,Male,11.83,3.95,1.96,1.09,6.47,100,45,12.68,Low,No,Moderate,1
TXN01170,U01170,20,Male,5.5,3.52,1.07,4.81,8.67,195,123,6.51,High,Yes,None,0
TXN01171,U01171,28,Male,11.79,4.46,1.14,1.82,5.49,174,161,14.17,High,No,Moderate,1
TXN01172,U01172,18,Female,7.98,2.24,0.88,4.93,8.21,72,153,10.02,Low,Yes,Moderate,1
TXN01173,U01173,21,Female,3.86,5.15,0.88,3.03,5.25,64,71,5.06,Low,Yes,Severe,1
TXN01174,U01174,30,Male,7.02,1.78,3.39,2.75,6.5,58,113,9.65,Medium,Yes,Moderate,1
TXN01175,U01175,33,Other,6.93,5.31,1.37,0.61,6.78,119,128,8.95,Medium,Yes,Moderate,1
TXN01176,U01176,30,Other,4.52,2.72,0.87,2.44,5.73,203,89,7.27,Medium,No,None,0
TXN01177,U01177,25,Male,8.81,0.86,2.85,0.62,7.07,112,112,9.36,Medium,No,Severe,1
TXN01178,U01178,31,Female,5.29,1.76,1.47,5.98,6.65,63,71,7.92,High,Yes,None,0
TXN01179,U01179,29,Male,3.43,1.76,2.83,1.37,7.27,161,27,4.56,High,No,Mild,0
TXN01180,U01180,27,Female,4.27,2.9,3.48,1.52,6.34,62,148,4.94,Low,Yes,None,0
TXN01181,U01181,35,Other,7.23,2.83,0.67,0.59,8.83,174,34,7.9,Low,No,Mild,0
TXN01182,U01182,21,Other,10.01,3.54,1.48,1.48,6.9,67,77,12.48,Medium,Yes,Severe,1
TXN01183,U01183,18,Female,7.51,5.42,1.58,1.42,6.61,236,48,8.61,High,No,Severe,1
TXN01184,U01184,25,Female,7.09,4.41,2.85,1.39,7.23,30,32,10.05,Low,Yes,Severe,1
TXN01185,U01185,34,Female,10.19,4.23,1.58,3.48,6.32,154,134,13.1,High,No,Severe,1
TXN01186,U01186,34,Female,11.43,1.42,3.43,1.19,4.66,38,168,14.42,Medium,Yes,Severe,1
TXN01187,U01187,30,Female,5.7,0.63,1.95,4.63,5.47,218,178,8.08,Medium,Yes,Mild,0
TXN01188,U01188,25,Female,4.28,5.45,3.61,1.89,6.3,202,134,5.71,Low,No,Moderate,1
TXN01189,U01189,19,Other,5.21,1.3,2.56,1.06,6.18,109,134,7.98,High,No,None,0
TXN01190,U01190,27,Male,6.19,3.32,1.91,5.64,8.41,142,32,7.57,Low,No,Mild,0
TXN01191,U01191,21,Female,4.31,4.41,1.08,0.64,5.48,153,110,4.87,Medium,No,Severe,1
TXN01192,U01192,28,Female,5.56,0.78,2.07,1.18,6.47,144,125,7.97,Low,Yes,None,0
TXN01193,U01193,28,Male,8.95,2.92,2.89,1.97,5.14,70,38,10.99,Medium,No,Moderate,1
TXN01194,U01194,19,Male,5.73,5.74,0.78,3.63,6.38,231,53,7.3,High,No,Moderate,1
TXN01195,U01195,20,Other,4.47,0.71,2.91,4.83,5.49,62,141,5.26,High,No,Mild,0
TXN01196,U01196,29,Other,10.66,5.76,1.03,3.57,8.5,228,99,12.74,Medium,Yes,Severe,1
TXN01197,U01197,25,Male,5.04,0.62,1.93,2.3,6.79,147,118,5.67,High,No,Mild,0
TXN01198,U01198,22,Other,8.0,5.14,0.88,5.76,6.59,59,40,10.24,High,No,Severe,1
TXN01199,U01199,30,Female,6.77,2.32,0.32,1.39,6.67,189,31,9.21,Low,No,Moderate,1
TXN01200,U01200,22,Female,6.73,5.88,1.34,2.54,5.89,144,140,9.55,Medium,Yes,Severe,1
TXN01201,U01201,25,Other,5.58,3.86,0.66,1.38,5.97,116,36,6.33,Low,Yes,None,0
TXN01202,U01202,31,Female,7.43,1.01,3.88,4.94,7.42,33,15,9.11,Low,Yes,Moderate,1
TXN01203,U01203,29,Male,8.99,0.98,0.66,2.2,4.95,169,36,11.96,High,Yes,Moderate,1
TXN01204,U01204,30,Male,10.42,3.2,1.07,2.1,8.27,38,171,11.63,Low,No,Severe,1
TXN01205,U01205,34,Female,3.87,3.84,2.76,0.68,8.33,190,56,6.11,Medium,No,Mild,0
TXN01206,U01206,30,Male,6.76,5.62,3.18,5.16,7.5,73,76,8.41,High,Yes,Moderate,1
TXN01207,U01207,19,Other,8.29,1.15,0.43,2.97,5.17,38,87,10.72,High,No,Moderate,1
TXN01208,U01208,33,Female,6.92,1.17,2.58,5.68,6.98,170,92,9.76,Low,No,Mild,0
TXN01209,U01209,23,Female,6.52,2.4,0.2,5.13,8.12,119,62,9.05,Medium,No,Moderate,1
TXN01210,U01210,22,Female,10.34,4.6,2.83,4.12,8.81,212,160,13.01,Low,Yes,Moderate,1
TXN01211,U01211,31,Female,3.84,5.32,1.34,0.73,5.13,151,169,5.58,Medium,Yes,Moderate,1
TXN01212,U01212,19,Male,9.94,3.97,2.85,4.9,6.18,20,41,11.65,High,Yes,Moderate,1
TXN01213,U01213,28,Other,9.12,5.22,2.98,2.0,6.26,155,166,11.15,High,Yes,Severe,1
TXN01214,U01214,19,Female,7.09,4.46,2.19,3.46,7.9,31,87,8.42,Medium,Yes,Severe,1
TXN01215,U01215,32,Other,11.23,3.85,0.92,2.23,7.16,135,82,12.48,High,Yes,Moderate,1
TXN01216,U01216,26,Other,6.55,0.52,0.92,1.72,8.2,81,116,7.06,Low,Yes,Moderate,1
TXN01217,U01217,35,Other,11.46,0.59,3.47,4.53,7.95,221,93,13.88,High,Yes,Severe,1
TXN01218,U01218,24,Other,7.81,3.54,3.12,5.2,8.67,119,158,10.12,Low,Yes,Mild,0
TXN01219,U01219,31,Male,3.72,4.06,3.79,0.61,5.08,211,81,4.64,Medium,No,Severe,1
TXN01220,U01220,31,Male,4.84,1.4,0.39,5.62,5.89,158,155,6.94,Low,Yes,None,0
TXN01221,U01221,25,Female,3.59,4.74,3.03,1.99,5.31,215,130,4.93,High,No,Moderate,1
TXN01222,U01222,26,Male,10.07,2.46,0.37,1.47,8.13,159,79,12.38,High,Yes,Moderate,1
TXN01223,U01223,22,Male,6.08,3.37,2.76,1.57,8.96,213,176,7.46,Medium,No,Moderate,1
TXN01224,U01224,34,Other,9.98,2.71,0.67,3.92,6.68,170,32,12.92,High,Yes,Severe,1
TXN01225,U01225,32,Female,6.49,4.03,0.8,0.73,6.54,20,161,7.88,High,No,Severe,1
TXN01226,U01226,18,Male,11.73,5.24,0.34,5.14,7.18,163,44,13.71,Medium,No,Severe,1
TXN01227,U01227,19,Female,10.08,4.01,0.98,3.45,6.42,29,42,10.72,Medium,Yes,Severe,1
TXN01228,U01228,22,Female,5.53,5.17,3.93,5.86,6.14,147,93,7.88,Medium,Yes,Moderate,1
TXN01229,U01229,28,Male,4.66,1.01,0.55,3.39,7.2,45,107,5.44,Medium,No,Mild,0
TXN01230,U01230,23,Male,8.19,3.7,0.32,0.77,5.9,214,155,10.58,Low,No,Severe,1
TXN01231,U01231,30,Female,9.77,0.72,3.68,2.81,7.46,88,28,10.61,Low,Yes,Moderate,1
TXN01232,U01232,19,Other,7.22,2.49,2.17,1.95,7.16,163,78,7.93,Low,Yes,Mild,0
TXN01233,U01233,18,Other,7.23,4.51,0.51,4.56,8.2,194,145,8.33,Medium,Yes,Severe,1
TXN01234,U01234,24,Other,7.43,1.81,1.72,3.87,6.25,231,150,8.66,Low,No,Moderate,1
TXN01235,U01235,27,Other,5.42,3.89,3.56,4.39,5.65,174,142,5.92,Low,No,None,0
TXN01236,U01236,26,Other,9.22,3.67,3.26,3.69,8.85,83,48,11.5,Low,Yes,Moderate,1
TXN01237,U01237,20,Male,9.16,1.23,0.87,5.78,7.09,186,68,11.45,High,Yes,Severe,1
TXN01238,U01238,28,Other,4.86,1.29,2.9,4.82,8.41,103,120,6.31,High,No,Mild,0
TXN01239,U01239,24,Female,10.72,1.3,1.56,1.53,7.5,189,77,12.44,Medium,No,Moderate,1
TXN01240,U01240,18,Female,6.9,1.37,3.13,5.09,7.87,154,89,7.91,Low,No,Mild,0
TXN01241,U01241,26,Other,4.59,4.73,1.89,4.69,4.79,136,104,5.85,Low,No,Moderate,1
TXN01242,U01242,26,Male,10.56,5.8,1.08,3.14,6.47,54,19,13.01,High,No,Severe,1
TXN01243,U01243,35,Male,7.59,5.64,0.44,4.47,6.85,196,40,8.77,High,No,Severe,1
TXN01244,U01244,20,Other,8.1,5.37,0.96,2.06,8.14,213,157,10.74,High,Yes,Severe,1
TXN01245,U01245,18,Other,4.34,0.61,3.07,4.73,6.39,107,15,6.04,Low,Yes,Mild,0
TXN01246,U01246,31,Other,5.26,4.93,2.34,3.96,7.51,174,159,7.17,Low,No,Severe,1
TXN01247,U01247,24,Male,11.01,2.29,3.43,2.46,7.92,156,100,12.74,Medium,Yes,Moderate,1
TXN01248,U01248,22,Male,5.08,5.27,0.82,2.77,8.98,38,41,7.28,High,No,Moderate,1
TXN01249,U01249,24,Female,4.97,1.03,1.03,5.55,6.34,91,179,6.94,Medium,Yes,None,0
TXN01250,U01250,25,Other,8.51,1.01,1.0,3.79,7.86,214,76,9.12,High,No,Moderate,1
TXN01251,U01251,18,Female,11.34,3.19,3.97,4.88,8.49,45,37,13.1,Low,No,Moderate,1
TXN01252,U01252,29,Male,11.41,4.64,2.23,1.4,7.83,180,161,11.96,Medium,Yes,Moderate,1
TXN01253,U01253,25,Male,9.64,4.53,0.78,1.65,5.1,137,30,11.79,Low,Yes,Moderate,1
TXN01254,U01254,24,Male,6.3,4.66,3.04,5.09,6.44,196,31,8.88,Low,No,Severe,1
TXN01255,U01255,23,Female,6.37,3.43,2.74,5.41,4.99,215,55,7.4,Low,No,Mild,0
TXN01256,U01256,25,Male,9.3,1.41,2.85,4.43,8.48,155,166,12.05,High,No,Severe,1
TXN01257,U01257,35,Male,8.94,1.69,1.8,1.45,8.27,133,86,10.23,High,Yes,Moderate,1
TXN01258,U01258,30,Female,5.66,4.75,1.86,1.0,7.12,223,47,8.41,Low,Yes,Severe,1
TXN01259,U01259,22,Other,3.48,1.49,3.5,4.89,5.58,32,145,6.13,High,Yes,None,0
TXN01260,U01260,35,Male,3.75,3.39,0.37,1.94,6.97,231,60,4.36,Medium,Yes,None,0
TXN01261,U01261,20,Male,7.66,3.94,0.29,4.47,6.96,208,97,9.31,High,No,Moderate,1
TXN01262,U01262,19,Other,9.89,4.79,3.1,4.3,8.38,205,22,10.6,Low,Yes,Moderate,1
TXN01263,U01263,24,Female,7.33,4.93,1.76,5.42,7.41,34,176,9.7,High,Yes,Moderate,1
TXN01264,U01264,28,Female,6.41,1.13,3.66,4.05,7.89,86,55,7.12,Low,No,Moderate,1
TXN01265,U01265,34,Female,11.19,0.92,0.7,4.7,6.76,221,25,12.48,Medium,Yes,Severe,1
TXN01266,U01266,18,Female,3.4,0.77,2.65,5.37,6.2,182,102,4.12,High,No,None,0
TXN01267,U01267,30,Other,8.07,1.8,0.6,1.98,5.53,102,109,10.22,Medium,No,Moderate,1
TXN01268,U01268,30,Male,9.57,3.54,0.16,3.08,6.33,81,120,11.58,High,No,Severe,1
TXN01269,U01269,34,Other,4.66,0.85,1.07,0.76,5.05,120,79,7.25,Low,Yes,Mild,0
TXN01270,U01270,26,Female,11.66,4.04,2.19,3.11,8.46,83,147,12.64,High,Yes,Moderate,1
TXN01271,U01271,26,Female,5.18,4.2,0.57,2.7,7.55,205,58,6.98,High,No,Severe,1
TXN01272,U01272,23,Male,3.19,5.34,3.03,1.22,7.75,236,150,4.77,Low,No,Severe,1
TXN01273,U01273,32,Male,10.86,5.02,1.17,5.9,6.25,110,110,13.25,Low,Yes,Severe,1
TXN01274,U01274,29,Female,6.06,4.26,1.18,5.78,8.6,25,36,7.73,Medium,No,Severe,1
TXN01275,U01275,34,Female,8.18,4.98,2.02,5.55,7.97,207,42,9.6,High,Yes,Severe,1
TXN01276,U01276,22,Male,7.19,5.07,0.25,4.29,4.67,195,178,7.83,Medium,Yes,Moderate,1
TXN01277,U01277,24,Male,11.73,5.03,0.78,3.39,7.14,246,46,13.22,Low,Yes,Moderate,1
TXN01278,U01278,21,Female,9.4,3.0,1.87,5.33,5.06,32,170,12.34,Low,Yes,Moderate,1
TXN01279,U01279,24,Female,4.21,4.04,4.0,0.72,6.33,28,34,7.1,High,No,Severe,1
TXN01280,U01280,21,Male,7.16,3.25,1.63,3.54,8.39,248,17,7.69,Low,Yes,Mild,0
TXN01281,U01281,21,Female,6.01,2.78,2.2,5.11,6.86,23,77,8.23,Medium,No,Moderate,1
TXN01282,U01282,27,Male,10.41,3.78,3.84,5.49,8.63,245,173,12.61,Medium,No,Severe,1
TXN01283,U01283,19,Female,3.69,3.82,3.23,5.29,7.38,167,88,4.46,Medium,Yes,None,0
TXN01284,U01284,34,Male,7.3,5.11,2.35,4.66,6.33,63,55,10.15,High,Yes,Moderate,1
TXN01285,U01285,32,Female,5.48,2.36,0.31,1.9,4.66,210,90,6.31,High,No,None,0
TXN01286,U01286,18,Female,10.0,2.36,1.97,2.68,6.46,222,26,11.8,Low,Yes,Moderate,1
TXN01287,U01287,18,Female,11.45,5.69,3.5,0.8,8.48,112,114,12.94,High,Yes,Moderate,1
TXN01288,U01288,22,Female,9.16,0.9,3.76,1.67,8.79,216,70,10.3,Medium,No,Moderate,1
TXN01289,U01289,34,Female,7.95,2.9,0.44,3.95,6.68,215,158,10.06,Low,Yes,Moderate,1
TXN01290,U01290,19,Female,4.04,2.17,2.22,4.87,8.93,219,64,5.4,Low,No,None,0
TXN01291,U01291,19,Other,4.91,4.05,2.46,1.18,4.96,114,130,7.14,Low,Yes,Severe,1
TXN01292,U01292,20,Other,10.23,2.07,0.73,0.59,8.98,85,164,12.75,Medium,No,Severe,1
TXN01293,U01293,27,Other,10.47,4.03,3.04,4.6,7.54,214,131,11.19,High,No,Moderate,1
TXN01294,U01294,29,Male,8.21,4.0,2.28,1.31,7.04,95,20,10.64,Medium,Yes,Moderate,1
TXN01295,U01295,21,Other,4.66,4.79,3.28,2.12,5.14,130,118,6.57,Low,No,Moderate,1
TXN01296,U01296,33,Other,4.4,4.02,1.83,2.8,8.51,184,128,5.33,Low,No,Moderate,1
TXN01297,U01297,25,Male,5.93,4.14,3.63,4.08,8.54,153,50,8.07,High,Yes,Severe,1
TXN01298,U01298,29,Other,11.64,5.38,0.47,1.28,7.63,176,126,12.99,High,Yes,Severe,1
TXN01299,U01299,29,Male,7.9,1.31,2.64,1.01,6.98,166,111,9.26,High,Yes,Mild,0
TXN01300,U01300,35,Male,7.34,2.84,2.69,4.27,5.16,68,150,8.62,Medium,Yes,Moderate,1
TXN01301,U01301,26,Male,6.59,1.32,2.35,4.75,8.32,89,175,9.34,Low,Yes,Moderate,1
TXN01302,U01302,18,Male,3.06,5.19,1.74,2.65,8.48,36,29,3.85,Medium,Yes,Moderate,1
TXN01303,U01303,24,Female,10.33,2.34,3.88,5.2,4.72,36,111,12.15,High,No,Moderate,1
TXN01304,U01304,20,Male,10.72,2.27,1.81,4.76,8.38,153,65,13.4,Medium,No,Moderate,1
TXN01305,U01305,29,Other,4.98,2.04,0.07,3.22,6.49,92,115,5.89,High,No,None,0
TXN01306,U01306,30,Male,9.87,2.76,0.52,1.25,4.59,224,38,12.23,Medium,No,Severe,1
TXN01307,U01307,23,Female,8.09,5.63,0.27,4.78,4.6,154,151,9.25,Low,Yes,Moderate,1
TXN01308,U01308,25,Other,3.8,1.23,3.73,2.47,8.69,71,103,6.59,Medium,Yes,Mild,0
TXN01309,U01309,20,Female,7.18,1.63,3.98,5.49,7.55,40,169,8.09,Medium,Yes,Mild,0
TXN01310,U01310,25,Other,10.43,5.89,1.27,3.07,6.96,108,111,11.23,Low,No,Moderate,1
TXN01311,U01311,35,Male,5.67,1.96,0.2,5.79,8.39,102,27,6.52,Medium,No,None,0
TXN01312,U01312,31,Other,5.48,5.97,0.95,1.63,5.63,46,116,7.16,Low,Yes,Severe,1
TXN01313,U01313,33,Other,9.01,1.44,0.75,0.58,5.23,43,140,11.75,High,Yes,Moderate,1
TXN01314,U01314,24,Female,5.35,5.62,1.68,3.65,6.03,232,140,7.81,High,No,Moderate,1
TXN01315,U01315,25,Other,10.87,3.47,3.51,5.16,5.3,194,96,12.39,Medium,Yes,Severe,1
TXN01316,U01316,18,Male,7.44,4.37,2.18,4.0,6.31,50,131,9.14,Low,No,Severe,1
TXN01317,U01317,30,Male,7.66,4.94,3.44,0.59,7.94,116,153,8.52,High,Yes,Moderate,1
TXN01318,U01318,29,Female,5.95,1.38,3.97,4.23,7.47,23,100,7.8,Medium,Yes,Mild,0
TXN01319,U01319,22,Male,9.59,3.38,3.08,1.46,8.92,55,98,11.51,Medium,Yes,Severe,1
TXN01320,U01320,31,Other,8.61,3.48,3.13,5.27,8.79,52,24,11.24,Low,Yes,Severe,1
TXN01321,U01321,26,Female,7.57,2.11,0.52,5.35,6.02,208,171,9.35,High,Yes,Mild,0
TXN01322,U01322,29,Female,7.07,3.5,1.83,4.96,8.61,197,127,7.8,Low,Yes,Moderate,1
TXN01323,U01323,30,Female,7.3,3.47,3.89,1.53,8.7,135,85,8.75,Low,Yes,Moderate,1
TXN01324,U01324,35,Female,7.43,3.48,3.43,3.66,6.46,147,54,10.02,Low,No,Mild,0
TXN01325,U01325,19,Male,10.11,3.43,2.73,0.5,7.4,194,175,12.59,Medium,Yes,Severe,1
TXN01326,U01326,29,Other,9.8,2.65,2.91,2.33,6.55,29,22,11.98,Low,No,Moderate,1
TXN01327,U01327,28,Other,10.67,1.98,0.73,3.38,6.57,120,65,11.52,High,No,Moderate,1
TXN01328,U01328,25,Female,8.71,1.23,2.13,3.67,5.71,120,71,11.38,Low,Yes,Severe,1
TXN01329,U01329,23,Other,5.35,4.26,3.66,1.53,7.93,204,138,6.29,Medium,No,Moderate,1
TXN01330,U01330,23,Female,6.63,3.74,3.47,1.72,6.88,220,109,7.39,High,Yes,Moderate,1
TXN01331,U01331,29,Female,3.23,4.05,2.08,5.76,8.77,163,98,3.77,Medium,No,Severe,1
TXN01332,U01332,25,Male,3.07,2.19,2.49,5.33,8.52,231,162,3.76,Low,No,Mild,0
TXN01333,U01333,19,Female,4.79,5.08,1.33,1.8,8.07,42,108,5.82,Medium,Yes,Severe,1
TXN01334,U01334,32,Female,3.97,5.05,0.81,1.69,5.28,178,69,6.51,Medium,Yes,Moderate,1
TXN01335,U01335,32,Female,10.66,0.75,3.84,1.96,8.31,198,179,13.17,Medium,Yes,Moderate,1
TXN01336,U01336,23,Male,7.11,3.89,3.79,1.17,7.16,141,158,7.76,High,Yes,Moderate,1
TXN01337,U01337,26,Male,6.25,1.79,2.06,3.57,7.95,122,56,8.98,Medium,No,Moderate,1
TXN01338,U01338,28,Other,10.78,3.71,1.66,4.65,6.93,91,91,13.44,Low,No,Severe,1
TXN01339,U01339,28,Other,11.85,5.41,1.12,3.98,7.8,128,108,14.34,Medium,No,Moderate,1
TXN01340,U01340,22,Male,5.74,3.88,0.47,0.96,7.62,105,21,6.58,Low,Yes,None,0
TXN01341,U01341,27,Male,6.35,1.76,2.59,1.78,8.81,53,179,9.04,Low,No,Moderate,1
TXN01342,U01342,24,Other,3.05,2.37,0.14,1.62,7.35,162,61,5.25,Medium,No,Mild,0
TXN01343,U01343,34,Other,8.55,2.62,2.48,4.44,5.15,237,71,10.11,High,No,Severe,1
TXN01344,U01344,31,Other,4.35,0.54,1.47,3.33,7.82,62,109,5.57,Low,Yes,None,0
TXN01345,U01345,35,Other,10.27,1.08,0.53,5.1,5.07,175,51,12.97,High,Yes,Severe,1
TXN01346,U01346,20,Male,3.53,4.56,3.54,3.36,6.37,145,55,4.54,High,No,Severe,1
TXN01347,U01347,35,Female,4.49,3.09,2.07,0.98,6.55,221,61,7.24,Medium,No,Mild,0
TXN01348,U01348,29,Other,8.06,1.96,0.54,1.35,7.07,28,98,8.92,Low,No,Severe,1
TXN01349,U01349,35,Male,5.17,1.06,0.21,5.28,7.73,50,180,6.84,Low,No,None,0
TXN01350,U01350,32,Other,10.08,4.51,3.7,4.1,8.85,234,22,11.39,Low,Yes,Moderate,1
TXN01351,U01351,31,Male,10.93,5.75,2.93,4.9,7.46,169,34,13.03,Low,Yes,Moderate,1
TXN01352,U01352,28,Male,8.88,4.36,0.98,3.68,8.53,72,96,10.77,Medium,No,Severe,1
TXN01353,U01353,33,Female,9.52,3.05,2.97,3.21,5.23,120,89,10.64,Low,No,Severe,1
TXN01354,U01354,33,Male,8.5,4.49,0.72,2.96,8.21,240,164,10.1,Low,Yes,Severe,1
TXN01355,U01355,23,Other,3.5,1.86,3.6,3.08,6.87,147,43,4.54,High,No,None,0
TXN01356,U01356,35,Male,11.51,3.35,0.52,0.65,7.54,45,49,13.99,Medium,Yes,Moderate,1
TXN01357,U01357,19,Other,10.95,1.96,2.22,3.84,8.73,246,134,12.75,High,No,Severe,1
TXN01358,U01358,24,Male,9.24,4.47,3.51,4.17,6.11,80,178,11.08,Low,Yes,Moderate,1
TXN01359,U01359,26,Male,11.8,1.8,1.55,0.95,7.08,223,161,13.1,Medium,Yes,Severe,1
TXN01360,U01360,24,Male,10.85,3.64,3.71,1.01,8.01,184,162,11.77,High,No,Moderate,1
TXN01361,U01361,27,Male,4.79,2.02,3.47,3.31,4.76,230,65,7.57,High,No,Mild,0
TXN01362,U01362,24,Male,9.18,3.25,2.43,1.13,6.29,182,53,11.51,Low,Yes,Moderate,1
TXN01363,U01363,32,Male,6.69,4.64,0.56,1.13,7.97,192,37,7.48,Medium,No,Moderate,1
TXN01364,U01364,23,Male,3.38,3.9,0.13,1.25,6.04,210,150,5.78,Low,Yes,None,0
TXN01365,U01365,27,Male,8.15,2.87,1.35,3.45,7.47,136,92,10.59,Low,Yes,Severe,1
TXN01366,U01366,21,Other,3.81,0.62,2.23,2.67,6.86,106,17,5.75,Medium,Yes,None,0
TXN01367,U01367,27,Other,6.38,0.59,3.29,1.57,8.31,109,112,8.98,Low,Yes,Mild,0
TXN01368,U01368,29,Other,4.15,4.32,1.99,0.59,4.94,136,45,5.0,Low,No,Severe,1
TXN01369,U01369,28,Female,7.86,2.63,3.05,1.22,8.31,86,34,10.58,Low,Yes,Mild,0
TXN01370,U01370,19,Female,6.8,2.49,0.65,1.77,6.73,35,57,8.8,Low,No,Mild,0
TXN01371,U01371,31,Male,10.76,0.62,0.91,1.2,5.77,186,42,12.12,Medium,Yes,Moderate,1
TXN01372,U01372,27,Female,3.29,0.82,0.07,2.5,8.57,147,159,6.08,High,No,Mild,0
TXN01373,U01373,27,Male,8.61,2.54,2.36,4.78,6.07,92,123,11.22,Low,No,Severe,1
TXN01374,U01374,22,Male,10.53,1.88,1.74,1.11,7.0,216,45,13.02,High,Yes,Moderate,1
TXN01375,U01375,18,Other,10.25,4.55,1.65,1.76,6.52,90,38,11.97,Medium,Yes,Moderate,1
TXN01376,U01376,21,Male,10.31,4.19,1.79,1.31,4.64,204,42,13.25,High,Yes,Severe,1
TXN01377,U01377,24,Female,7.58,2.75,0.41,0.8,7.71,105,35,10.5,Medium,No,Moderate,1
TXN01378,U01378,27,Female,4.8,2.7,0.46,1.58,4.58,131,61,6.17,High,No,Mild,0
TXN01379,U01379,31,Female,8.37,3.23,0.82,3.59,6.0,191,66,10.39,Low,No,Severe,1
TXN01380,U01380,30,Female,6.93,1.32,1.41,0.85,5.58,55,136,7.48,Low,No,Moderate,1
TXN01381,U01381,31,Female,3.9,5.81,2.51,0.64,4.81,49,27,5.52,Medium,No,Moderate,1
TXN01382,U01382,19,Female,3.18,4.1,2.34,3.49,8.74,37,159,5.57,High,No,Moderate,1
TXN01383,U01383,25,Female,9.01,4.39,1.27,1.45,5.65,175,143,9.6,High,No,Severe,1
TXN01384,U01384,34,Female,11.91,4.01,2.59,1.59,7.16,195,45,14.44,Medium,No,Moderate,1
TXN01385,U01385,30,Male,11.6,1.32,1.94,5.74,6.68,166,83,12.72,Low,No,Severe,1
TXN01386,U01386,24,Male,9.63,5.82,2.68,3.77,7.12,49,171,11.25,Low,Yes,Severe,1
TXN01387,U01387,31,Male,10.63,5.76,0.56,1.68,4.73,137,153,13.24,Low,Yes,Severe,1
TXN01388,U01388,23,Other,8.95,4.13,2.52,4.13,5.67,237,154,11.81,Low,Yes,Severe,1
TXN01389,U01389,34,Male,8.36,5.37,3.12,2.97,5.16,48,36,11.3,Low,No,Moderate,1
TXN01390,U01390,35,Other,11.35,5.42,1.22,1.26,7.91,135,106,13.15,High,Yes,Severe,1
TXN01391,U01391,29,Male,6.94,0.56,0.69,4.97,5.67,31,122,8.63,Medium,Yes,Mild,0
TXN01392,U01392,30,Other,8.07,2.15,1.61,4.71,7.51,60,145,10.8,High,No,Moderate,1
TXN01393,U01393,31,Other,8.04,3.28,1.85,4.64,7.1,191,137,10.2,Low,No,Moderate,1
TXN01394,U01394,29,Female,5.06,1.15,3.62,0.99,7.11,48,105,6.63,Medium,Yes,None,0
TXN01395,U01395,27,Female,9.07,4.95,2.21,1.73,7.75,110,42,11.52,Medium,No,Moderate,1
TXN01396,U01396,19,Female,10.96,5.59,2.81,2.06,7.24,118,154,12.08,Medium,No,Moderate,1
TXN01397,U01397,32,Female,7.61,1.33,1.78,1.34,6.02,118,51,8.51,Medium,Yes,Moderate,1
TXN01398,U01398,35,Female,7.92,0.5,3.87,5.78,8.0,88,151,9.42,High,Yes,Mild,0
TXN01399,U01399,22,Female,11.87,2.67,0.61,5.93,6.87,174,162,12.54,Low,Yes,Moderate,1
TXN01400,U01400,20,Male,4.93,5.06,2.35,4.66,7.76,111,168,7.03,Low,Yes,Severe,1
TXN01401,U01401,25,Female,4.92,4.46,3.58,2.38,8.91,31,80,6.22,High,Yes,Severe,1
TXN01402,U01402,18,Male,11.19,2.48,3.82,4.63,6.73,87,46,13.23,Medium,No,Moderate,1
TXN01403,U01403,27,Other,5.46,4.83,1.67,5.15,6.62,209,138,8.2,High,Yes,Moderate,1
TXN01404,U01404,26,Female,8.35,3.65,2.19,0.73,6.93,206,15,11.02,Medium,Yes,Moderate,1
TXN01405,U01405,20,Other,6.99,2.78,3.39,1.08,5.52,103,174,7.95,Medium,No,Moderate,1
TXN01406,U01406,31,Other,8.55,3.46,3.22,1.87,8.89,121,173,10.42,Medium,No,Severe,1
TXN01407,U01407,20,Other,5.95,3.74,3.92,4.92,4.72,51,172,6.79,High,Yes,None,0
TXN01408,U01408,33,Other,11.95,1.86,3.71,5.39,4.7,49,33,13.64,Medium,Yes,Moderate,1
TXN01409,U01409,35,Female,9.77,3.55,1.58,2.82,5.62,201,180,10.58,High,No,Severe,1
TXN01410,U01410,19,Male,6.41,0.54,0.1,4.11,7.08,226,49,7.66,High,No,Mild,0
TXN01411,U01411,27,Male,11.28,5.99,2.73,2.01,8.56,240,157,13.31,Medium,No,Severe,1
TXN01412,U01412,28,Other,10.1,1.94,0.06,4.85,5.9,128,108,11.83,Medium,No,Moderate,1
TXN01413,U01413,32,Female,10.04,2.2,1.28,1.71,8.02,226,170,10.61,Low,Yes,Severe,1
TXN01414,U01414,30,Male,10.88,4.81,3.42,1.51,6.38,199,89,11.52,Medium,No,Severe,1
TXN01415,U01415,19,Other,3.08,5.63,1.7,5.21,5.03,58,90,4.03,Medium,No,Severe,1
TXN01416,U01416,33,Other,5.8,1.24,1.26,0.87,4.62,40,60,7.0,Low,Yes,Mild,0
TXN01417,U01417,26,Other,7.8,3.34,1.55,0.83,7.92,157,18,8.57,High,No,Moderate,1
TXN01418,U01418,33,Male,11.92,1.2,3.5,1.45,7.18,111,128,14.75,Low,No,Severe,1
TXN01419,U01419,31,Other,10.13,5.19,2.55,2.84,5.16,48,57,10.76,High,No,Moderate,1
TXN01420,U01420,33,Female,6.08,2.87,2.79,4.51,8.4,156,27,7.73,Medium,Yes,Moderate,1
TXN01421,U01421,34,Other,4.57,1.2,2.69,4.32,5.55,103,79,5.98,Medium,Yes,None,0
TXN01422,U01422,31,Male,5.29,4.09,1.14,3.07,7.83,242,65,7.9,Low,Yes,Moderate,1
TXN01423,U01423,22,Female,11.41,5.92,1.14,3.45,7.94,207,140,13.62,High,Yes,Severe,1
TXN01424,U01424,30,Male,9.88,1.84,1.17,4.03,7.84,145,58,10.46,High,No,Moderate,1
TXN01425,U01425,33,Other,6.18,0.57,2.17,4.91,4.8,220,114,9.09,Low,No,Moderate,1
TXN01426,U01426,24,Female,3.3,3.85,3.17,1.76,7.74,148,52,4.47,Low,No,None,0
TXN01427,U01427,18,Female,3.32,5.56,2.8,3.99,4.97,37,116,4.92,High,No,Moderate,1
TXN01428,U01428,29,Other,11.9,2.03,1.02,4.19,6.12,87,124,12.53,High,Yes,Severe,1
TXN01429,U01429,20,Other,7.28,3.91,1.8,4.81,4.98,184,97,8.38,High,Yes,Mild,0
TXN01430,U01430,32,Female,11.64,3.32,1.02,3.46,6.24,179,160,13.59,High,Yes,Moderate,1
TXN01431,U01431,28,Other,7.33,4.37,3.35,1.08,8.28,194,50,8.46,Low,Yes,Moderate,1
TXN01432,U01432,35,Other,9.73,2.6,1.01,1.97,8.57,232,157,11.85,High,No,Moderate,1
TXN01433,U01433,25,Other,5.14,4.86,0.6,1.12,7.41,160,142,5.72,Low,Yes,Moderate,1
TXN01434,U01434,34,Male,11.32,4.41,2.23,1.67,5.16,31,44,11.86,Low,Yes,Moderate,1
TXN01435,U01435,20,Male,9.22,2.62,1.74,1.13,8.6,150,176,11.21,High,No,Severe,1
TXN01436,U01436,18,Other,7.93,5.0,0.76,2.61,4.92,35,75,10.67,Medium,No,Moderate,1
TXN01437,U01437,20,Female,8.31,4.65,3.14,2.02,8.02,216,155,10.41,Low,No,Severe,1
TXN01438,U01438,28,Female,10.49,4.85,0.14,1.59,7.98,24,132,13.08,Medium,Yes,Moderate,1
TXN01439,U01439,26,Female,11.49,5.74,2.35,2.91,4.84,25,26,13.08,High,No,Severe,1
TXN01440,U01440,20,Female,3.66,5.48,1.57,2.54,8.4,201,38,5.92,Low,No,Moderate,1
TXN01441,U01441,35,Other,5.92,2.69,3.27,5.54,5.71,178,135,6.52,High,Yes,Mild,0
TXN01442,U01442,24,Male,6.87,3.52,1.18,1.27,6.9,165,159,8.92,Low,No,Moderate,1
TXN01443,U01443,34,Female,5.11,2.88,2.22,5.44,7.05,140,150,8.1,High,No,None,0
TXN01444,U01444,18,Male,6.34,3.75,0.72,2.99,4.85,136,111,6.9,High,Yes,Mild,0
TXN01445,U01445,20,Female,4.19,5.35,3.06,2.47,8.32,181,148,6.13,Low,No,Moderate,1
TXN01446,U01446,20,Male,7.98,0.53,3.77,5.44,6.16,55,33,10.44,Medium,No,Moderate,1
TXN01447,U01447,32,Female,7.38,2.1,0.36,4.61,6.7,118,169,8.34,Low,Yes,Mild,0
TXN01448,U01448,20,Male,8.48,3.76,3.76,2.9,5.3,56,169,11.34,Medium,Yes,Severe,1
TXN01449,U01449,26,Other,9.49,2.52,3.66,1.08,6.99,194,90,10.92,Low,No,Severe,1
TXN01450,U01450,22,Other,3.03,3.68,0.51,5.28,6.74,20,162,3.58,High,Yes,None,0
TXN01451,U01451,30,Other,4.98,4.37,1.37,2.01,4.74,63,69,7.55,Medium,No,Moderate,1
TXN01452,U01452,23,Other,11.28,3.86,3.55,5.37,5.76,34,37,12.99,High,Yes,Moderate,1
TXN01453,U01453,26,Other,9.45,1.82,0.54,2.81,6.25,158,110,9.97,Low,Yes,Severe,1
TXN01454,U01454,19,Male,3.82,3.66,3.9,3.86,8.3,246,42,6.77,High,Yes,Mild,0
TXN01455,U01455,31,Male,3.73,5.34,2.98,1.75,8.18,223,127,4.36,High,Yes,Moderate,1
TXN01456,U01456,19,Other,7.16,4.95,2.37,4.24,4.52,143,80,9.93,High,Yes,Severe,1
TXN01457,U01457,28,Male,9.29,1.75,2.58,4.89,6.85,125,166,11.18,Low,No,Severe,1
TXN01458,U01458,26,Other,5.51,3.1,0.46,5.1,4.9,179,146,8.32,Medium,Yes,Mild,0
TXN01459,U01459,20,Other,4.92,4.74,3.09,0.7,6.0,59,105,7.36,High,No,Moderate,1
TXN01460,U01460,23,Female,3.62,5.41,0.85,5.35,8.06,112,127,4.76,Low,No,Moderate,1
TXN01461,U01461,34,Other,3.54,5.24,3.92,2.89,7.85,134,64,5.51,Low,No,Severe,1
TXN01462,U01462,34,Other,4.76,2.17,0.71,4.9,6.22,224,176,7.68,Medium,No,None,0
TXN01463,U01463,19,Female,5.98,0.79,3.27,5.6,7.67,120,107,7.6,Medium,No,None,0
TXN01464,U01464,30,Other,4.44,3.61,2.92,0.55,4.65,105,98,5.21,Medium,No,None,0
TXN01465,U01465,21,Female,11.01,1.05,0.33,1.05,8.01,119,39,13.01,High,Yes,Moderate,1
TXN01466,U01466,27,Female,9.34,2.95,1.56,4.28,5.3,182,21,10.86,High,No,Moderate,1
TXN01467,U01467,26,Male,9.29,0.96,0.71,0.5,4.87,54,61,10.88,Medium,No,Moderate,1
TXN01468,U01468,23,Female,10.74,4.68,2.8,0.78,5.94,106,69,13.4,Low,No,Severe,1
TXN01469,U01469,28,Other,3.29,2.05,3.82,3.21,7.94,200,63,5.9,Medium,Yes,Mild,0
TXN01470,U01470,29,Other,8.8,5.52,2.67,5.06,4.72,120,88,11.69,High,Yes,Severe,1
TXN01471,U01471,18,Male,4.83,5.43,0.47,2.03,5.07,28,69,6.4,High,No,Moderate,1
TXN01472,U01472,35,Male,5.7,3.87,0.38,1.72,7.44,245,172,7.74,Low,No,Mild,0
TXN01473,U01473,29,Female,9.17,2.37,0.18,2.63,4.65,124,139,11.09,High,Yes,Moderate,1
TXN01474,U01474,31,Other,11.49,5.5,2.19,0.91,6.24,132,137,12.65,High,Yes,Severe,1
TXN01475,U01475,26,Male,9.25,1.19,3.56,1.7,5.37,237,88,10.52,High,No,Moderate,1
TXN01476,U01476,18,Female,6.53,3.02,3.04,5.16,6.0,22,70,7.43,Medium,Yes,Mild,0
TXN01477,U01477,24,Other,11.87,2.22,0.52,2.65,5.79,137,152,13.01,High,Yes,Moderate,1
TXN01478,U01478,22,Female,4.97,1.72,1.32,1.02,4.57,221,23,6.9,High,No,None,0
TXN01479,U01479,25,Female,3.05,4.7,2.16,5.52,6.8,82,18,3.93,Low,Yes,Severe,1
TXN01480,U01480,32,Other,4.98,1.25,3.71,2.05,7.55,136,100,7.37,High,No,Mild,0
TXN01481,U01481,23,Male,3.79,3.76,2.37,2.83,5.25,31,74,6.67,Low,No,None,0
TXN01482,U01482,22,Male,7.12,2.45,0.75,1.91,8.92,247,21,9.36,Low,Yes,Moderate,1
TXN01483,U01483,20,Male,10.21,5.13,0.9,4.64,4.53,68,125,12.46,Low,Yes,Moderate,1
TXN01484,U01484,29,Other,11.16,3.38,0.5,3.65,6.7,21,108,13.07,Medium,Yes,Moderate,1
TXN01485,U01485,31,Other,4.9,2.54,2.2,0.95,7.15,100,160,7.27,High,No,None,0
TXN01486,U01486,21,Other,6.44,3.34,2.84,4.63,7.98,80,137,8.28,High,Yes,Mild,0
TXN01487,U01487,30,Other,8.48,1.35,3.63,3.14,5.28,150,85,9.81,Medium,Yes,Moderate,1
TXN01488,U01488,22,Other,4.51,4.65,0.65,0.8,6.98,177,90,6.35,High,Yes,Moderate,1
TXN01489,U01489,22,Female,3.53,0.99,1.11,5.93,7.45,207,48,6.34,High,Yes,None,0
TXN01490,U01490,29,Female,8.2,4.41,2.8,4.2,7.81,208,18,9.02,High,Yes,Moderate,1
TXN01491,U01491,22,Male,4.97,1.22,2.87,3.24,8.33,52,41,6.08,High,Yes,None,0
TXN01492,U01492,34,Female,3.84,2.35,0.19,1.89,5.39,194,29,5.2,High,Yes,Mild,0
TXN01493,U01493,32,Other,6.2,5.47,0.38,3.45,5.09,38,20,8.33,High,Yes,Severe,1
TXN01494,U01494,20,Other,7.23,2.58,2.43,5.23,5.22,211,150,8.28,Low,No,Mild,0
TXN01495,U01495,35,Other,10.39,0.87,1.55,1.39,7.05,225,66,13.24,Medium,No,Moderate,1
TXN01496,U01496,19,Other,6.3,3.56,1.47,5.13,8.29,120,132,9.19,Low,No,Mild,0
TXN01497,U01497,30,Female,11.37,0.96,2.05,2.67,6.13,97,163,12.59,Medium,No,Moderate,1
TXN01498,U01498,31,Female,6.52,1.58,1.22,4.74,7.73,165,121,7.88,Medium,No,Mild,0
TXN01499,U01499,24,Other,4.17,1.43,0.54,5.35,5.03,95,52,5.31,Medium,Yes,Mild,0
TXN01500,U01500,35,Male,9.26,1.97,0.61,4.24,8.33,182,25,11.09,Medium,Yes,Severe,1
TXN01501,U01501,25,Male,9.52,5.49,2.84,4.12,7.07,117,82,10.57,High,No,Moderate,1
TXN01502,U01502,27,Other,11.53,5.86,0.75,2.51,4.76,156,75,12.59,Medium,Yes,Moderate,1
TXN01503,U01503,25,Other,3.7,4.39,1.46,4.18,6.75,27,110,6.65,Medium,No,Severe,1
TXN01504,U01504,30,Female,11.25,3.6,1.07,2.32,6.54,170,83,13.55,High,No,Moderate,1
TXN01505,U01505,25,Male,6.93,3.6,3.96,1.99,6.24,206,167,9.37,Medium,Yes,Moderate,1
TXN01506,U01506,26,Female,4.14,1.47,1.14,0.62,7.64,22,161,5.47,High,No,None,0
TXN01507,U01507,23,Male,9.84,3.78,1.29,5.67,7.09,121,92,12.45,Low,Yes,Moderate,1
TXN01508,U01508,32,Other,10.83,2.02,0.96,4.77,7.15,50,83,11.78,Low,No,Moderate,1
TXN01509,U01509,26,Other,8.86,3.71,0.99,5.43,8.73,229,44,10.11,Medium,No,Moderate,1
TXN01510,U01510,19,Other,7.08,2.77,2.63,3.02,4.97,194,19,7.65,High,Yes,Moderate,1
TXN01511,U01511,29,Other,11.28,1.28,0.48,2.53,6.97,43,157,12.48,Low,Yes,Severe,1
TXN01512,U01512,26,Other,9.65,1.47,3.56,3.28,6.57,88,142,10.27,Medium,Yes,Moderate,1
TXN01513,U01513,18,Other,9.22,2.76,1.37,4.58,5.16,133,133,10.85,High,No,Severe,1
TXN01514,U01514,28,Female,6.66,1.57,0.01,2.03,4.78,231,26,9.47,High,No,Mild,0
TXN01515,U01515,35,Other,3.57,5.6,1.47,4.07,7.46,31,24,4.13,Low,No,Moderate,1
TXN01516,U01516,22,Female,3.59,1.52,1.85,5.16,5.38,128,21,5.6,Low,Yes,None,0
TXN01517,U01517,34,Other,10.26,4.32,1.98,1.4,4.66,51,65,11.71,Medium,No,Moderate,1
TXN01518,U01518,30,Other,4.58,4.46,2.4,1.53,7.77,239,139,7.04,Medium,Yes,Severe,1
TXN01519,U01519,29,Other,10.45,5.23,2.73,5.5,5.17,58,178,12.68,Medium,Yes,Moderate,1
TXN01520,U01520,23,Female,3.01,2.5,1.89,4.31,8.52,232,71,5.46,Low,Yes,None,0
TXN01521,U01521,31,Male,3.78,2.43,0.14,2.68,8.58,161,132,4.39,Low,No,Mild,0
TXN01522,U01522,34,Other,10.26,5.06,0.8,0.71,4.56,51,54,11.75,Medium,Yes,Moderate,1
TXN01523,U01523,20,Male,11.67,3.21,3.18,3.97,8.65,215,82,13.51,Medium,No,Severe,1
TXN01524,U01524,28,Other,6.98,1.94,0.58,5.89,8.84,196,54,7.83,Low,Yes,Mild,0
TXN01525,U01525,27,Male,5.28,1.35,2.24,4.19,7.83,59,176,7.93,Low,No,Mild,0
TXN01526,U01526,30,Male,4.65,5.39,3.97,2.36,6.17,32,114,5.76,High,No,Moderate,1
TXN01527,U01527,21,Male,7.78,1.99,2.73,3.2,4.97,80,16,9.49,Medium,Yes,Moderate,1
TXN01528,U01528,35,Other,5.92,0.57,2.64,1.71,6.23,122,29,7.69,Medium,No,None,0
TXN01529,U01529,33,Female,8.91,2.62,1.26,2.02,6.64,112,96,10.04,Low,Yes,Moderate,1
TXN01530,U01530,20,Other,6.85,4.46,0.29,3.61,8.63,107,99,8.42,Low,Yes,Severe,1
TXN01531,U01531,24,Female,8.32,2.98,1.99,4.93,4.77,225,15,10.85,Low,No,Moderate,1
TXN01532,U01532,23,Other,9.0,0.89,3.47,3.23,5.11,189,37,9.87,Low,Yes,Moderate,1
TXN01533,U01533,31,Male,11.15,3.91,1.85,3.62,6.54,29,159,14.04,Medium,Yes,Moderate,1
TXN01534,U01534,31,Female,7.41,3.16,0.32,3.81,7.97,53,127,9.54,High,Yes,Moderate,1
TXN01535,U01535,34,Male,7.81,3.11,2.18,2.44,8.28,73,176,10.02,High,No,Mild,0
TXN01536,U01536,20,Male,8.67,2.6,1.24,0.67,6.81,205,163,10.76,Low,Yes,Moderate,1
TXN01537,U01537,19,Female,4.43,3.72,1.41,0.63,6.07,226,111,5.61,Medium,No,Mild,0
TXN01538,U01538,18,Female,9.4,0.51,1.68,3.59,6.28,99,154,11.56,Medium,No,Severe,1
TXN01539,U01539,32,Male,8.34,5.58,3.54,0.99,8.17,118,103,9.91,Low,No,Severe,1
TXN01540,U01540,18,Female,6.66,2.44,2.8,3.09,4.67,209,113,9.6,High,No,Mild,0
TXN01541,U01541,32,Other,3.71,5.36,2.26,2.47,7.06,117,72,5.01,Low,No,Severe,1
TXN01542,U01542,18,Other,4.61,2.42,0.65,1.39,6.36,72,124,5.86,Low,No,Mild,0
TXN01543,U01543,35,Other,10.56,4.7,2.45,2.42,5.77,188,126,11.68,Medium,No,Severe,1
TXN01544,U01544,25,Other,5.77,1.92,0.29,5.43,7.25,121,160,8.59,High,Yes,None,0
TXN01545,U01545,26,Male,5.48,2.98,0.91,5.35,8.45,87,19,7.29,High,Yes,None,0
TXN01546,U01546,19,Male,8.34,3.25,0.51,4.48,7.76,75,162,10.51,High,No,Moderate,1
TXN01547,U01547,23,Female,3.93,0.54,3.58,3.64,5.08,196,59,4.72,Medium,Yes,Mild,0
TXN01548,U01548,27,Male,11.09,3.35,0.77,3.97,8.03,114,101,12.77,High,Yes,Moderate,1
TXN01549,U01549,25,Male,3.09,2.16,2.27,5.17,6.22,36,52,5.4,Low,Yes,None,0
TXN01550,U01550,29,Female,3.96,4.78,0.82,5.25,6.0,120,106,5.78,High,No,Moderate,1
TXN01551,U01551,28,Female,8.65,5.12,3.86,3.55,6.44,226,35,11.46,High,Yes,Moderate,1
TXN01552,U01552,29,Male,7.97,1.54,2.78,2.68,5.5,38,72,10.81,High,No,Mild,0
TXN01553,U01553,27,Female,11.01,1.55,1.63,5.63,7.83,28,78,12.0,Medium,No,Moderate,1
TXN01554,U01554,31,Male,4.87,1.09,1.21,4.15,7.71,126,144,7.22,High,No,None,0
TXN01555,U01555,35,Other,10.12,5.94,2.6,4.41,8.54,165,86,11.57,High,Yes,Moderate,1
TXN01556,U01556,20,Male,8.82,5.85,1.75,2.07,6.6,68,24,10.08,Medium,Yes,Moderate,1
TXN01557,U01557,35,Female,10.15,5.09,3.79,1.4,8.17,176,86,11.71,Medium,Yes,Severe,1
TXN01558,U01558,23,Male,4.79,1.23,3.98,3.93,5.55,54,19,5.63,Medium,Yes,None,0
TXN01559,U01559,18,Male,5.07,1.71,1.01,3.08,4.8,197,46,7.25,Medium,No,Mild,0
TXN01560,U01560,32,Other,10.7,1.28,1.91,3.85,7.88,100,78,13.45,Low,Yes,Severe,1
TXN01561,U01561,29,Male,4.9,0.93,3.61,5.51,7.81,162,81,7.44,Low,Yes,None,0
TXN01562,U01562,26,Other,9.45,5.73,0.53,1.2,5.83,37,163,11.97,Low,Yes,Severe,1
TXN01563,U01563,23,Female,11.62,4.14,0.53,0.79,6.18,132,120,14.41,Medium,No,Moderate,1
TXN01564,U01564,33,Other,5.89,1.93,0.42,4.83,7.2,240,61,8.7,Low,No,Mild,0
TXN01565,U01565,35,Female,5.05,5.3,1.76,4.84,6.61,57,101,6.81,Low,Yes,Moderate,1
TXN01566,U01566,19,Female,10.22,3.72,2.75,2.62,7.91,92,80,13.01,High,Yes,Moderate,1
TXN01567,U01567,25,Other,8.64,2.98,3.08,0.92,5.34,53,36,9.35,Low,Yes,Severe,1
TXN01568,U01568,19,Female,5.12,2.41,2.75,2.79,8.63,177,27,7.29,Low,No,None,0
TXN01569,U01569,27,Other,9.24,4.89,3.73,3.79,6.09,170,173,11.28,High,No,Moderate,1
TXN01570,U01570,28,Male,9.62,5.44,0.44,1.06,5.29,146,114,11.99,Low,Yes,Severe,1
TXN01571,U01571,23,Male,3.19,5.21,0.6,1.12,5.29,193,97,5.4,Medium,No,Moderate,1
TXN01572,U01572,18,Male,9.23,4.99,0.81,2.09,5.86,244,19,10.49,High,No,Severe,1
TXN01573,U01573,26,Other,7.18,4.92,0.04,2.56,7.57,216,144,9.39,Low,No,Moderate,1
TXN01574,U01574,32,Male,7.47,3.93,3.62,2.68,7.36,73,55,10.34,High,No,Moderate,1
TXN01575,U01575,26,Female,4.66,5.57,1.9,4.87,5.22,111,160,5.54,Medium,Yes,Severe,1
TXN01576,U01576,35,Female,3.75,4.95,0.54,4.1,7.08,60,53,5.73,Low,Yes,Severe,1
TXN01577,U01577,24,Male,3.38,3.75,1.26,4.16,7.12,79,126,4.49,High,Yes,Mild,0
TXN01578,U01578,27,Male,8.98,5.75,0.17,2.57,6.01,86,174,10.77,High,No,Moderate,1
TXN01579,U01579,24,Other,9.51,1.73,2.15,5.18,4.7,166,151,12.14,Low,Yes,Moderate,1
TXN01580,U01580,20,Female,4.59,1.34,3.8,1.45,4.84,211,90,6.37,Low,No,None,0
TXN01581,U01581,35,Female,6.75,3.25,1.61,5.41,4.97,169,43,8.58,Medium,Yes,Moderate,1
TXN01582,U01582,27,Male,9.75,5.1,2.69,0.73,6.25,165,143,12.54,Medium,No,Severe,1
TXN01583,U01583,28,Other,7.69,4.77,3.84,4.01,5.77,242,117,10.06,High,Yes,Severe,1
TXN01584,U01584,22,Female,4.96,4.12,0.45,1.28,8.69,227,52,5.91,Low,Yes,Moderate,1
TXN01585,U01585,20,Female,3.41,1.4,1.01,1.69,8.88,92,139,6.25,High,Yes,None,0
TXN01586,U01586,32,Other,4.38,4.68,2.35,3.77,7.26,167,149,5.12,Low,Yes,Moderate,1
TXN01587,U01587,35,Male,3.18,1.71,1.73,2.75,7.82,210,58,5.45,Low,Yes,Mild,0
TXN01588,U01588,23,Other,7.85,1.56,1.58,5.3,4.52,181,26,9.17,Low,No,Mild,0
TXN01589,U01589,25,Female,7.95,0.51,1.42,4.29,8.66,235,172,8.88,High,Yes,Mild,0
TXN01590,U01590,30,Other,7.81,2.88,3.29,4.66,8.7,239,73,8.75,High,Yes,Moderate,1
TXN01591,U01591,24,Female,4.93,3.16,3.6,0.96,6.01,49,176,7.84,Medium,Yes,Mild,0
TXN01592,U01592,21,Other,5.23,3.54,3.86,1.1,8.88,68,54,7.39,Low,Yes,None,0
TXN01593,U01593,22,Female,3.89,3.47,2.03,5.84,6.07,67,133,6.23,High,Yes,Mild,0
TXN01594,U01594,18,Other,6.65,5.43,1.97,1.02,4.7,213,176,8.96,High,Yes,Moderate,1
TXN01595,U01595,35,Other,7.7,5.21,3.25,1.86,4.84,52,134,9.72,Medium,Yes,Severe,1
TXN01596,U01596,21,Other,6.17,3.76,2.32,3.43,5.61,197,91,7.54,Medium,Yes,Mild,0
TXN01597,U01597,22,Female,9.31,2.57,2.78,5.02,6.9,215,58,11.34,Medium,Yes,Moderate,1
TXN01598,U01598,32,Female,4.84,3.89,2.37,5.4,5.23,103,72,6.85,High,No,None,0
TXN01599,U01599,27,Female,10.98,3.69,2.43,2.95,7.32,56,173,12.51,High,No,Moderate,1
TXN01600,U01600,30,Female,7.36,3.59,2.21,3.77,5.88,194,142,8.5,Medium,No,Moderate,1
TXN01601,U01601,20,Female,11.58,1.56,2.43,3.27,5.86,125,133,12.69,Medium,No,Moderate,1
TXN01602,U01602,35,Male,10.28,1.09,1.52,4.77,6.9,87,89,11.57,High,Yes,Severe,1
TXN01603,U01603,28,Other,11.68,1.15,3.55,0.67,6.29,137,25,13.17,Medium,Yes,Moderate,1
TXN01604,U01604,23,Female,5.44,5.08,1.43,1.07,5.5,162,153,7.37,Low,Yes,Severe,1
TXN01605,U01605,27,Male,9.0,3.47,0.95,3.77,6.63,233,42,10.88,Medium,Yes,Moderate,1
TXN01606,U01606,32,Other,10.09,5.53,0.19,1.67,7.56,204,114,12.49,Medium,Yes,Severe,1
TXN01607,U01607,24,Female,3.16,5.83,1.43,2.11,7.01,216,159,4.14,Medium,No,Severe,1
TXN01608,U01608,19,Male,7.52,3.14,2.88,0.61,5.03,140,56,9.06,High,Yes,Mild,0
TXN01609,U01609,24,Female,6.85,5.39,0.49,1.77,8.64,97,79,7.68,High,Yes,Severe,1
TXN01610,U01610,26,Male,8.99,5.75,2.23,5.61,8.18,115,57,10.24,Low,No,Moderate,1
TXN01611,U01611,21,Female,5.91,2.39,2.39,5.3,5.12,128,60,6.87,Low,Yes,None,0
TXN01612,U01612,25,Other,4.94,3.99,2.64,2.92,4.63,147,93,6.64,Medium,No,Mild,0
TXN01613,U01613,28,Male,6.35,1.73,1.75,1.44,8.32,229,74,8.19,Medium,Yes,Moderate,1
TXN01614,U01614,22,Male,5.59,4.51,0.87,1.41,8.23,250,167,6.23,High,Yes,Severe,1
TXN01615,U01615,23,Female,11.52,5.62,0.27,4.44,6.63,219,178,12.38,Medium,No,Moderate,1
TXN01616,U01616,26,Male,7.82,3.5,0.99,2.41,5.94,192,97,9.71,Low,Yes,Moderate,1
TXN01617,U01617,29,Female,4.26,5.23,0.41,1.14,6.76,145,109,6.3,Medium,Yes,Moderate,1
TXN01618,U01618,19,Female,7.76,4.0,1.45,3.8,5.66,136,93,8.93,Low,No,Mild,0
TXN01619,U01619,22,Male,5.68,5.31,2.93,5.19,5.83,233,133,6.48,High,No,Severe,1
TXN01620,U01620,26,Male,5.6,5.46,0.81,2.33,6.7,156,22,6.66,Low,Yes,Severe,1
TXN01621,U01621,20,Female,9.2,1.82,2.58,5.55,8.91,129,24,10.98,High,Yes,Moderate,1
TXN01622,U01622,23,Female,7.32,3.11,0.04,5.05,6.46,100,31,8.6,Low,No,Moderate,1
TXN01623,U01623,28,Female,10.49,1.67,1.31,1.75,8.15,220,146,11.12,High,Yes,Severe,1
TXN01624,U01624,33,Female,4.69,2.04,1.53,0.98,6.66,210,111,7.52,High,No,None,0
TXN01625,U01625,25,Other,4.89,2.68,2.35,3.67,8.5,181,125,6.04,Medium,Yes,None,0
TXN01626,U01626,19,Male,4.01,3.43,2.22,3.14,7.1,156,74,6.59,High,No,None,0
TXN01627,U01627,20,Other,7.86,2.75,2.09,5.48,5.27,95,114,9.05,High,No,Moderate,1
TXN01628,U01628,29,Other,6.94,3.59,3.51,5.03,8.5,104,177,9.21,Medium,Yes,Mild,0
TXN01629,U01629,19,Other,4.61,0.89,2.98,3.05,6.92,189,176,7.21,Low,No,None,0
TXN01630,U01630,32,Female,11.09,3.04,3.7,4.63,6.88,87,99,13.62,Medium,Yes,Severe,1
TXN01631,U01631,23,Other,7.71,2.65,2.09,0.96,7.77,183,22,8.73,High,No,Moderate,1
TXN01632,U01632,21,Other,9.98,3.68,2.44,5.92,8.25,40,85,12.84,Medium,Yes,Moderate,1
TXN01633,U01633,23,Female,10.5,2.95,2.31,2.54,5.17,240,123,13.31,High,Yes,Moderate,1
TXN01634,U01634,20,Male,8.65,4.11,2.98,3.46,4.59,204,133,11.55,Low,No,Moderate,1
TXN01635,U01635,30,Female,3.18,4.59,0.49,1.83,7.13,22,78,6.08,High,Yes,Severe,1
TXN01636,U01636,22,Male,8.82,2.23,0.49,4.48,4.69,35,150,10.14,High,Yes,Moderate,1
TXN01637,U01637,27,Female,5.95,5.34,1.2,4.43,5.43,37,102,8.78,High,No,Moderate,1
TXN01638,U01638,30,Other,4.26,2.92,0.87,2.42,7.74,122,160,5.37,Medium,Yes,None,0
TXN01639,U01639,18,Male,8.64,3.5,3.9,5.87,8.29,130,38,10.06,Medium,No,Moderate,1
TXN01640,U01640,28,Other,10.75,5.01,0.96,3.18,5.34,108,44,11.5,Medium,Yes,Severe,1
TXN01641,U01641,19,Male,8.94,5.11,3.64,3.09,5.32,27,55,10.8,Medium,No,Severe,1
TXN01642,U01642,28,Other,11.23,2.12,2.08,2.58,5.65,37,120,11.92,Low,No,Severe,1
TXN01643,U01643,24,Male,6.01,5.3,2.54,2.15,8.23,30,110,8.92,Low,Yes,Moderate,1
TXN01644,U01644,33,Female,11.82,0.55,0.57,2.81,6.4,239,145,14.5,Medium,No,Severe,1
TXN01645,U01645,21,Female,7.76,3.68,2.37,4.87,8.67,167,120,9.7,Low,No,Moderate,1
TXN01646,U01646,26,Female,9.26,5.23,2.64,3.84,8.84,20,160,10.19,High,No,Severe,1
TXN01647,U01647,28,Male,9.79,2.43,3.42,1.8,8.24,104,152,12.16,Medium,Yes,Severe,1
TXN01648,U01648,32,Male,5.39,1.58,2.57,2.84,6.99,163,45,7.86,Medium,No,None,0
TXN01649,U01649,27,Other,11.52,3.75,3.04,5.46,6.78,72,155,13.19,High,No,Moderate,1
TXN01650,U01650,25,Male,4.93,2.06,1.9,0.58,5.63,79,17,6.94,High,Yes,Mild,0
TXN01651,U01651,34,Male,10.43,5.3,3.88,1.52,5.07,54,104,11.59,Low,Yes,Severe,1
TXN01652,U01652,23,Male,10.76,1.78,0.34,0.69,7.44,135,133,11.59,Medium,No,Moderate,1
TXN01653,U01653,19,Other,9.37,3.22,2.37,4.37,4.95,75,55,10.55,Low,Yes,Moderate,1
TXN01654,U01654,33,Other,9.43,2.2,3.82,5.58,5.15,90,154,12.31,Low,No,Moderate,1
TXN01655,U01655,30,Male,11.85,5.26,2.3,1.63,5.3,40,141,14.45,Low,Yes,Severe,1
TXN01656,U01656,26,Other,10.49,4.32,2.69,1.45,4.95,156,174,11.12,Low,No,Severe,1
TXN01657,U01657,31,Other,3.89,2.6,0.2,0.57,6.96,134,58,4.53,Low,Yes,None,0
TXN01658,U01658,28,Female,10.01,1.8,3.57,2.78,5.11,166,107,11.0,High,Yes,Moderate,1
TXN01659,U01659,32,Other,7.28,2.22,0.24,3.22,5.11,224,159,10.19,Low,No,Mild,0
TXN01660,U01660,32,Male,3.81,4.64,0.14,2.98,5.22,47,67,5.66,Medium,Yes,Severe,1
TXN01661,U01661,30,Other,7.46,1.52,0.1,5.03,5.92,201,86,9.82,Low,No,Mild,0
TXN01662,U01662,23,Female,7.92,5.96,0.27,5.09,6.55,98,77,9.44,Low,Yes,Severe,1
TXN01663,U01663,22,Other,4.65,1.29,2.59,0.58,6.04,74,165,5.82,Low,Yes,None,0
TXN01664,U01664,26,Female,5.75,5.03,3.19,3.11,5.31,177,20,6.77,Low,No,Severe,1
TXN01665,U01665,21,Female,5.02,1.22,1.64,4.08,7.21,96,157,5.58,High,Yes,Mild,0
TXN01666,U01666,29,Female,8.26,2.43,1.53,1.22,4.98,190,43,9.56,High,Yes,Moderate,1
TXN01667,U01667,35,Male,10.93,5.96,2.81,4.53,8.11,246,120,12.07,High,No,Severe,1
TXN01668,U01668,24,Other,7.17,6.0,3.63,3.25,5.71,136,81,7.73,High,Yes,Severe,1
TXN01669,U01669,35,Male,11.79,5.87,0.44,0.68,5.81,236,160,12.62,Medium,No,Moderate,1
TXN01670,U01670,30,Female,8.14,4.49,2.12,5.03,8.52,71,115,10.16,High,Yes,Moderate,1
TXN01671,U01671,25,Female,5.51,1.98,1.75,2.97,8.78,149,55,6.3,High,No,Mild,0
TXN01672,U01672,31,Female,4.69,4.43,0.04,0.86,5.25,210,140,6.91,High,Yes,Moderate,1
TXN01673,U01673,28,Male,3.01,1.64,0.87,0.84,4.58,152,111,4.13,Medium,No,Mild,0
TXN01674,U01674,21,Other,8.51,0.52,2.08,4.72,7.06,43,46,9.64,Medium,Yes,Moderate,1
TXN01675,U01675,20,Female,6.46,4.64,2.51,5.01,5.12,146,66,9.29,High,No,Moderate,1
TXN01676,U01676,18,Male,7.88,4.53,1.2,5.94,8.78,238,155,9.44,Medium,No,Moderate,1
TXN01677,U01677,19,Male,3.21,3.78,3.36,3.74,5.75,76,78,4.8,Low,Yes,Mild,0
TXN01678,U01678,21,Male,7.71,0.97,0.37,3.82,7.41,197,81,9.03,Low,No,Mild,0
TXN01679,U01679,24,Female,8.72,4.93,2.66,0.88,5.42,215,76,9.91,Medium,Yes,Severe,1
TXN01680,U01680,30,Male,11.49,3.84,1.0,3.7,7.67,240,118,13.07,Low,Yes,Moderate,1
TXN01681,U01681,35,Other,4.24,5.35,2.88,4.96,7.68,158,38,6.46,Low,Yes,Moderate,1
TXN01682,U01682,32,Female,8.37,4.72,3.87,1.32,8.51,56,23,10.2,High,Yes,Severe,1
TXN01683,U01683,28,Male,11.14,3.07,3.16,2.47,8.87,125,94,12.04,Low,No,Severe,1
TXN01684,U01684,18,Other,5.65,1.38,0.38,4.74,8.78,161,99,6.42,Low,No,None,0
TXN01685,U01685,23,Other,10.08,5.86,1.38,0.6,7.5,248,116,10.87,Low,Yes,Severe,1
TXN01686,U01686,23,Other,4.97,1.95,1.63,0.8,5.08,82,148,5.83,Low,Yes,None,0
TXN01687,U01687,23,Male,4.8,5.47,2.27,5.95,7.32,37,104,5.52,Low,No,Severe,1
TXN01688,U01688,33,Other,9.62,2.89,1.3,5.76,7.97,207,81,10.9,High,Yes,Severe,1
TXN01689,U01689,23,Male,11.04,5.88,1.68,1.7,7.35,118,21,11.81,Low,No,Moderate,1
TXN01690,U01690,29,Female,7.49,4.59,2.5,1.63,7.79,145,53,8.64,Medium,No,Moderate,1
TXN01691,U01691,31,Male,7.81,1.4,1.27,1.06,7.56,231,132,9.98,Low,No,Moderate,1
TXN01692,U01692,34,Other,6.53,2.8,3.24,5.64,8.69,220,117,9.41,Low,No,Mild,0
TXN01693,U01693,32,Other,10.95,2.75,2.18,3.31,8.3,222,174,12.18,Medium,Yes,Moderate,1
TXN01694,U01694,19,Male,8.75,2.49,0.15,5.86,4.99,150,92,10.5,Medium,No,Moderate,1
TXN01695,U01695,25,Female,5.82,2.0,0.84,0.8,7.77,244,111,7.69,Low,Yes,None,0
TXN01696,U01696,31,Other,10.59,3.83,3.0,1.4,5.66,221,59,11.13,Medium,No,Severe,1
TXN01697,U01697,20,Other,9.9,1.06,2.84,3.21,5.38,160,35,11.73,Medium,Yes,Moderate,1
TXN01698,U01698,31,Other,5.1,1.74,2.71,4.84,6.75,241,143,7.62,High,Yes,Mild,0
TXN01699,U01699,31,Male,7.83,5.96,1.62,5.26,4.58,236,40,10.37,Low,Yes,Moderate,1
TXN01700,U01700,29,Other,5.8,4.11,1.12,4.91,5.34,240,22,6.6,Medium,Yes,Severe,1
TXN01701,U01701,34,Male,6.81,5.03,0.96,1.28,7.71,184,144,8.27,Low,Yes,Moderate,1
TXN01702,U01702,24,Male,3.95,2.96,3.31,3.93,8.61,32,35,4.67,Medium,Yes,None,0
TXN01703,U01703,27,Other,11.27,3.11,0.47,1.09,7.6,211,40,13.24,Medium,No,Moderate,1
TXN01704,U01704,21,Other,10.96,4.67,3.54,1.36,8.94,110,172,13.9,Low,No,Moderate,1
TXN01705,U01705,27,Male,10.61,4.0,3.29,2.31,6.14,22,175,11.41,Low,No,Severe,1
TXN01706,U01706,28,Female,7.77,4.38,0.09,5.57,7.01,193,128,9.58,Low,No,Moderate,1
TXN01707,U01707,19,Male,9.44,3.07,3.78,1.08,4.62,196,146,10.22,High,No,Moderate,1
TXN01708,U01708,24,Male,9.09,5.34,2.35,5.93,5.63,145,45,10.93,Medium,No,Moderate,1
TXN01709,U01709,32,Female,10.9,3.58,0.42,5.47,5.32,93,155,11.44,High,No,Severe,1
TXN01710,U01710,34,Male,3.28,1.43,1.03,5.27,5.37,216,49,4.31,Medium,Yes,None,0
TXN01711,U01711,30,Female,8.27,4.84,1.54,4.18,6.22,110,131,9.42,High,No,Moderate,1
TXN01712,U01712,32,Male,9.14,2.46,1.75,4.3,5.61,237,108,11.38,Low,Yes,Severe,1
TXN01713,U01713,21,Female,10.55,5.42,3.29,2.64,4.52,22,70,11.54,Low,No,Moderate,1
TXN01714,U01714,24,Male,9.33,4.32,2.48,5.26,7.1,93,153,11.97,High,Yes,Moderate,1
TXN01715,U01715,18,Female,5.71,1.09,1.7,4.95,4.84,23,95,8.36,Low,Yes,None,0
TXN01716,U01716,20,Male,6.39,4.46,3.05,4.43,8.95,198,89,7.9,Low,Yes,Severe,1
TXN01717,U01717,27,Male,7.95,1.01,1.3,5.01,8.46,90,142,9.5,Low,No,Moderate,1
TXN01718,U01718,28,Male,7.25,3.53,1.28,4.71,8.39,55,154,9.68,Medium,No,Moderate,1
TXN01719,U01719,22,Male,5.11,2.55,2.25,3.29,6.04,86,54,6.55,High,Yes,Mild,0
TXN01720,U01720,25,Male,9.61,0.6,1.18,2.11,7.91,235,109,12.04,Medium,No,Severe,1
TXN01721,U01721,19,Female,6.22,2.93,0.11,1.62,8.22,138,46,7.62,Medium,No,Mild,0
TXN01722,U01722,19,Other,4.95,3.18,1.23,1.76,4.57,67,128,6.19,Low,No,Mild,0
TXN01723,U01723,32,Male,9.05,2.61,0.65,1.45,5.67,212,115,11.26,Medium,Yes,Severe,1
TXN01724,U01724,35,Female,7.65,2.15,0.18,2.79,5.63,22,129,9.78,Medium,Yes,Mild,0
TXN01725,U01725,20,Male,10.74,4.39,3.77,1.65,6.97,122,136,12.28,Low,No,Moderate,1
TXN01726,U01726,34,Male,6.88,3.27,1.9,0.79,8.53,197,22,9.37,High,No,Mild,0
TXN01727,U01727,19,Male,9.25,4.79,3.11,1.93,6.06,26,149,12.11,High,Yes,Severe,1
TXN01728,U01728,31,Female,9.68,5.76,1.31,5.2,6.43,85,17,10.97,High,No,Severe,1
TXN01729,U01729,19,Other,9.63,3.25,3.53,3.25,6.03,85,55,11.22,Low,Yes,Moderate,1
TXN01730,U01730,26,Other,4.32,1.5,0.84,2.71,8.27,136,67,5.27,High,Yes,None,0
TXN01731,U01731,22,Female,7.34,1.09,0.3,3.06,6.17,247,140,8.9,Low,No,Mild,0
TXN01732,U01732,23,Female,3.51,2.12,2.47,3.49,5.01,88,156,5.02,High,Yes,None,0
TXN01733,U01733,23,Male,11.46,5.1,3.82,0.54,7.13,226,60,12.43,Low,No,Moderate,1
TXN01734,U01734,26,Female,4.66,2.69,1.98,0.93,6.4,26,33,6.29,Low,Yes,None,0
TXN01735,U01735,24,Male,7.01,4.78,3.55,4.27,8.74,94,164,8.01,Low,No,Severe,1
TXN01736,U01736,26,Other,11.25,2.57,0.9,1.12,8.14,60,159,12.45,Medium,No,Moderate,1
TXN01737,U01737,18,Other,7.86,5.77,0.13,2.69,8.68,86,30,8.75,Medium,No,Moderate,1
TXN01738,U01738,25,Male,9.64,1.74,1.85,1.37,7.91,66,153,12.29,Low,Yes,Severe,1
TXN01739,U01739,29,Male,8.87,2.14,3.09,4.99,4.77,232,125,11.17,Medium,No,Severe,1
TXN01740,U01740,32,Female,10.77,3.54,1.21,5.87,7.15,87,174,13.14,High,No,Moderate,1
TXN01741,U01741,18,Other,7.55,3.5,1.21,0.52,7.87,113,120,10.17,Low,Yes,Mild,0
TXN01742,U01742,18,Male,8.99,5.57,2.26,5.13,5.27,31,57,9.96,Low,No,Severe,1
TXN01743,U01743,19,Male,5.52,3.48,3.66,3.72,5.28,60,104,8.41,Low,Yes,None,0
TXN01744,U01744,23,Female,5.2,0.87,0.62,2.56,7.43,104,103,7.83,Low,Yes,None,0
TXN01745,U01745,27,Male,5.96,4.45,3.59,1.74,6.32,149,156,8.48,Medium,Yes,Moderate,1
TXN01746,U01746,24,Male,10.88,2.12,0.99,5.56,7.16,53,16,13.41,Low,No,Moderate,1
TXN01747,U01747,22,Other,10.48,4.84,3.01,1.0,8.46,34,128,12.93,High,No,Severe,1
TXN01748,U01748,22,Male,11.56,1.15,0.97,3.23,5.39,143,132,12.83,Medium,No,Moderate,1
TXN01749,U01749,18,Female,6.46,3.77,3.47,4.03,7.05,250,129,7.81,Low,Yes,Mild,0
TXN01750,U01750,32,Female,3.68,1.76,1.93,1.78,6.3,128,85,5.36,Low,No,Mild,0
TXN01751,U01751,21,Female,11.08,1.28,0.1,3.91,5.04,227,73,11.65,High,Yes,Severe,1
TXN01752,U01752,22,Male,5.43,1.55,2.82,0.85,7.61,240,99,6.82,Medium,Yes,Mild,0
TXN01753,U01753,22,Female,3.9,4.02,1.2,4.16,4.72,237,128,5.61,High,No,Moderate,1
TXN01754,U01754,32,Other,8.45,1.2,2.77,1.88,5.09,43,143,10.31,High,No,Severe,1
TXN01755,U01755,35,Other,10.12,3.75,2.94,5.83,5.86,158,138,11.85,Medium,No,Severe,1
TXN01756,U01756,24,Female,11.65,5.34,3.03,3.74,8.94,130,105,12.39,High,Yes,Moderate,1
TXN01757,U01757,32,Female,9.45,4.16,3.84,2.01,8.48,105,177,11.21,Medium,Yes,Moderate,1
TXN01758,U01758,31,Female,9.4,3.13,1.62,1.45,7.83,88,116,11.11,High,Yes,Severe,1
TXN01759,U01759,24,Male,10.76,4.01,1.28,2.55,8.04,120,58,12.65,Low,Yes,Severe,1
TXN01760,U01760,21,Other,7.8,2.44,3.18,5.64,6.33,213,91,9.42,High,No,Mild,0
TXN01761,U01761,26,Male,10.93,4.05,0.36,5.7,8.07,82,85,11.65,High,Yes,Moderate,1
TXN01762,U01762,31,Male,6.55,5.07,1.77,1.24,6.29,87,102,9.12,Low,No,Severe,1
TXN01763,U01763,23,Female,3.6,5.1,2.59,0.6,5.54,39,27,5.94,Low,Yes,Moderate,1
TXN01764,U01764,24,Male,7.85,1.48,0.64,5.1,4.92,171,71,9.31,Low,Yes,Moderate,1
TXN01765,U01765,34,Male,4.29,3.17,0.15,2.7,6.3,195,122,6.87,Low,No,Mild,0
TXN01766,U01766,30,Male,5.53,4.4,2.85,2.45,4.57,103,73,7.19,Low,No,Severe,1
TXN01767,U01767,32,Female,10.44,4.12,3.43,4.2,5.43,242,65,12.91,Low,Yes,Severe,1
TXN01768,U01768,20,Male,11.68,2.15,3.75,4.43,6.25,90,88,12.47,High,Yes,Severe,1
TXN01769,U01769,32,Other,7.23,5.42,2.09,3.12,6.39,212,23,8.78,High,Yes,Severe,1
TXN01770,U01770,27,Male,4.62,5.86,3.28,5.34,8.14,141,98,7.27,Low,No,Moderate,1
TXN01771,U01771,33,Female,8.58,3.61,0.69,4.34,4.69,63,88,10.48,Medium,No,Severe,1
TXN01772,U01772,20,Other,9.92,1.43,1.07,2.86,6.01,70,143,12.48,High,No,Severe,1
TXN01773,U01773,18,Other,4.49,5.31,3.09,2.53,5.51,235,50,6.04,High,Yes,Severe,1
TXN01774,U01774,32,Female,4.56,3.34,2.94,1.96,7.44,20,167,5.91,High,No,Mild,0
TXN01775,U01775,26,Female,4.57,2.65,1.11,2.27,7.15,24,23,6.52,Low,No,None,0
TXN01776,U01776,31,Male,3.45,3.19,2.59,2.76,4.92,76,131,5.21,High,No,Mild,0
TXN01777,U01777,32,Male,3.46,4.5,0.33,4.64,8.29,239,104,6.16,Medium,No,Severe,1
TXN01778,U01778,30,Male,9.8,2.72,3.7,5.46,8.02,114,91,12.51,Low,No,Moderate,1
TXN01779,U01779,22,Male,7.08,5.58,0.67,5.14,4.55,152,93,8.42,High,No,Severe,1
TXN01780,U01780,27,Other,11.79,2.5,3.01,2.86,6.02,29,73,14.05,Medium,No,Severe,1
TXN01781,U01781,34,Other,5.21,0.65,1.93,2.92,5.45,229,118,6.89,Low,Yes,None,0
TXN01782,U01782,23,Female,6.79,5.38,1.9,3.66,5.77,40,172,7.33,High,No,Severe,1
TXN01783,U01783,24,Other,7.52,2.31,2.39,5.05,6.24,212,67,9.45,Low,No,Mild,0
TXN01784,U01784,34,Other,9.24,5.28,2.01,3.15,6.3,209,95,11.74,High,No,Moderate,1
TXN01785,U01785,27,Other,8.14,1.26,0.47,3.0,5.68,239,158,9.7,High,Yes,Severe,1
TXN01786,U01786,32,Male,3.27,2.65,0.75,0.84,4.81,215,56,5.21,High,Yes,Mild,0
TXN01787,U01787,23,Other,9.9,3.3,2.46,4.2,7.05,157,55,11.63,High,Yes,Severe,1
TXN01788,U01788,28,Female,11.69,4.73,3.09,1.78,4.91,208,16,13.52,Medium,No,Moderate,1
TXN01789,U01789,27,Other,4.42,1.63,2.78,3.45,8.79,80,37,6.61,Low,No,Mild,0
TXN01790,U01790,18,Male,4.02,2.47,2.26,5.88,6.52,117,168,4.97,High,No,Mild,0
TXN01791,U01791,18,Other,6.31,5.98,2.12,5.77,5.72,163,146,8.67,Medium,Yes,Moderate,1
TXN01792,U01792,22,Other,10.05,4.32,3.29,0.91,7.76,48,121,11.73,Low,No,Severe,1
TXN01793,U01793,26,Other,8.97,4.23,1.37,4.05,7.11,213,28,9.73,High,No,Moderate,1
TXN01794,U01794,34,Female,3.84,0.51,3.76,4.76,5.01,33,168,6.78,Medium,No,None,0
TXN01795,U01795,19,Other,4.83,3.32,2.16,3.35,8.54,239,31,6.47,Medium,Yes,None,0
TXN01796,U01796,31,Other,7.95,4.08,3.08,5.08,8.29,103,22,10.1,Low,No,Moderate,1
TXN01797,U01797,34,Other,8.94,5.81,3.81,1.51,7.41,181,85,9.66,Medium,Yes,Severe,1
TXN01798,U01798,21,Male,9.47,5.37,1.54,1.11,8.1,123,115,10.3,High,Yes,Moderate,1
TXN01799,U01799,25,Male,8.62,3.01,2.54,4.92,8.97,127,64,10.8,Medium,No,Severe,1
TXN01800,U01800,28,Other,10.23,2.6,2.6,4.03,6.0,153,139,12.98,Low,Yes,Moderate,1
TXN01801,U01801,27,Male,10.29,5.62,0.57,1.39,8.45,75,119,12.28,High,Yes,Moderate,1
TXN01802,U01802,32,Male,6.28,0.55,2.21,1.96,6.53,230,30,7.4,Medium,No,Mild,0
TXN01803,U01803,27,Other,5.18,2.25,3.38,5.4,5.89,110,105,6.24,Medium,No,None,0
TXN01804,U01804,35,Female,10.34,4.84,3.12,2.03,4.57,82,117,12.91,Medium,Yes,Moderate,1
TXN01805,U01805,32,Female,11.98,1.87,1.48,5.66,6.3,58,65,14.88,Low,No,Moderate,1
TXN01806,U01806,30,Male,10.26,3.82,2.5,3.41,5.78,38,48,11.69,Medium,No,Moderate,1
TXN01807,U01807,19,Male,11.56,1.52,2.1,1.51,8.83,164,173,12.38,Medium,No,Severe,1
TXN01808,U01808,32,Male,11.54,3.63,1.63,1.54,6.05,176,166,14.31,High,Yes,Moderate,1
TXN01809,U01809,28,Male,9.76,4.54,3.46,2.7,6.82,201,141,11.39,Low,No,Severe,1
TXN01810,U01810,27,Other,4.09,1.9,0.69,3.38,8.4,84,170,6.62,Low,No,None,0
TXN01811,U01811,34,Male,9.71,5.87,2.4,1.35,5.07,22,22,10.22,Low,No,Severe,1
TXN01812,U01812,32,Female,11.37,1.31,2.47,4.61,4.8,222,93,13.72,High,Yes,Moderate,1
TXN01813,U01813,20,Other,4.96,1.15,0.82,4.96,6.73,58,177,7.57,Medium,Yes,None,0
TXN01814,U01814,35,Male,6.91,2.3,2.69,2.13,7.84,190,49,8.15,Low,No,Mild,0
TXN01815,U01815,34,Male,4.64,2.35,0.93,3.64,6.68,129,124,6.66,Low,No,Mild,0
TXN01816,U01816,35,Male,11.29,5.88,0.14,5.93,6.17,156,48,13.99,Low,No,Severe,1
TXN01817,U01817,18,Female,7.04,2.75,0.4,3.39,7.07,142,54,9.43,High,No,Mild,0
TXN01818,U01818,25,Male,10.16,2.19,1.03,4.41,5.93,38,64,11.87,High,No,Severe,1
TXN01819,U01819,18,Male,3.47,3.2,0.79,1.43,6.73,109,30,4.53,Low,Yes,None,0
TXN01820,U01820,28,Female,10.5,4.59,2.34,4.47,7.16,152,138,11.48,Medium,Yes,Moderate,1
TXN01821,U01821,23,Female,10.29,5.18,1.24,5.16,5.79,175,15,12.74,Medium,No,Moderate,1
TXN01822,U01822,35,Male,6.74,1.21,0.9,5.93,8.65,246,16,8.97,Medium,No,Moderate,1
TXN01823,U01823,20,Male,10.08,3.96,3.91,4.28,8.34,111,37,11.79,Low,Yes,Severe,1
TXN01824,U01824,26,Other,6.17,1.56,1.02,3.83,4.83,223,105,7.94,Medium,No,Mild,0
TXN01825,U01825,21,Male,5.89,5.09,1.04,4.45,7.29,191,108,7.01,High,Yes,Severe,1
TXN01826,U01826,33,Other,10.39,0.51,1.14,3.73,8.52,225,18,12.68,Medium,No,Moderate,1
TXN01827,U01827,26,Other,11.86,5.97,0.99,5.58,7.7,58,60,12.56,High,Yes,Moderate,1
TXN01828,U01828,30,Other,6.54,1.38,3.76,4.52,5.57,115,154,8.43,High,No,Mild,0
TXN01829,U01829,32,Other,7.81,0.57,1.57,1.37,7.64,43,112,9.02,Medium,Yes,Mild,0
TXN01830,U01830,25,Female,6.08,2.8,0.8,5.63,7.22,139,91,7.24,Low,Yes,Moderate,1
TXN01831,U01831,19,Other,7.55,5.81,2.23,5.96,4.69,63,25,10.5,High,Yes,Moderate,1
TXN01832,U01832,27,Other,10.79,0.93,0.8,5.21,5.15,119,111,11.54,Medium,No,Severe,1
TXN01833,U01833,19,Male,6.09,4.9,0.96,4.12,5.0,187,118,6.67,Medium,Yes,Moderate,1
TXN01834,U01834,28,Other,5.03,5.48,2.71,3.12,8.78,113,86,6.27,High,Yes,Moderate,1
TXN01835,U01835,24,Female,3.72,4.63,1.16,4.6,8.2,166,101,6.04,High,No,Severe,1
TXN01836,U01836,30,Male,11.98,1.23,1.63,1.87,7.66,167,111,14.79,Medium,Yes,Moderate,1
TXN01837,U01837,30,Female,3.66,3.44,0.07,2.56,8.16,134,16,4.7,Medium,No,None,0
TXN01838,U01838,19,Female,6.54,0.73,1.58,2.89,4.54,31,48,8.87,High,Yes,Moderate,1
TXN01839,U01839,18,Male,8.61,3.73,0.04,1.69,4.7,50,57,9.26,High,Yes,Moderate,1
TXN01840,U01840,29,Male,4.22,3.85,1.36,4.29,7.95,137,109,6.14,High,No,None,0
TXN01841,U01841,23,Female,11.72,0.73,2.49,3.43,4.69,240,133,13.09,Medium,No,Severe,1
TXN01842,U01842,26,Male,11.83,3.75,0.55,2.25,7.86,174,87,14.06,Medium,Yes,Moderate,1
TXN01843,U01843,35,Female,3.15,3.59,2.87,3.77,6.07,109,150,4.18,Medium,No,Mild,0
TXN01844,U01844,23,Male,10.8,3.78,2.74,1.32,6.72,146,28,12.09,Medium,No,Moderate,1
TXN01845,U01845,31,Female,3.92,2.81,0.56,3.48,4.64,22,90,5.54,High,Yes,Mild,0
TXN01846,U01846,18,Female,4.18,2.44,3.98,2.51,6.14,38,110,7.07,High,Yes,None,0
TXN01847,U01847,25,Male,9.11,3.99,0.36,3.23,4.92,128,28,10.48,Medium,Yes,Severe,1
TXN01848,U01848,23,Male,5.3,0.91,0.98,2.3,6.49,87,29,7.57,Medium,No,None,0
TXN01849,U01849,28,Other,9.25,5.93,1.87,0.8,7.75,51,161,12.08,Low,No,Severe,1
TXN01850,U01850,27,Other,10.63,2.73,0.86,2.32,8.48,161,75,11.62,Medium,No,Severe,1
TXN01851,U01851,35,Other,7.14,3.51,0.03,4.28,4.72,67,77,10.12,High,No,Moderate,1
TXN01852,U01852,20,Male,7.88,1.84,0.02,4.03,7.04,61,21,9.89,Medium,No,Mild,0
TXN01853,U01853,24,Male,10.65,1.29,2.83,4.34,5.46,194,49,11.68,Medium,No,Severe,1
TXN01854,U01854,23,Male,10.82,5.57,1.29,4.7,8.17,225,132,12.26,High,Yes,Severe,1
TXN01855,U01855,32,Other,7.26,1.8,3.73,1.38,7.74,242,101,9.39,Low,Yes,Mild,0
TXN01856,U01856,23,Male,3.2,1.02,2.75,0.5,6.4,68,73,5.6,Low,No,Mild,0
TXN01857,U01857,24,Male,11.65,3.22,0.28,3.75,5.17,175,17,14.15,Medium,No,Severe,1
TXN01858,U01858,28,Other,10.58,4.3,0.51,2.64,8.62,133,97,12.17,High,Yes,Moderate,1
TXN01859,U01859,25,Female,4.12,0.52,3.33,4.84,8.93,74,54,5.08,Medium,Yes,None,0
TXN01860,U01860,32,Male,7.21,1.7,3.76,2.78,7.77,199,23,10.1,Medium,No,Moderate,1
TXN01861,U01861,32,Other,3.03,3.57,0.21,2.58,4.66,177,95,3.95,High,No,None,0
TXN01862,U01862,27,Female,3.76,5.03,2.56,4.85,5.84,33,48,6.5,Medium,Yes,Severe,1
TXN01863,U01863,29,Other,7.56,2.85,1.68,2.54,8.67,235,125,10.14,Low,Yes,Mild,0
TXN01864,U01864,30,Other,4.72,3.3,3.93,3.99,8.07,123,82,7.58,High,Yes,Mild,0
TXN01865,U01865,32,Other,5.41,3.77,2.58,1.65,6.85,75,165,7.66,High,No,Mild,0
TXN01866,U01866,20,Male,5.32,5.53,2.02,0.69,7.83,247,95,7.85,Low,No,Moderate,1
TXN01867,U01867,31,Male,9.98,2.9,0.87,1.22,5.5,171,80,12.71,Low,Yes,Moderate,1
TXN01868,U01868,35,Female,8.27,5.64,2.13,4.08,7.47,46,99,10.31,High,No,Moderate,1
TXN01869,U01869,18,Female,3.04,0.9,2.74,2.9,7.65,244,56,3.88,Low,No,Mild,0
TXN01870,U01870,23,Male,10.44,5.61,0.65,2.69,6.57,149,140,11.1,High,Yes,Moderate,1
TXN01871,U01871,32,Other,7.73,3.5,1.93,2.31,6.96,237,89,8.4,High,Yes,Moderate,1
TXN01872,U01872,20,Male,11.89,1.6,2.89,3.67,6.17,98,134,14.26,High,No,Severe,1
TXN01873,U01873,28,Male,7.64,4.28,2.49,3.62,8.09,69,153,8.74,Low,No,Moderate,1
TXN01874,U01874,30,Female,10.24,0.78,2.17,3.66,5.13,41,113,11.74,Low,Yes,Severe,1
TXN01875,U01875,29,Female,11.11,4.53,2.74,2.73,5.75,147,148,13.98,Medium,No,Severe,1
TXN01876,U01876,29,Female,3.9,5.81,1.02,2.87,4.53,33,113,5.71,Medium,No,Moderate,1
TXN01877,U01877,19,Female,6.22,2.78,1.41,2.29,5.19,248,80,8.87,Medium,Yes,Moderate,1
TXN01878,U01878,18,Male,4.29,5.16,0.81,3.41,8.6,129,19,6.07,Low,No,Severe,1
TXN01879,U01879,20,Male,7.07,5.77,1.63,0.75,7.3,227,83,7.95,Low,No,Moderate,1
TXN01880,U01880,19,Female,10.18,2.33,0.19,3.86,6.91,27,170,12.62,Medium,Yes,Moderate,1
TXN01881,U01881,18,Male,8.25,2.88,0.26,3.84,7.18,242,162,10.94,Low,No,Severe,1
TXN01882,U01882,35,Female,5.42,1.65,1.56,1.99,4.56,101,25,7.08,Medium,No,Mild,0
TXN01883,U01883,34,Other,11.76,0.58,1.29,4.02,8.79,166,79,13.95,Medium,Yes,Moderate,1
TXN01884,U01884,31,Female,3.01,4.44,1.0,1.31,8.42,239,26,5.51,Low,No,Moderate,1
TXN01885,U01885,34,Female,5.52,5.13,0.07,1.55,5.9,30,73,6.26,High,No,Severe,1
TXN01886,U01886,27,Male,7.79,3.03,2.44,5.76,5.01,99,32,9.57,Medium,No,Mild,0
TXN01887,U01887,18,Male,7.51,4.65,0.52,3.84,8.04,153,116,9.75,Medium,Yes,Severe,1
TXN01888,U01888,25,Female,8.82,1.71,3.88,2.86,7.82,112,155,10.26,High,No,Moderate,1
TXN01889,U01889,31,Female,10.55,2.11,2.07,1.04,8.92,69,15,12.01,Low,Yes,Moderate,1
TXN01890,U01890,20,Female,11.84,3.41,3.57,4.7,6.61,148,53,13.08,Low,No,Severe,1
TXN01891,U01891,27,Male,6.73,3.52,3.34,5.63,8.68,80,49,8.38,Low,Yes,Moderate,1
TXN01892,U01892,32,Female,8.62,5.7,0.11,1.33,5.27,140,161,9.26,High,No,Severe,1
TXN01893,U01893,35,Female,8.65,2.96,2.68,3.54,8.14,134,163,9.96,Medium,Yes,Severe,1
TXN01894,U01894,33,Female,5.83,1.61,2.1,5.94,8.45,159,153,7.89,Low,No,None,0
TXN01895,U01895,34,Female,3.6,3.71,1.28,3.81,7.01,97,109,5.37,High,No,None,0
TXN01896,U01896,35,Male,4.89,1.95,2.05,2.76,6.86,240,54,7.79,High,No,Mild,0
TXN01897,U01897,22,Male,5.14,2.7,0.44,1.13,7.34,190,169,5.71,Medium,Yes,None,0
TXN01898,U01898,35,Female,7.71,2.63,2.62,4.69,6.8,54,21,9.83,Medium,Yes,Moderate,1
TXN01899,U01899,19,Female,10.86,0.76,2.34,1.71,8.01,170,157,11.72,High,Yes,Moderate,1
TXN01900,U01900,34,Female,8.96,5.17,2.65,3.84,6.54,31,77,11.24,Low,No,Severe,1
TXN01901,U01901,32,Female,7.6,2.78,2.07,4.51,5.51,68,101,8.99,Medium,Yes,Moderate,1
TXN01902,U01902,25,Female,9.66,4.71,3.36,4.12,8.46,45,97,10.98,High,Yes,Severe,1
TXN01903,U01903,19,Male,6.22,4.04,2.1,3.9,7.54,209,71,8.01,High,No,Severe,1
TXN01904,U01904,27,Male,6.31,3.3,0.84,5.85,5.9,98,138,9.19,High,Yes,Mild,0
TXN01905,U01905,28,Other,10.66,1.59,2.14,2.94,5.96,212,115,13.21,High,Yes,Moderate,1
TXN01906,U01906,32,Female,10.91,2.98,1.79,0.79,8.47,79,178,13.84,High,No,Severe,1
TXN01907,U01907,34,Male,5.63,2.77,1.89,4.96,4.61,214,74,8.18,Medium,No,Mild,0
TXN01908,U01908,20,Female,6.89,5.66,2.45,3.14,7.91,149,68,9.56,Medium,No,Severe,1
TXN01909,U01909,23,Other,8.41,4.37,0.59,2.92,4.97,120,158,10.85,Low,Yes,Moderate,1
TXN01910,U01910,20,Other,5.98,2.53,2.82,2.17,5.24,230,73,7.05,Medium,Yes,Mild,0
TXN01911,U01911,29,Female,3.62,2.41,2.96,3.46,7.12,224,114,4.18,Medium,Yes,Mild,0
TXN01912,U01912,30,Female,10.62,4.4,1.56,4.5,6.05,181,161,12.01,Medium,Yes,Severe,1
TXN01913,U01913,21,Male,6.82,2.93,1.35,5.72,8.54,39,146,8.98,Medium,Yes,Moderate,1
TXN01914,U01914,25,Female,10.09,2.15,1.09,3.14,7.65,34,166,11.23,High,Yes,Severe,1
TXN01915,U01915,27,Male,3.23,5.98,2.37,4.45,5.06,123,88,5.39,Low,Yes,Moderate,1
TXN01916,U01916,31,Female,11.66,3.99,3.88,4.62,7.09,185,164,13.12,Low,Yes,Moderate,1
TXN01917,U01917,30,Female,7.07,1.18,2.99,5.94,6.36,39,15,7.92,Medium,No,Mild,0
TXN01918,U01918,23,Male,10.3,5.57,0.54,5.17,5.08,194,71,11.47,High,Yes,Moderate,1
TXN01919,U01919,32,Male,11.75,3.55,3.56,3.19,7.28,24,39,13.44,Medium,Yes,Severe,1
TXN01920,U01920,27,Female,5.48,2.72,1.1,0.65,5.24,82,104,6.14,Medium,No,Mild,0
TXN01921,U01921,27,Other,4.26,4.95,3.25,1.11,6.23,145,47,5.71,Low,No,Severe,1
TXN01922,U01922,28,Male,6.2,4.67,2.56,3.17,6.47,237,82,8.73,Medium,Yes,Moderate,1
TXN01923,U01923,35,Other,5.91,5.85,2.97,2.34,4.79,204,68,8.49,Medium,No,Severe,1
TXN01924,U01924,30,Female,7.33,1.49,3.64,1.76,4.5,140,76,10.22,Low,No,Moderate,1
TXN01925,U01925,30,Other,9.58,4.33,1.5,3.15,7.11,70,53,10.97,Low,No,Severe,1
TXN01926,U01926,34,Female,7.2,5.03,0.85,1.24,7.6,94,18,9.16,Medium,Yes,Severe,1
TXN01927,U01927,31,Male,6.82,3.33,0.21,3.41,6.18,33,30,7.57,High,No,Mild,0
TXN01928,U01928,27,Female,4.86,0.96,0.37,0.86,5.53,143,151,6.39,High,Yes,None,0
TXN01929,U01929,35,Female,3.7,3.01,0.18,4.19,7.34,101,123,4.95,Medium,No,None,0
TXN01930,U01930,35,Male,8.87,0.51,3.45,5.02,7.45,82,33,10.3,Medium,Yes,Moderate,1
TXN01931,U01931,30,Male,3.3,1.52,0.22,5.77,6.44,105,180,5.53,Medium,Yes,Mild,0
TXN01932,U01932,23,Other,5.59,1.03,1.16,1.34,6.32,142,24,6.35,Low,No,Mild,0
TXN01933,U01933,22,Male,3.17,5.91,1.61,5.41,5.43,209,147,4.02,Low,Yes,Severe,1
TXN01934,U01934,19,Other,11.92,1.78,3.91,1.22,7.49,32,110,13.36,High,Yes,Moderate,1
TXN01935,U01935,19,Male,10.65,1.13,0.83,3.44,5.44,167,40,11.63,High,Yes,Severe,1
TXN01936,U01936,34,Male,6.41,5.85,3.19,1.37,7.8,85,100,8.99,Medium,No,Severe,1
TXN01937,U01937,24,Male,5.74,3.25,1.19,4.92,7.24,129,16,6.67,High,No,Mild,0
TXN01938,U01938,26,Other,4.56,0.8,3.24,5.73,5.61,212,131,6.65,Medium,Yes,Mild,0
TXN01939,U01939,35,Female,8.73,2.48,2.49,5.07,6.1,233,38,10.07,Low,No,Severe,1
TXN01940,U01940,28,Female,8.06,0.86,1.95,5.43,8.82,114,78,10.74,High,Yes,Severe,1
TXN01941,U01941,27,Female,3.95,3.1,3.97,1.71,6.32,168,109,4.85,Medium,No,Mild,0
TXN01942,U01942,28,Male,9.0,2.36,2.24,4.34,7.65,124,47,11.4,High,No,Moderate,1
TXN01943,U01943,27,Other,4.82,5.51,3.02,2.64,8.66,58,91,5.58,Medium,Yes,Moderate,1
TXN01944,U01944,32,Other,10.77,4.34,1.67,1.58,7.31,77,97,11.95,High,No,Severe,1
TXN01945,U01945,28,Other,7.5,2.86,2.68,0.64,8.03,120,152,8.37,High,No,Mild,0
TXN01946,U01946,35,Male,10.09,0.92,0.38,5.23,7.53,148,36,10.84,High,Yes,Severe,1
TXN01947,U01947,18,Other,5.2,3.23,0.83,1.22,4.77,196,57,7.64,Low,Yes,Mild,0
TXN01948,U01948,31,Female,10.33,5.77,3.62,0.61,8.53,118,85,12.26,Low,Yes,Moderate,1
TXN01949,U01949,30,Other,10.05,3.76,1.19,4.75,6.29,102,179,11.24,Low,Yes,Severe,1
TXN01950,U01950,27,Male,6.1,2.73,3.67,1.55,4.99,55,164,8.75,High,No,Mild,0
TXN01951,U01951,30,Male,10.39,1.94,3.39,0.94,7.5,66,179,11.92,Medium,No,Severe,1
TXN01952,U01952,31,Male,7.06,4.2,1.65,5.39,5.51,104,71,9.06,Low,Yes,Severe,1
TXN01953,U01953,23,Male,6.15,4.75,0.11,2.71,7.73,165,169,7.33,High,Yes,Moderate,1
TXN01954,U01954,25,Male,5.08,5.85,0.86,5.55,6.39,143,67,7.97,Medium,Yes,Severe,1
TXN01955,U01955,35,Male,10.17,1.96,2.91,5.75,8.39,146,168,11.21,Low,No,Moderate,1
TXN01956,U01956,30,Male,3.09,2.06,2.62,3.75,7.46,217,21,3.71,Medium,Yes,None,0
TXN01957,U01957,34,Female,8.06,5.35,3.41,5.59,6.32,159,23,10.43,Low,Yes,Moderate,1
TXN01958,U01958,22,Female,4.1,5.15,0.8,3.26,7.84,104,92,5.98,Low,Yes,Moderate,1
TXN01959,U01959,24,Male,3.67,0.84,1.91,5.91,4.93,234,166,4.42,High,No,None,0
TXN01960,U01960,28,Male,10.08,1.04,2.81,0.98,6.73,72,49,12.54,Low,No,Moderate,1
TXN01961,U01961,27,Other,11.16,4.18,0.02,5.84,6.84,225,37,12.38,Low,Yes,Severe,1
TXN01962,U01962,27,Female,5.85,5.5,3.74,0.91,8.68,74,126,7.54,High,No,Severe,1
TXN01963,U01963,27,Male,10.74,1.53,0.29,3.55,8.84,29,178,12.49,High,Yes,Severe,1
TXN01964,U01964,27,Male,4.52,4.03,0.48,2.06,4.72,201,75,5.23,Medium,Yes,Severe,1
TXN01965,U01965,31,Other,8.37,2.88,2.65,2.64,6.33,84,103,9.71,Medium,Yes,Severe,1
TXN01966,U01966,27,Female,11.04,0.51,2.53,2.06,7.74,36,134,13.0,High,No,Severe,1
TXN01967,U01967,30,Female,8.44,3.29,3.93,3.79,8.92,27,109,9.2,High,No,Severe,1
TXN01968,U01968,29,Female,11.45,5.54,0.83,2.5,6.77,246,52,14.08,Low,No,Moderate,1
TXN01969,U01969,22,Female,6.51,1.23,2.61,2.73,4.62,117,17,8.2,High,Yes,Mild,0
TXN01970,U01970,26,Male,4.0,1.72,3.95,2.58,7.42,127,61,5.15,High,No,None,0
TXN01971,U01971,18,Female,11.72,5.89,1.65,3.48,4.77,89,40,13.43,High,Yes,Moderate,1
TXN01972,U01972,31,Male,4.52,3.26,0.45,2.43,8.07,61,50,5.59,High,Yes,None,0
TXN01973,U01973,35,Male,4.4,0.57,1.11,2.3,5.2,69,106,7.4,High,No,None,0
TXN01974,U01974,26,Female,3.83,4.49,2.22,2.99,8.11,78,110,6.55,Low,Yes,Moderate,1
TXN01975,U01975,18,Female,10.43,5.7,1.26,2.25,8.01,133,52,11.34,High,Yes,Moderate,1
TXN01976,U01976,27,Male,4.06,4.35,2.66,5.76,7.0,30,168,6.46,High,Yes,Moderate,1
TXN01977,U01977,35,Other,3.15,0.9,3.58,1.06,5.79,241,99,4.26,Low,No,None,0
TXN01978,U01978,21,Other,11.37,1.94,1.88,2.75,6.54,207,175,12.19,Low,Yes,Moderate,1
TXN01979,U01979,34,Other,9.07,5.59,0.89,2.62,7.9,147,158,11.18,Low,Yes,Severe,1
TXN01980,U01980,21,Female,9.01,1.04,3.3,3.91,8.57,133,79,11.84,Low,No,Moderate,1
TXN01981,U01981,28,Female,7.97,5.77,3.66,4.81,7.17,98,20,9.83,Medium,Yes,Moderate,1
TXN01982,U01982,31,Female,8.1,0.77,1.19,5.42,6.84,225,154,9.67,Medium,Yes,Moderate,1
TXN01983,U01983,28,Male,6.78,1.82,1.81,2.0,6.5,31,36,8.28,Low,No,Moderate,1
TXN01984,U01984,25,Female,6.76,3.58,1.2,5.44,4.76,111,71,8.85,High,No,Mild,0
TXN01985,U01985,30,Other,8.54,1.38,2.45,2.69,5.71,137,142,11.19,Low,No,Moderate,1
TXN01986,U01986,27,Other,9.08,1.82,0.56,1.88,5.46,151,16,11.5,Medium,Yes,Severe,1
TXN01987,U01987,22,Other,5.77,4.46,1.37,5.68,6.29,47,98,7.61,Medium,No,Severe,1
TXN01988,U01988,18,Other,6.46,5.09,2.25,2.58,5.23,62,109,8.09,Low,Yes,Moderate,1
TXN01989,U01989,22,Male,8.59,2.36,2.4,2.47,8.69,237,36,9.9,High,Yes,Severe,1
TXN01990,U01990,19,Female,5.52,5.51,0.56,2.89,5.33,245,173,7.52,Medium,Yes,Moderate,1
TXN01991,U01991,27,Other,11.56,3.8,3.32,0.65,4.89,138,153,14.38,Low,Yes,Severe,1
TXN01992,U01992,25,Male,8.31,5.45,1.53,1.65,8.36,233,16,9.8,Low,No,Moderate,1
TXN01993,U01993,21,Male,10.55,3.73,2.0,2.16,8.01,230,106,11.07,Low,Yes,Severe,1
TXN01994,U01994,19,Other,3.96,1.82,0.97,2.56,5.52,174,139,4.67,Low,Yes,None,0
TXN01995,U01995,18,Male,4.65,3.7,1.37,1.05,5.16,235,102,6.09,High,No,Mild,0
TXN01996,U01996,34,Male,9.66,2.45,2.4,0.51,6.52,179,51,10.73,Medium,No,Moderate,1
TXN01997,U01997,25,Other,3.75,2.62,2.51,3.06,8.02,216,34,4.96,Medium,No,Mild,0
TXN01998,U01998,27,Other,10.54,2.94,3.13,1.15,5.83,213,105,11.53,High,Yes,Moderate,1
TXN01999,U01999,32,Male,11.77,2.85,1.68,2.85,4.76,65,135,13.89,Medium,Yes,Moderate,1
TXN02000,U02000,23,Male,7.98,5.02,2.59,3.12,4.75,189,33,10.47,High,Yes,Moderate,1
TXN02001,U02001,25,Female,3.62,1.13,1.91,3.51,8.67,26,113,5.69,Medium,No,None,0
TXN02002,U02002,25,Female,4.22,1.59,1.95,3.47,7.14,38,50,5.67,High,No,Mild,0
TXN02003,U02003,25,Female,11.2,0.96,1.14,1.34,5.9,25,25,11.77,High,Yes,Severe,1
TXN02004,U02004,25,Other,8.13,3.46,3.63,1.32,5.59,198,33,9.15,Medium,No,Severe,1
TXN02005,U02005,34,Female,10.66,2.59,0.83,5.84,7.9,157,81,11.42,High,Yes,Severe,1
TXN02006,U02006,28,Female,8.13,5.35,1.36,1.66,6.86,30,39,8.88,Medium,Yes,Severe,1
TXN02007,U02007,23,Female,9.3,2.66,0.74,2.95,8.07,76,109,9.96,Low,No,Moderate,1
TXN02008,U02008,28,Female,11.49,1.71,3.23,1.87,8.78,113,115,12.78,Medium,No,Severe,1
TXN02009,U02009,34,Female,6.97,2.11,1.7,1.41,8.16,167,88,9.24,Low,Yes,Moderate,1
TXN02010,U02010,22,Female,5.83,5.77,2.31,5.84,6.38,118,151,8.65,Low,Yes,Moderate,1
TXN02011,U02011,22,Female,9.76,5.32,2.84,1.49,8.75,209,96,12.02,High,No,Moderate,1
TXN02012,U02012,26,Female,10.8,0.9,2.3,2.16,8.41,188,110,13.55,Low,Yes,Moderate,1
TXN02013,U02013,33,Male,7.15,5.91,2.76,5.2,7.51,198,16,8.37,Medium,No,Severe,1
TXN02014,U02014,29,Other,4.05,3.36,2.79,0.79,4.61,78,171,5.87,Low,No,Mild,0
TXN02015,U02015,22,Female,9.97,1.56,2.58,5.34,7.62,165,84,11.26,High,No,Severe,1
TXN02016,U02016,32,Male,3.11,1.58,2.52,4.19,8.32,220,148,4.68,Low,Yes,None,0
TXN02017,U02017,22,Other,3.24,5.72,0.2,5.38,7.54,94,143,6.04,Low,No,Severe,1
TXN02018,U02018,24,Other,4.84,4.64,1.69,2.98,7.09,25,145,5.76,High,No,Severe,1
TXN02019,U02019,20,Other,9.28,2.6,3.41,4.02,5.64,93,126,11.97,High,Yes,Moderate,1
TXN02020,U02020,29,Male,11.26,2.04,2.86,0.79,8.4,57,81,13.31,Low,Yes,Severe,1
TXN02021,U02021,18,Male,3.7,5.44,1.17,1.1,6.05,250,150,5.99,High,Yes,Moderate,1
TXN02022,U02022,34,Male,9.6,3.67,3.03,4.54,5.79,183,32,10.25,Low,No,Moderate,1
TXN02023,U02023,29,Female,6.65,5.41,1.36,4.28,8.25,68,148,8.74,Low,No,Moderate,1
TXN02024,U02024,27,Female,7.12,2.44,0.2,0.73,7.38,46,118,8.91,Medium,No,Moderate,1
TXN02025,U02025,21,Other,7.38,4.99,2.2,0.7,8.83,175,24,8.27,Medium,Yes,Severe,1
TXN02026,U02026,34,Male,9.25,4.05,0.82,4.36,6.46,47,108,11.04,Medium,No,Severe,1
TXN02027,U02027,20,Male,8.12,3.09,3.33,2.91,7.11,202,148,9.12,Low,Yes,Severe,1
TXN02028,U02028,33,Female,10.83,4.46,3.46,2.33,8.91,73,110,11.8,Medium,Yes,Severe,1
TXN02029,U02029,28,Male,6.96,1.32,1.48,2.51,5.58,83,163,9.1,High,Yes,Moderate,1
TXN02030,U02030,30,Female,6.6,1.28,1.87,4.77,6.67,163,26,7.27,Medium,No,Moderate,1
TXN02031,U02031,35,Female,7.36,5.28,0.02,5.31,5.41,58,146,8.71,Low,No,Moderate,1
TXN02032,U02032,30,Female,6.87,3.58,2.59,1.9,4.81,114,30,7.78,Low,No,Moderate,1
TXN02033,U02033,21,Other,11.71,0.52,2.18,5.0,8.74,21,152,14.5,Medium,Yes,Moderate,1
TXN02034,U02034,32,Other,9.89,1.73,3.46,5.15,8.78,223,136,11.56,High,Yes,Moderate,1
TXN02035,U02035,27,Male,4.26,1.21,2.93,4.09,8.65,70,15,6.71,Low,Yes,Mild,0
TXN02036,U02036,22,Other,3.66,5.05,2.87,2.03,5.37,192,89,5.38,High,Yes,Severe,1
TXN02037,U02037,33,Female,10.64,4.3,1.79,3.08,7.91,233,124,13.48,High,No,Moderate,1
TXN02038,U02038,29,Male,9.39,2.89,3.09,2.71,6.55,95,25,11.41,High,No,Moderate,1
TXN02039,U02039,27,Male,10.01,0.59,2.46,2.52,5.23,230,87,12.87,High,No,Severe,1
TXN02040,U02040,32,Male,8.62,5.76,0.73,5.11,7.11,214,81,9.73,High,Yes,Severe,1
TXN02041,U02041,29,Other,9.24,3.13,0.97,0.78,5.01,146,178,11.21,Low,No,Moderate,1
TXN02042,U02042,21,Female,3.39,2.68,3.32,1.33,4.54,149,23,4.23,Medium,Yes,Mild,0
TXN02043,U02043,28,Other,8.38,5.25,3.67,1.62,5.93,149,143,10.66,Medium,No,Moderate,1
TXN02044,U02044,23,Other,3.97,3.64,1.89,1.0,5.63,82,144,6.78,High,No,Mild,0
TXN02045,U02045,25,Male,10.31,0.63,0.83,5.68,8.77,197,50,12.85,Medium,No,Severe,1
TXN02046,U02046,34,Male,4.28,2.66,1.33,5.22,7.17,62,142,6.45,Medium,Yes,None,0
TXN02047,U02047,22,Female,3.19,2.65,0.2,2.17,7.86,222,19,4.49,High,Yes,Mild,0
TXN02048,U02048,24,Female,10.42,3.23,0.46,5.75,5.41,34,180,12.66,Low,Yes,Severe,1
TXN02049,U02049,24,Male,6.43,4.42,3.33,1.6,4.56,34,29,8.74,High,Yes,Moderate,1
TXN02050,U02050,35,Other,6.99,1.13,0.01,5.67,8.34,156,26,7.92,High,Yes,Moderate,1
TXN02051,U02051,26,Other,3.58,3.49,3.77,4.66,7.31,32,174,5.93,Low,No,None,0
TXN02052,U02052,32,Other,6.75,0.99,3.08,2.67,6.9,184,21,8.53,Low,Yes,Mild,0
TXN02053,U02053,31,Male,7.68,2.42,3.94,4.69,5.86,137,80,10.1,Low,No,Mild,0
TXN02054,U02054,20,Other,3.33,2.42,2.19,1.67,8.01,82,17,5.99,Medium,No,None,0
TXN02055,U02055,32,Female,8.57,2.1,0.56,3.57,8.94,211,93,9.42,Medium,Yes,Severe,1
TXN02056,U02056,29,Other,8.83,4.67,0.42,4.97,6.42,196,40,10.6,Medium,No,Moderate,1
TXN02057,U02057,34,Female,7.88,5.77,1.64,1.8,6.95,190,106,8.44,High,No,Moderate,1
TXN02058,U02058,30,Other,4.55,1.37,1.7,2.89,6.82,196,146,5.08,High,Yes,Mild,0
TXN02059,U02059,30,Female,3.77,2.67,3.27,1.43,6.98,184,169,5.96,High,Yes,Mild,0
TXN02060,U02060,25,Female,10.28,3.61,0.42,2.28,7.3,142,134,11.16,Medium,No,Severe,1
TXN02061,U02061,18,Female,7.94,1.53,2.23,5.78,6.89,101,22,10.75,High,No,Mild,0
TXN02062,U02062,21,Male,11.03,4.79,1.32,3.53,5.35,37,50,13.01,Medium,No,Severe,1
TXN02063,U02063,35,Other,7.8,0.94,0.46,5.87,6.87,30,29,10.48,Medium,Yes,Mild,0
TXN02064,U02064,23,Other,5.36,3.77,2.55,3.38,6.51,233,140,6.73,Medium,Yes,None,0
TXN02065,U02065,18,Female,9.97,3.74,0.07,1.06,8.45,107,177,10.5,High,No,Moderate,1
TXN02066,U02066,26,Male,4.54,4.65,0.09,4.14,7.2,58,61,5.45,Low,No,Moderate,1
TXN02067,U02067,35,Other,3.14,1.42,0.17,4.8,6.74,70,20,5.99,Medium,Yes,Mild,0
TXN02068,U02068,31,Other,4.25,4.36,2.3,2.5,6.61,222,177,5.47,Low,No,Severe,1
TXN02069,U02069,20,Other,10.26,4.69,1.22,5.7,8.82,114,119,12.46,Medium,No,Moderate,1
TXN02070,U02070,30,Female,7.88,3.21,0.83,4.05,5.64,115,71,9.02,High,Yes,Moderate,1
TXN02071,U02071,31,Other,11.07,5.86,2.65,2.8,8.67,151,65,13.24,Medium,Yes,Severe,1
TXN02072,U02072,25,Female,8.95,5.6,2.62,5.7,7.33,238,121,11.53,Low,No,Severe,1
TXN02073,U02073,34,Male,5.82,1.35,3.44,4.96,6.63,154,135,6.33,High,No,None,0
TXN02074,U02074,31,Female,9.94,3.86,0.87,5.06,5.63,82,125,12.93,High,No,Moderate,1
TXN02075,U02075,18,Male,9.87,4.85,1.28,0.83,8.98,28,167,10.81,Medium,No,Severe,1
TXN02076,U02076,18,Other,3.46,1.58,0.69,5.92,7.22,70,160,4.07,Medium,No,None,0
TXN02077,U02077,33,Male,11.16,5.14,2.36,1.98,8.05,108,175,14.08,Low,Yes,Moderate,1
TXN02078,U02078,31,Other,4.24,3.58,1.4,2.45,7.54,196,177,4.75,Medium,Yes,None,0
TXN02079,U02079,21,Male,5.8,2.39,3.54,1.27,6.59,87,74,8.36,Medium,No,None,0
TXN02080,U02080,21,Other,4.01,1.81,1.41,0.66,8.97,62,117,5.4,Medium,No,None,0
TXN02081,U02081,31,Female,10.56,2.59,0.73,4.17,5.0,33,149,11.97,Low,Yes,Severe,1
TXN02082,U02082,27,Male,6.08,0.94,2.53,2.87,4.68,174,175,6.78,Low,No,Mild,0
TXN02083,U02083,33,Male,8.99,5.58,1.38,2.47,7.9,76,131,11.24,Medium,Yes,Severe,1
TXN02084,U02084,35,Female,10.61,2.79,0.8,2.93,6.23,235,50,13.22,High,No,Severe,1
TXN02085,U02085,31,Other,9.47,4.69,2.99,4.69,5.66,45,59,11.85,Low,No,Moderate,1
TXN02086,U02086,32,Other,6.53,0.58,2.49,0.83,7.07,41,169,9.11,Low,Yes,Mild,0
TXN02087,U02087,28,Other,11.55,2.9,1.98,0.83,6.01,202,99,13.85,High,Yes,Moderate,1
TXN02088,U02088,31,Other,6.97,4.22,0.4,1.45,7.92,91,73,9.54,High,Yes,Severe,1
TXN02089,U02089,29,Other,10.65,1.0,1.17,1.34,5.15,175,77,12.15,Medium,Yes,Moderate,1
TXN02090,U02090,23,Other,10.07,1.81,0.99,1.23,6.13,114,128,11.52,Low,Yes,Moderate,1
TXN02091,U02091,28,Male,5.64,0.63,1.14,1.92,8.53,153,66,7.76,Low,No,Mild,0
TXN02092,U02092,20,Female,10.98,4.27,3.42,4.15,7.13,143,45,13.18,Low,No,Moderate,1
TXN02093,U02093,22,Other,9.15,1.13,2.69,3.07,5.07,220,101,11.67,Medium,Yes,Moderate,1
TXN02094,U02094,21,Other,10.58,1.28,2.46,4.59,7.79,145,73,13.13,Low,Yes,Moderate,1
TXN02095,U02095,35,Male,5.22,3.62,0.3,2.27,5.48,137,126,7.67,Low,Yes,Mild,0
TXN02096,U02096,34,Male,9.14,3.18,1.77,2.11,8.33,209,173,11.74,Low,No,Moderate,1
TXN02097,U02097,26,Other,5.47,0.78,3.24,1.48,5.09,185,111,7.83,High,Yes,Mild,0
TXN02098,U02098,19,Male,10.98,4.6,1.24,2.4,4.75,172,95,12.74,Medium,No,Moderate,1
TXN02099,U02099,19,Male,5.45,3.83,2.88,1.63,6.34,196,132,7.65,Medium,Yes,None,0
TXN02100,U02100,31,Male,7.88,1.03,0.3,1.84,6.97,53,129,8.81,Low,No,Mild,0
TXN02101,U02101,25,Male,5.53,0.83,2.18,1.38,4.51,80,152,7.67,Low,No,None,0
TXN02102,U02102,19,Female,9.94,4.57,2.74,0.92,7.89,119,148,10.74,High,No,Moderate,1
TXN02103,U02103,18,Other,5.14,3.61,2.67,0.97,8.72,142,77,7.49,High,Yes,Mild,0
TXN02104,U02104,34,Female,8.33,2.18,1.94,3.15,4.71,25,105,9.15,Medium,Yes,Moderate,1
TXN02105,U02105,18,Male,7.11,2.89,1.08,2.51,8.07,223,151,9.7,Medium,Yes,Mild,0
TXN02106,U02106,32,Female,3.06,2.54,3.06,5.35,7.13,40,174,4.22,High,No,Mild,0
TXN02107,U02107,29,Male,6.78,3.1,2.47,2.39,6.25,49,168,7.75,Medium,No,Mild,0
TXN02108,U02108,32,Male,7.02,4.26,0.47,4.65,6.75,126,51,9.64,Low,No,Severe,1
TXN02109,U02109,22,Male,9.68,4.71,1.53,4.77,6.95,26,110,11.09,Low,No,Moderate,1
TXN02110,U02110,35,Male,10.61,3.39,2.99,5.03,4.71,206,50,11.65,High,No,Severe,1
TXN02111,U02111,27,Female,5.67,2.65,1.53,3.22,5.42,75,15,6.91,High,Yes,None,0
TXN02112,U02112,31,Male,10.01,4.26,0.7,4.19,6.19,95,145,11.08,High,No,Severe,1
TXN02113,U02113,31,Female,5.36,0.65,1.0,2.22,6.92,164,114,7.34,Medium,Yes,None,0
TXN02114,U02114,35,Other,8.03,5.79,0.01,2.03,5.49,194,169,10.83,Low,No,Moderate,1
TXN02115,U02115,20,Male,9.89,3.67,0.72,5.74,8.01,200,167,10.67,High,Yes,Severe,1
TXN02116,U02116,30,Male,5.97,1.73,0.26,5.49,4.72,210,52,7.92,Low,No,None,0
TXN02117,U02117,34,Female,4.41,3.14,2.07,0.61,6.91,134,164,6.84,Medium,Yes,Mild,0
TXN02118,U02118,32,Female,7.73,4.51,3.35,3.36,5.63,167,137,10.47,High,No,Moderate,1
TXN02119,U02119,23,Male,11.37,1.24,1.96,1.11,6.96,124,100,14.34,Medium,Yes,Moderate,1
TXN02120,U02120,31,Male,3.69,1.66,3.2,5.2,8.39,100,119,6.34,Low,No,None,0
TXN02121,U02121,23,Male,8.37,5.9,1.47,2.44,8.18,210,121,9.13,High,No,Severe,1
TXN02122,U02122,33,Other,11.22,3.29,0.35,5.12,5.45,238,166,13.34,High,Yes,Severe,1
TXN02123,U02123,23,Female,9.28,1.13,0.83,5.03,6.75,129,141,10.65,High,Yes,Moderate,1
TXN02124,U02124,25,Other,10.22,4.3,1.69,1.16,8.27,39,135,12.25,High,No,Severe,1
TXN02125,U02125,19,Other,9.79,0.75,2.76,5.09,5.59,192,56,11.79,High,No,Severe,1
TXN02126,U02126,28,Female,7.53,2.38,1.68,5.82,8.4,194,168,10.32,High,Yes,Mild,0
TXN02127,U02127,26,Female,11.99,1.7,2.53,1.3,5.95,248,102,12.75,Medium,Yes,Moderate,1
TXN02128,U02128,35,Other,10.93,0.87,2.96,5.9,8.77,85,141,13.6,Low,Yes,Moderate,1
TXN02129,U02129,24,Male,6.65,0.71,2.78,2.67,7.07,86,106,7.8,Low,No,Moderate,1
TXN02130,U02130,21,Other,5.83,1.7,0.21,1.83,8.53,225,135,7.82,High,No,None,0
TXN02131,U02131,31,Female,9.26,2.18,3.53,3.69,6.59,181,86,12.05,Low,Yes,Moderate,1
TXN02132,U02132,33,Other,8.72,5.41,1.31,5.7,8.67,127,117,10.49,Low,Yes,Moderate,1
TXN02133,U02133,33,Male,4.73,2.86,0.12,4.31,5.04,188,72,7.0,Low,Yes,Mild,0
TXN02134,U02134,23,Male,8.82,4.54,3.78,1.02,7.28,245,73,11.35,Low,No,Moderate,1
TXN02135,U02135,25,Male,6.9,2.2,0.06,5.4,4.95,222,94,8.13,Low,No,Moderate,1
TXN02136,U02136,18,Other,4.42,2.04,3.23,4.65,4.53,173,93,6.02,Medium,Yes,None,0
TXN02137,U02137,34,Male,6.83,0.86,1.35,5.94,4.54,225,162,8.04,Medium,No,Moderate,1
TXN02138,U02138,35,Other,8.58,0.86,0.77,0.71,5.9,182,49,9.83,Medium,Yes,Moderate,1
TXN02139,U02139,23,Other,6.47,0.92,3.61,4.79,4.62,71,96,7.93,High,No,Mild,0
TXN02140,U02140,23,Male,3.32,5.76,0.97,2.6,6.22,169,123,5.32,Low,No,Moderate,1
TXN02141,U02141,35,Male,6.45,3.63,0.37,0.86,8.2,220,64,8.47,Low,Yes,Moderate,1
TXN02142,U02142,26,Other,8.88,5.22,1.18,2.58,7.53,151,63,10.06,Low,Yes,Severe,1
TXN02143,U02143,34,Other,7.85,1.77,0.95,1.65,6.17,208,149,9.3,High,No,Mild,0
TXN02144,U02144,31,Male,9.98,2.49,1.15,2.06,7.77,65,113,12.84,Low,No,Severe,1
TXN02145,U02145,32,Female,5.42,2.37,3.33,3.68,6.06,214,158,7.5,High,No,Mild,0
TXN02146,U02146,18,Female,5.24,2.85,3.62,5.3,6.4,103,68,6.55,Low,No,Mild,0
TXN02147,U02147,19,Female,5.33,1.19,2.2,1.61,4.67,171,165,6.68,Low,No,None,0
TXN02148,U02148,27,Male,9.66,3.86,1.61,2.58,8.83,130,130,11.63,High,No,Severe,1
TXN02149,U02149,31,Male,9.31,3.02,3.41,4.03,8.42,241,125,11.27,Low,No,Severe,1
TXN02150,U02150,20,Female,3.24,4.67,3.19,1.93,8.78,203,129,4.0,Medium,No,Severe,1
TXN02151,U02151,31,Other,9.55,0.5,1.35,3.49,6.77,25,39,11.01,High,No,Severe,1
TXN02152,U02152,23,Male,4.84,4.32,3.88,2.52,8.49,131,162,6.63,Low,No,Severe,1
TXN02153,U02153,28,Other,10.03,2.75,2.83,4.85,5.53,107,94,10.64,High,No,Moderate,1
TXN02154,U02154,31,Male,3.65,5.07,2.15,1.42,5.99,134,46,4.9,Low,Yes,Severe,1
TXN02155,U02155,25,Other,7.85,5.29,4.0,2.85,5.28,116,92,9.64,Low,No,Moderate,1
TXN02156,U02156,27,Other,8.16,4.67,1.63,3.58,4.73,118,65,9.47,Medium,Yes,Moderate,1
TXN02157,U02157,20,Female,3.2,0.94,3.06,2.92,7.1,173,100,3.91,High,Yes,None,0
TXN02158,U02158,34,Female,10.74,1.31,3.47,4.39,6.57,154,111,13.14,Low,Yes,Severe,1
TXN02159,U02159,31,Other,4.32,5.7,2.99,1.69,5.87,92,69,6.39,Medium,No,Severe,1
TXN02160,U02160,25,Male,5.09,3.45,2.7,1.33,5.5,132,122,5.81,High,Yes,Mild,0
TXN02161,U02161,21,Female,10.97,2.16,3.47,3.04,8.49,64,120,13.7,Medium,Yes,Severe,1
TXN02162,U02162,35,Other,5.82,0.73,2.46,5.5,8.62,174,140,8.35,Medium,No,Mild,0
TXN02163,U02163,26,Female,9.16,4.08,3.76,5.12,7.71,55,165,10.55,Low,No,Severe,1
TXN02164,U02164,18,Female,11.66,4.81,1.9,3.06,7.01,92,21,12.82,Low,Yes,Severe,1
TXN02165,U02165,32,Other,6.19,2.19,1.78,1.6,4.9,101,135,8.61,High,Yes,Mild,0
TXN02166,U02166,19,Other,10.1,4.04,0.19,5.18,7.82,223,119,11.53,Medium,Yes,Moderate,1
TXN02167,U02167,27,Other,9.5,2.39,2.1,5.77,6.0,188,123,10.91,Medium,Yes,Moderate,1
TXN02168,U02168,22,Male,11.47,2.86,0.13,4.26,8.62,215,18,14.12,Low,No,Severe,1
TXN02169,U02169,20,Male,3.63,4.55,3.26,3.72,7.89,112,122,4.32,High,No,Severe,1
TXN02170,U02170,20,Female,7.93,4.26,1.27,1.68,8.83,221,85,9.43,Low,No,Severe,1
TXN02171,U02171,32,Other,6.83,1.01,2.57,4.06,6.8,191,15,8.03,Medium,No,Moderate,1
TXN02172,U02172,30,Other,7.93,1.31,2.46,4.57,7.7,114,118,9.29,High,No,Mild,0
TXN02173,U02173,20,Female,5.49,1.4,0.93,1.77,7.78,167,62,7.23,Medium,Yes,Mild,0
TXN02174,U02174,33,Male,9.12,3.93,1.69,5.53,4.8,34,105,9.79,Low,No,Severe,1
TXN02175,U02175,27,Female,7.36,2.98,0.97,3.53,8.27,84,131,9.69,High,No,Mild,0
TXN02176,U02176,32,Other,5.69,2.16,0.51,1.53,7.23,92,41,6.23,High,Yes,None,0
TXN02177,U02177,33,Male,8.81,5.11,3.97,3.45,7.86,199,119,10.34,Medium,No,Severe,1
TXN02178,U02178,24,Female,3.81,1.62,1.47,3.28,5.35,56,105,5.6,Low,No,Mild,0
TXN02179,U02179,35,Female,10.33,2.42,3.8,5.65,7.99,113,178,11.25,Low,No,Severe,1
TXN02180,U02180,19,Female,10.28,3.37,2.82,4.23,8.88,63,156,13.23,Medium,No,Moderate,1
TXN02181,U02181,32,Other,6.11,3.91,0.86,1.63,8.34,170,71,7.39,High,Yes,Mild,0
TXN02182,U02182,19,Male,11.93,5.78,0.26,1.92,6.23,86,47,14.19,Low,No,Moderate,1
TXN02183,U02183,29,Female,8.17,4.6,0.97,4.7,4.73,170,41,9.1,High,No,Moderate,1
TXN02184,U02184,24,Male,5.66,5.95,1.18,2.71,5.38,41,100,8.37,Medium,No,Moderate,1
TXN02185,U02185,20,Other,5.89,0.71,0.24,2.19,4.55,132,151,6.61,High,Yes,None,0
TXN02186,U02186,31,Male,6.25,3.52,2.65,2.22,6.55,209,125,7.34,Medium,No,Moderate,1
TXN02187,U02187,35,Female,9.68,1.51,2.36,1.28,8.72,239,168,10.85,Low,Yes,Severe,1
TXN02188,U02188,20,Male,11.41,5.55,3.21,0.63,8.87,197,112,14.37,Medium,Yes,Moderate,1
TXN02189,U02189,34,Other,8.73,1.38,1.0,4.9,5.06,157,51,10.27,High,Yes,Moderate,1
TXN02190,U02190,20,Other,8.7,3.25,3.71,2.71,7.43,117,173,10.62,Medium,Yes,Moderate,1
TXN02191,U02191,24,Male,8.68,3.23,3.2,4.4,7.86,22,103,10.6,Low,No,Severe,1
TXN02192,U02192,22,Other,7.96,3.01,2.81,1.37,4.64,185,133,10.74,Medium,No,Moderate,1
TXN02193,U02193,22,Other,5.29,1.55,1.85,1.17,7.25,42,90,6.63,High,Yes,Mild,0
TXN02194,U02194,34,Other,10.96,4.92,0.09,5.61,8.61,152,117,11.5,Medium,Yes,Severe,1
TXN02195,U02195,18,Other,4.56,5.64,0.73,0.57,8.02,236,91,7.28,Medium,No,Severe,1
TXN02196,U02196,28,Male,3.37,3.69,1.03,0.96,6.76,206,164,5.13,Medium,No,Mild,0
TXN02197,U02197,19,Female,3.84,2.64,2.51,2.45,8.12,76,146,5.74,High,No,Mild,0
TXN02198,U02198,31,Male,9.28,5.51,2.45,5.06,4.83,119,28,10.82,Low,Yes,Moderate,1
TXN02199,U02199,21,Male,10.19,5.27,2.22,0.55,5.76,232,165,11.38,Medium,Yes,Moderate,1
TXN02200,U02200,34,Other,3.15,2.31,3.04,4.52,8.36,153,165,5.64,Medium,Yes,None,0
TXN02201,U02201,27,Male,5.77,3.74,3.01,1.93,8.14,207,27,8.66,Low,No,Mild,0
TXN02202,U02202,35,Other,5.15,2.47,0.37,4.54,6.63,183,29,7.7,Medium,Yes,None,0
TXN02203,U02203,30,Other,7.44,4.94,1.02,3.31,6.83,228,175,9.26,Medium,No,Severe,1
TXN02204,U02204,22,Other,8.34,1.42,3.1,5.67,6.91,67,55,10.15,Low,Yes,Moderate,1
TXN02205,U02205,24,Female,4.39,2.55,0.17,5.44,6.81,129,152,6.71,High,No,Mild,0
TXN02206,U02206,33,Female,7.52,3.86,1.6,2.28,6.98,142,83,9.86,High,No,Moderate,1
TXN02207,U02207,22,Other,3.71,2.47,0.8,5.66,5.95,108,99,5.71,Low,No,Mild,0
TXN02208,U02208,32,Female,11.69,0.98,2.74,4.38,5.81,154,113,13.9,Low,No,Severe,1
TXN02209,U02209,21,Male,10.55,4.09,3.16,3.9,6.41,105,72,11.72,Medium,No,Severe,1
TXN02210,U02210,29,Other,10.01,2.9,3.55,3.86,6.48,173,124,11.1,High,Yes,Moderate,1
TXN02211,U02211,24,Other,6.16,3.27,0.73,5.09,6.28,69,24,6.87,High,No,Moderate,1
TXN02212,U02212,22,Female,4.55,2.04,0.51,2.04,6.94,210,70,5.81,High,Yes,Mild,0
TXN02213,U02213,31,Male,7.98,3.62,2.08,1.9,7.45,32,36,10.49,High,Yes,Moderate,1
TXN02214,U02214,24,Other,4.77,2.15,0.02,5.11,6.0,76,127,7.14,Medium,No,Mild,0
TXN02215,U02215,33,Female,3.94,2.4,1.04,2.79,4.57,82,164,4.83,Medium,Yes,Mild,0
TXN02216,U02216,26,Other,11.38,5.04,1.61,4.35,6.73,32,176,12.71,Low,No,Severe,1
TXN02217,U02217,20,Male,3.96,4.3,2.84,5.02,6.07,133,175,6.77,Low,No,Moderate,1
TXN02218,U02218,20,Female,10.92,5.72,3.88,4.47,8.32,186,70,12.81,Low,No,Severe,1
TXN02219,U02219,28,Other,7.94,0.99,0.63,1.5,5.67,175,109,9.43,High,No,Moderate,1
TXN02220,U02220,30,Female,3.02,3.59,3.11,0.62,6.66,107,36,5.19,High,Yes,None,0
TXN02221,U02221,33,Other,6.37,0.88,2.29,4.28,5.85,223,93,8.38,Low,No,Mild,0
TXN02222,U02222,21,Female,6.86,2.02,2.17,3.36,7.53,82,147,9.31,Medium,No,Moderate,1
TXN02223,U02223,32,Other,6.91,2.59,1.28,5.44,6.67,112,98,8.17,High,No,Mild,0
TXN02224,U02224,27,Other,5.0,4.71,2.15,4.11,4.96,240,120,7.5,Low,Yes,Moderate,1
TXN02225,U02225,26,Other,9.91,5.22,0.22,2.73,8.77,81,91,12.57,Medium,Yes,Severe,1
TXN02226,U02226,32,Male,7.2,5.97,2.66,1.1,8.77,184,79,8.86,Low,No,Severe,1
TXN02227,U02227,20,Male,10.37,4.13,2.78,3.16,5.28,113,134,13.27,Medium,No,Severe,1
TXN02228,U02228,25,Other,6.08,4.06,2.92,3.18,4.93,156,99,8.77,Medium,No,Moderate,1
TXN02229,U02229,28,Female,4.36,5.23,2.15,5.82,6.07,24,164,6.82,Medium,No,Severe,1
TXN02230,U02230,29,Male,11.35,1.04,1.64,0.74,8.04,155,82,13.42,Low,Yes,Severe,1
TXN02231,U02231,25,Other,4.92,4.55,3.15,4.01,6.5,96,19,6.58,Medium,No,Severe,1
TXN02232,U02232,21,Other,5.29,5.88,2.68,3.19,8.14,230,77,8.23,Low,No,Severe,1
TXN02233,U02233,28,Other,11.95,3.35,0.87,5.66,6.18,216,118,12.54,Medium,Yes,Moderate,1
TXN02234,U02234,30,Other,3.91,0.93,1.39,4.23,7.47,30,41,5.51,Low,No,Mild,0
TXN02235,U02235,26,Other,8.17,3.19,1.73,3.79,8.75,100,95,10.37,Medium,Yes,Moderate,1
TXN02236,U02236,29,Female,8.2,4.79,2.66,4.74,8.66,128,128,9.7,Low,No,Moderate,1
TXN02237,U02237,33,Other,12.0,2.52,2.7,2.46,6.87,124,26,13.72,Medium,Yes,Moderate,1
TXN02238,U02238,35,Male,4.93,4.78,3.87,1.77,6.05,47,64,6.96,Low,No,Moderate,1
TXN02239,U02239,32,Other,11.2,2.2,1.97,2.2,7.27,130,118,13.83,Low,No,Severe,1
TXN02240,U02240,31,Female,6.97,5.01,0.25,4.32,6.84,25,65,9.23,High,Yes,Moderate,1
TXN02241,U02241,25,Male,10.24,4.76,1.75,2.51,8.16,119,21,12.02,Medium,Yes,Severe,1
TXN02242,U02242,33,Male,10.29,5.7,2.83,4.9,5.14,149,148,11.77,High,Yes,Moderate,1
TXN02243,U02243,22,Other,11.61,4.88,0.66,1.95,7.46,102,55,14.12,Low,Yes,Severe,1
TXN02244,U02244,35,Female,8.11,5.88,3.37,4.96,8.39,120,96,9.74,Medium,No,Severe,1
TXN02245,U02245,24,Male,4.63,4.28,1.27,2.08,4.84,153,39,7.12,High,No,Moderate,1
TXN02246,U02246,30,Female,11.29,1.53,3.87,4.28,5.15,72,156,13.85,High,Yes,Moderate,1
TXN02247,U02247,31,Male,7.62,4.79,2.15,5.44,8.38,40,81,9.08,Low,Yes,Moderate,1
TXN02248,U02248,26,Male,8.96,1.84,0.97,1.97,4.77,44,43,9.92,Low,Yes,Severe,1
TXN02249,U02249,24,Female,3.01,3.15,3.11,5.56,6.61,143,26,5.34,Low,No,Mild,0
TXN02250,U02250,21,Male,11.74,1.8,1.86,1.29,7.22,20,138,13.29,Medium,Yes,Severe,1
TXN02251,U02251,21,Male,7.49,0.73,2.18,5.15,6.28,32,91,8.25,Medium,Yes,Mild,0
TXN02252,U02252,23,Male,6.48,2.14,1.31,2.7,7.27,139,91,7.25,High,Yes,Moderate,1
TXN02253,U02253,28,Male,9.46,4.27,0.92,4.25,6.24,84,160,10.04,High,No,Moderate,1
TXN02254,U02254,27,Male,4.18,4.98,3.99,4.38,7.18,194,28,4.99,Low,No,Moderate,1
TXN02255,U02255,30,Other,11.94,1.28,1.57,5.75,6.58,64,45,14.84,Low,Yes,Moderate,1
TXN02256,U02256,30,Female,9.56,4.8,1.36,1.45,8.08,55,59,10.34,High,Yes,Severe,1
TXN02257,U02257,26,Other,7.63,1.28,3.37,3.82,5.4,114,154,8.71,High,No,Mild,0
TXN02258,U02258,20,Other,3.04,2.49,0.96,4.92,8.33,142,94,4.39,Medium,No,None,0
TXN02259,U02259,29,Male,4.1,5.32,2.94,2.17,8.58,215,37,4.98,High,Yes,Moderate,1
TXN02260,U02260,28,Female,6.31,5.73,2.33,3.15,7.1,76,101,8.83,High,No,Moderate,1
TXN02261,U02261,33,Female,3.73,3.17,0.11,0.68,6.35,135,29,6.46,Medium,Yes,None,0
TXN02262,U02262,30,Female,3.04,1.01,1.57,3.47,5.54,182,176,4.93,Medium,Yes,None,0
TXN02263,U02263,30,Male,8.03,1.13,2.23,4.7,6.32,138,126,10.67,Low,No,Severe,1
TXN02264,U02264,27,Male,5.92,5.75,3.37,5.62,8.1,136,177,8.09,Low,Yes,Severe,1
TXN02265,U02265,19,Male,5.05,1.47,2.32,2.81,8.23,205,130,6.38,Medium,No,Mild,0
TXN02266,U02266,18,Female,5.72,2.04,2.13,0.74,5.87,243,127,8.03,Low,Yes,None,0
TXN02267,U02267,30,Female,3.18,2.37,1.16,3.16,6.55,219,164,5.91,Medium,No,Mild,0
TXN02268,U02268,21,Female,3.95,0.78,3.81,3.67,6.26,245,130,5.36,High,No,Mild,0
TXN02269,U02269,32,Other,4.35,3.61,1.82,1.42,7.57,73,90,6.12,Medium,Yes,None,0
TXN02270,U02270,18,Male,8.48,1.92,2.74,3.41,6.07,126,17,11.09,Medium,Yes,Severe,1
TXN02271,U02271,24,Female,7.67,5.62,3.13,3.12,7.31,240,128,10.38,Medium,No,Severe,1
TXN02272,U02272,19,Other,9.81,1.63,2.26,5.04,5.15,77,142,11.48,Low,No,Moderate,1
TXN02273,U02273,20,Other,3.5,2.91,0.95,2.47,5.09,172,122,4.43,High,Yes,Mild,0
TXN02274,U02274,23,Female,5.59,1.4,0.77,5.68,5.59,221,51,6.63,High,Yes,Mild,0
TXN02275,U02275,30,Female,3.2,2.71,2.83,0.65,8.32,116,159,6.16,Medium,Yes,None,0
TXN02276,U02276,29,Female,8.89,1.55,1.75,5.34,5.95,55,168,10.15,Low,No,Moderate,1
TXN02277,U02277,19,Male,3.3,2.6,3.76,1.9,8.49,162,101,4.52,Medium,No,None,0
TXN02278,U02278,21,Female,11.66,3.97,3.06,3.36,4.54,62,107,13.04,Medium,Yes,Moderate,1
TXN02279,U02279,25,Male,11.77,2.76,3.97,5.84,6.14,224,22,13.47,Medium,No,Severe,1
TXN02280,U02280,23,Female,3.38,4.47,3.8,1.43,5.62,39,138,3.97,Low,No,Severe,1
TXN02281,U02281,24,Other,11.56,4.77,2.65,3.47,6.62,154,138,12.46,High,No,Moderate,1
TXN02282,U02282,20,Female,5.26,1.37,1.24,2.49,6.34,167,43,6.94,High,No,Mild,0
TXN02283,U02283,21,Other,6.84,1.79,3.04,3.48,6.78,140,16,7.39,Low,Yes,Mild,0
TXN02284,U02284,33,Female,5.81,4.27,0.6,0.62,7.56,207,15,6.52,Medium,No,Severe,1
TXN02285,U02285,26,Male,3.6,2.01,1.99,1.26,8.39,37,29,6.27,Medium,No,Mild,0
TXN02286,U02286,32,Male,5.88,4.57,3.12,2.46,6.33,194,161,7.5,Medium,Yes,Moderate,1
TXN02287,U02287,30,Male,3.5,3.44,3.07,2.11,6.94,226,63,4.5,High,No,Mild,0
TXN02288,U02288,25,Male,9.2,1.69,2.14,4.04,6.42,223,37,11.86,Medium,No,Moderate,1
TXN02289,U02289,22,Male,6.61,0.92,2.97,3.42,6.75,45,173,8.7,Low,Yes,Moderate,1
TXN02290,U02290,21,Male,8.09,3.23,3.92,5.86,7.51,27,173,8.91,Low,Yes,Moderate,1
TXN02291,U02291,35,Other,4.39,4.48,1.41,1.81,7.67,164,130,6.99,Medium,Yes,Severe,1
TXN02292,U02292,28,Other,7.55,3.76,0.41,3.45,8.72,115,97,10.08,Low,No,Mild,0
TXN02293,U02293,32,Female,3.75,3.81,3.89,5.47,6.6,232,132,5.01,Low,No,None,0
TXN02294,U02294,35,Male,10.3,5.05,2.33,1.37,5.09,173,35,12.09,High,Yes,Moderate,1
TXN02295,U02295,27,Female,8.88,5.74,3.87,5.53,7.77,80,180,10.47,Medium,No,Moderate,1
TXN02296,U02296,27,Female,4.72,2.18,2.52,2.38,5.87,249,133,6.52,Low,No,Mild,0
TXN02297,U02297,21,Female,6.04,2.73,2.84,2.19,8.52,241,180,6.65,Low,Yes,Mild,0
TXN02298,U02298,35,Other,8.83,4.02,0.5,3.09,8.39,32,175,9.41,Low,No,Moderate,1
TXN02299,U02299,20,Female,6.77,2.45,0.91,2.78,5.8,62,118,8.22,High,Yes,Mild,0
TXN02300,U02300,26,Other,8.35,5.58,0.88,4.8,5.54,172,36,10.64,Medium,Yes,Moderate,1
TXN02301,U02301,28,Female,4.33,1.83,3.78,1.13,6.57,229,61,5.82,Low,No,Mild,0
TXN02302,U02302,31,Female,8.14,4.83,3.52,3.99,6.85,52,171,10.63,Low,No,Severe,1
TXN02303,U02303,27,Female,4.47,3.66,2.55,5.09,8.83,185,97,6.51,High,No,Mild,0
TXN02304,U02304,20,Female,11.85,1.87,2.38,4.84,5.25,216,56,14.2,Medium,Yes,Severe,1
TXN02305,U02305,18,Other,3.38,1.62,2.42,0.59,4.67,182,29,4.96,Medium,No,None,0
TXN02306,U02306,27,Other,5.71,2.98,1.96,5.13,7.68,101,81,7.86,Low,No,None,0
TXN02307,U02307,25,Other,4.12,3.91,2.39,4.48,7.87,208,125,5.73,Medium,No,None,0
TXN02308,U02308,24,Male,5.75,1.77,2.3,3.73,5.75,238,69,8.1,High,Yes,Mild,0
TXN02309,U02309,34,Female,7.22,4.32,1.34,1.59,8.22,231,145,7.97,Low,Yes,Moderate,1
TXN02310,U02310,25,Female,5.5,1.87,3.59,4.24,4.73,78,123,6.78,Low,Yes,Mild,0
TXN02311,U02311,26,Female,3.19,3.64,1.5,4.43,6.56,34,76,4.27,Low,No,None,0
TXN02312,U02312,19,Other,4.13,5.02,1.31,5.0,6.69,42,108,7.0,Medium,No,Moderate,1
TXN02313,U02313,26,Male,8.71,4.34,1.09,1.34,7.41,195,91,11.58,Medium,No,Moderate,1
TXN02314,U02314,23,Male,6.34,2.55,0.35,2.26,6.8,228,24,9.19,High,Yes,Mild,0
TXN02315,U02315,29,Other,11.13,2.42,2.97,4.51,5.9,85,32,13.17,Medium,Yes,Severe,1
TXN02316,U02316,33,Female,10.72,2.23,1.98,1.17,8.69,130,74,11.65,High,Yes,Severe,1
TXN02317,U02317,25,Female,3.16,4.81,0.48,2.76,8.3,39,152,5.3,High,No,Moderate,1
TXN02318,U02318,22,Other,3.08,4.79,1.83,5.67,5.91,94,54,3.72,High,No,Severe,1
TXN02319,U02319,31,Male,8.36,3.03,0.31,1.54,5.47,128,21,11.14,High,Yes,Moderate,1
TXN02320,U02320,19,Male,3.71,2.06,3.02,4.53,8.32,207,70,5.71,Medium,Yes,None,0
TXN02321,U02321,26,Male,10.19,5.43,2.63,2.62,5.59,153,44,11.71,High,No,Severe,1
TXN02322,U02322,34,Other,10.36,2.44,1.68,3.78,8.97,180,24,12.51,Medium,No,Severe,1
TXN02323,U02323,35,Female,9.83,2.59,0.7,0.69,6.66,59,139,10.72,Low,Yes,Severe,1
TXN02324,U02324,22,Other,8.69,3.02,1.41,2.05,6.6,77,22,11.59,Low,Yes,Severe,1
TXN02325,U02325,32,Female,11.57,3.36,2.39,3.96,7.06,46,179,12.71,Medium,Yes,Severe,1
TXN02326,U02326,20,Male,5.34,3.14,2.26,5.69,6.21,151,121,6.96,Low,No,Mild,0
TXN02327,U02327,20,Other,6.82,2.45,0.18,4.18,8.08,230,117,7.84,Medium,Yes,Mild,0
TXN02328,U02328,19,Male,11.24,4.11,0.84,5.63,4.57,28,49,12.61,Medium,No,Severe,1
TXN02329,U02329,25,Other,9.93,4.37,1.93,1.83,7.55,45,111,11.67,High,No,Moderate,1
TXN02330,U02330,23,Female,10.56,1.09,1.13,3.14,5.19,238,41,11.42,High,Yes,Moderate,1
TXN02331,U02331,27,Other,6.03,0.63,0.23,2.38,7.15,28,144,9.01,High,Yes,Mild,0
TXN02332,U02332,33,Other,6.61,3.02,2.08,3.13,5.89,44,115,7.65,Low,No,Mild,0
TXN02333,U02333,25,Other,9.95,0.83,0.12,0.94,5.51,60,172,11.22,Low,Yes,Severe,1
TXN02334,U02334,26,Female,3.96,5.95,2.27,4.04,5.91,89,120,6.35,Low,No,Moderate,1
TXN02335,U02335,21,Male,7.7,4.89,0.63,2.35,6.54,103,176,9.21,Low,Yes,Moderate,1
TXN02336,U02336,19,Female,4.17,5.43,1.15,2.55,7.85,135,41,5.13,Low,No,Moderate,1
TXN02337,U02337,21,Other,11.31,5.18,0.66,5.24,8.47,23,101,11.98,Medium,No,Moderate,1
TXN02338,U02338,35,Male,10.21,5.17,0.87,1.2,6.87,95,85,11.92,High,Yes,Severe,1
TXN02339,U02339,31,Male,3.75,1.27,1.56,2.28,6.98,227,87,5.01,Low,Yes,None,0
TXN02340,U02340,26,Female,9.25,1.32,2.15,5.1,5.36,38,77,11.92,Low,No,Moderate,1
TXN02341,U02341,29,Male,3.37,5.69,3.35,5.29,8.61,28,54,4.82,Medium,Yes,Severe,1
TXN02342,U02342,25,Other,9.03,2.75,1.53,0.63,6.54,220,38,11.71,High,Yes,Moderate,1
TXN02343,U02343,22,Male,9.6,5.16,1.51,4.12,7.2,247,92,11.92,Medium,Yes,Severe,1
TXN02344,U02344,19,Male,4.98,0.93,0.37,4.66,6.82,48,158,7.06,Medium,Yes,Mild,0
TXN02345,U02345,25,Other,4.41,4.0,1.78,3.73,4.51,99,130,5.01,Medium,No,None,0
TXN02346,U02346,26,Male,10.13,4.94,3.61,2.99,5.83,229,143,11.78,Low,Yes,Moderate,1
TXN02347,U02347,21,Male,5.36,4.94,3.05,2.64,5.92,52,54,7.0,High,No,Severe,1
TXN02348,U02348,32,Other,9.53,0.65,0.86,5.96,6.52,86,173,11.6,High,No,Moderate,1
TXN02349,U02349,25,Male,5.22,1.09,0.92,4.61,8.99,93,37,6.18,High,No,Mild,0
TXN02350,U02350,18,Female,10.5,0.59,0.67,4.67,6.53,79,31,12.76,High,Yes,Severe,1
TXN02351,U02351,30,Female,5.17,4.27,0.14,0.65,6.9,123,179,6.5,Medium,Yes,Moderate,1
TXN02352,U02352,25,Other,6.57,2.64,1.15,0.84,6.48,153,117,8.23,Medium,No,Moderate,1
TXN02353,U02353,26,Male,7.65,3.07,3.59,1.86,8.14,26,28,10.45,Medium,No,Mild,0
TXN02354,U02354,32,Other,7.38,5.76,3.45,4.1,5.91,99,167,8.37,Low,Yes,Severe,1
TXN02355,U02355,21,Male,4.0,5.37,1.77,3.66,7.92,233,28,6.98,Medium,Yes,Moderate,1
TXN02356,U02356,26,Other,5.58,0.97,3.89,2.46,8.32,128,129,6.78,Low,Yes,Mild,0
TXN02357,U02357,31,Female,11.86,5.59,1.5,1.39,7.05,47,137,14.3,Low,Yes,Moderate,1
TXN02358,U02358,25,Male,11.16,5.32,3.03,2.21,7.63,169,164,12.11,High,No,Severe,1
TXN02359,U02359,30,Other,9.46,5.76,2.45,4.06,6.55,46,131,10.5,High,No,Severe,1
TXN02360,U02360,22,Other,5.46,3.22,2.89,5.61,5.38,211,158,8.02,High,No,Mild,0
TXN02361,U02361,25,Other,10.52,1.34,1.92,4.97,6.99,189,38,11.67,Low,Yes,Severe,1
TXN02362,U02362,24,Male,10.12,5.42,1.93,3.85,6.48,28,125,10.63,Medium,Yes,Severe,1
TXN02363,U02363,28,Female,7.16,1.19,3.52,1.17,5.11,26,115,9.4,High,Yes,Moderate,1
TXN02364,U02364,30,Female,5.72,1.65,2.37,4.32,6.52,46,90,7.88,High,No,Mild,0
TXN02365,U02365,18,Female,10.62,1.77,2.87,1.88,5.1,198,40,12.93,Medium,No,Moderate,1
TXN02366,U02366,28,Male,4.14,5.09,2.59,2.31,7.3,64,114,7.1,Low,Yes,Moderate,1
TXN02367,U02367,19,Male,3.75,2.3,0.3,0.89,7.13,69,158,4.89,Medium,Yes,None,0
TXN02368,U02368,25,Female,3.01,4.2,2.22,1.27,7.94,155,92,5.18,Medium,Yes,Severe,1
TXN02369,U02369,22,Female,4.77,5.63,0.29,1.95,5.68,51,141,6.96,Medium,Yes,Severe,1
TXN02370,U02370,28,Male,9.52,0.89,0.55,5.93,7.97,155,155,10.36,Low,Yes,Severe,1
TXN02371,U02371,20,Male,7.74,5.91,3.29,1.17,6.23,183,176,9.81,High,Yes,Moderate,1
TXN02372,U02372,24,Female,6.72,4.71,2.76,2.9,5.57,149,63,8.01,High,Yes,Severe,1
TXN02373,U02373,31,Male,5.47,5.1,0.59,4.8,7.5,202,161,7.81,High,Yes,Severe,1
TXN02374,U02374,35,Other,4.34,5.38,3.22,4.93,8.6,64,112,7.06,Low,No,Severe,1
TXN02375,U02375,28,Other,10.61,1.41,0.75,1.52,7.27,214,80,11.76,High,No,Moderate,1
TXN02376,U02376,31,Female,9.9,4.51,1.74,1.12,8.87,49,34,11.17,Low,Yes,Moderate,1
TXN02377,U02377,26,Other,3.22,4.39,0.1,3.59,6.66,235,100,4.51,Medium,Yes,Severe,1
TXN02378,U02378,23,Male,10.02,3.42,3.72,0.79,8.65,167,40,12.24,Low,No,Severe,1
TXN02379,U02379,32,Other,4.51,2.77,3.55,5.82,6.28,25,70,5.37,Medium,No,None,0
TXN02380,U02380,18,Female,4.58,2.26,2.63,3.74,8.78,139,73,6.88,High,Yes,Mild,0
TXN02381,U02381,28,Other,9.87,0.87,3.85,4.99,5.65,135,83,12.08,Low,Yes,Severe,1
TXN02382,U02382,24,Male,11.89,5.8,1.82,1.7,6.87,57,105,13.37,High,No,Severe,1
TXN02383,U02383,21,Male,4.44,5.71,1.17,5.18,5.42,27,18,6.3,Medium,No,Moderate,1
TXN02384,U02384,34,Female,9.29,3.68,0.66,1.89,7.37,55,145,10.96,Low,Yes,Moderate,1
TXN02385,U02385,34,Female,7.72,0.96,2.55,1.76,6.42,110,89,9.58,Low,Yes,Mild,0
TXN02386,U02386,22,Female,3.06,3.89,3.38,3.53,5.12,140,79,5.63,Low,No,None,0
TXN02387,U02387,31,Female,9.86,1.65,1.58,0.86,7.31,207,98,11.24,Low,Yes,Moderate,1
TXN02388,U02388,20,Male,3.29,1.13,1.21,3.46,5.65,52,47,4.86,Low,Yes,None,0
TXN02389,U02389,24,Other,6.77,5.98,0.54,1.82,4.67,210,150,7.85,High,Yes,Severe,1
TXN02390,U02390,22,Other,10.89,4.02,0.79,3.01,8.13,167,44,13.84,High,Yes,Moderate,1
TXN02391,U02391,21,Male,10.84,4.4,0.88,2.82,8.55,129,171,12.3,High,No,Severe,1
TXN02392,U02392,25,Male,4.86,0.51,1.5,5.5,4.79,24,114,5.61,Medium,No,Mild,0
TXN02393,U02393,18,Other,9.17,2.08,3.16,2.32,4.62,104,39,10.89,Medium,Yes,Severe,1
TXN02394,U02394,23,Other,7.64,3.72,1.18,1.15,4.53,229,19,9.78,Medium,No,Mild,0
TXN02395,U02395,24,Other,4.1,5.1,2.83,2.55,7.64,198,56,4.93,High,Yes,Severe,1
TXN02396,U02396,35,Female,4.74,3.01,1.78,2.17,6.07,89,29,7.63,High,No,Mild,0
TXN02397,U02397,23,Female,11.45,4.6,2.71,3.78,4.71,47,37,12.24,Medium,Yes,Severe,1
TXN02398,U02398,34,Other,9.17,5.09,1.85,4.37,6.98,65,117,9.77,Low,No,Severe,1
TXN02399,U02399,18,Other,11.72,0.61,3.63,2.47,8.56,248,144,12.24,High,No,Moderate,1
TXN02400,U02400,31,Other,3.61,5.39,3.37,5.05,5.09,175,71,5.03,High,No,Severe,1
TXN02401,U02401,29,Other,8.37,1.5,1.3,4.86,7.04,133,97,9.98,High,Yes,Moderate,1
TXN02402,U02402,24,Female,10.07,5.94,3.19,1.73,7.69,214,99,11.74,Low,No,Severe,1
TXN02403,U02403,21,Other,3.79,2.64,2.2,5.88,8.32,155,161,5.45,Low,Yes,Mild,0
TXN02404,U02404,23,Female,4.63,4.77,0.81,4.4,7.18,116,30,5.15,High,Yes,Severe,1
TXN02405,U02405,31,Female,9.13,0.89,2.69,4.0,8.5,170,173,11.43,Low,No,Severe,1
TXN02406,U02406,21,Male,9.66,4.61,2.92,3.65,7.9,142,162,12.37,High,Yes,Severe,1
TXN02407,U02407,28,Other,9.26,5.64,3.65,5.21,5.49,153,139,11.63,High,No,Moderate,1
TXN02408,U02408,29,Female,9.6,5.8,2.24,3.88,6.28,186,41,11.47,Medium,Yes,Severe,1
TXN02409,U02409,25,Female,3.46,5.5,2.27,4.05,6.62,147,165,4.67,High,No,Severe,1
TXN02410,U02410,32,Male,9.16,4.03,1.01,4.9,5.75,237,26,10.79,High,Yes,Severe,1
TXN02411,U02411,30,Other,8.76,5.59,1.14,1.78,7.96,232,105,11.74,Low,No,Moderate,1
TXN02412,U02412,26,Other,5.25,3.69,3.68,1.65,7.25,104,175,7.34,High,Yes,Mild,0
TXN02413,U02413,31,Female,6.27,5.2,1.8,4.66,8.65,147,99,7.81,High,Yes,Severe,1
TXN02414,U02414,34,Female,5.78,5.03,3.96,4.22,6.7,197,68,6.42,Medium,Yes,Severe,1
TXN02415,U02415,30,Other,3.85,5.57,2.55,1.56,7.46,184,175,4.36,High,Yes,Severe,1
TXN02416,U02416,23,Other,4.34,1.59,2.85,2.27,4.56,68,119,6.29,High,No,None,0
TXN02417,U02417,28,Female,9.14,0.74,0.75,0.98,9.0,55,115,10.43,Low,No,Moderate,1
TXN02418,U02418,28,Female,10.28,2.07,1.8,1.94,7.6,68,50,13.2,Low,No,Severe,1
TXN02419,U02419,20,Male,5.63,4.86,1.32,0.68,5.59,111,95,7.05,High,No,Moderate,1
TXN02420,U02420,19,Male,3.37,1.12,1.01,1.57,8.88,87,107,5.28,Medium,No,None,0
TXN02421,U02421,21,Other,7.96,1.87,2.65,1.01,7.36,142,18,10.57,Medium,Yes,Moderate,1
TXN02422,U02422,30,Female,3.93,1.35,3.48,5.48,6.93,80,176,4.5,Medium,No,Mild,0
TXN02423,U02423,35,Male,9.25,1.87,0.02,1.91,6.16,227,102,11.2,Low,Yes,Severe,1
TXN02424,U02424,28,Male,6.86,3.25,1.95,3.46,8.11,99,70,7.94,Low,No,Moderate,1
TXN02425,U02425,19,Other,5.37,5.03,0.14,3.36,7.62,231,77,6.87,Medium,Yes,Severe,1
TXN02426,U02426,18,Other,4.65,4.27,0.6,3.6,6.19,106,20,6.15,Medium,Yes,Severe,1
TXN02427,U02427,32,Other,3.21,4.47,3.82,4.23,5.28,34,68,5.17,Low,No,Severe,1
TXN02428,U02428,19,Other,7.11,3.8,3.58,5.52,6.22,206,33,8.99,Low,Yes,Mild,0
TXN02429,U02429,20,Male,9.67,1.37,3.68,4.81,7.24,48,15,12.3,Low,Yes,Severe,1
TXN02430,U02430,23,Male,4.56,2.8,3.46,5.44,5.07,57,145,5.64,Medium,No,Mild,0
TXN02431,U02431,32,Female,10.01,2.24,2.48,2.28,7.81,157,128,12.48,High,Yes,Moderate,1
TXN02432,U02432,24,Female,4.36,4.31,2.07,4.32,7.84,40,57,5.91,High,Yes,Severe,1
TXN02433,U02433,31,Other,9.33,2.51,2.32,1.26,8.46,145,119,9.86,High,No,Moderate,1
TXN02434,U02434,31,Other,10.98,5.73,1.76,4.32,5.66,229,102,11.92,Medium,Yes,Severe,1
TXN02435,U02435,32,Female,9.25,3.08,2.19,3.45,4.56,20,170,10.43,Medium,No,Severe,1
TXN02436,U02436,19,Other,11.95,0.98,3.62,3.33,7.23,59,154,13.22,Medium,Yes,Moderate,1
TXN02437,U02437,22,Male,11.04,4.28,0.28,4.04,6.2,50,127,11.61,Medium,Yes,Severe,1
TXN02438,U02438,34,Female,11.47,0.68,1.55,4.44,6.94,22,66,12.16,High,No,Severe,1
TXN02439,U02439,33,Other,11.72,3.67,1.47,0.85,6.6,154,63,14.46,Low,No,Moderate,1
TXN02440,U02440,29,Other,5.14,2.55,2.74,0.96,6.3,24,36,7.08,Low,No,None,0
TXN02441,U02441,32,Male,3.02,4.36,1.89,4.31,8.01,195,117,4.73,Low,No,Moderate,1
TXN02442,U02442,33,Other,7.21,1.07,3.8,3.09,5.78,92,72,8.27,High,No,Moderate,1
TXN02443,U02443,30,Other,7.08,1.33,3.65,2.77,7.51,103,32,7.81,High,Yes,Mild,0
TXN02444,U02444,33,Male,3.46,1.08,2.22,2.49,7.77,23,110,4.08,Medium,No,Mild,0
TXN02445,U02445,25,Other,9.33,3.9,0.13,0.57,7.54,178,135,10.74,High,No,Severe,1
TXN02446,U02446,32,Female,9.07,4.1,3.44,2.34,5.54,173,123,10.37,High,No,Severe,1
TXN02447,U02447,23,Male,6.12,2.61,2.71,3.89,7.84,191,57,6.76,Low,No,Moderate,1
TXN02448,U02448,29,Other,10.01,1.66,1.17,5.68,8.04,237,108,10.74,Low,Yes,Severe,1
TXN02449,U02449,25,Male,10.82,4.84,3.18,2.68,7.08,220,170,12.44,High,Yes,Severe,1
TXN02450,U02450,34,Other,5.88,3.23,0.35,4.88,5.86,188,26,8.38,High,No,Mild,0
TXN02451,U02451,34,Other,3.71,2.0,2.45,3.34,5.45,229,101,5.47,Low,No,None,0
TXN02452,U02452,29,Female,7.0,1.96,0.11,3.89,7.01,73,61,8.15,Low,No,Mild,0
TXN02453,U02453,21,Other,3.87,1.14,2.77,0.81,7.66,115,33,6.78,Medium,No,Mild,0
TXN02454,U02454,35,Other,9.01,4.5,2.39,5.0,4.84,111,162,10.54,High,Yes,Moderate,1
TXN02455,U02455,32,Male,9.51,1.59,1.1,5.65,6.89,244,25,12.22,Low,No,Severe,1
TXN02456,U02456,29,Other,8.55,5.72,2.65,1.24,6.01,104,90,10.42,Low,No,Moderate,1
TXN02457,U02457,22,Female,11.72,5.2,3.22,3.09,7.57,175,153,12.92,Medium,No,Moderate,1
TXN02458,U02458,23,Female,8.25,5.65,3.83,3.15,6.96,84,136,11.22,Low,Yes,Severe,1
TXN02459,U02459,20,Female,7.12,3.24,2.14,4.95,6.05,56,174,9.7,Low,No,Moderate,1
TXN02460,U02460,34,Female,7.67,3.9,2.36,3.48,6.57,140,99,8.9,Medium,No,Moderate,1
TXN02461,U02461,20,Male,5.12,0.52,3.67,5.59,5.11,168,69,6.66,Low,No,Mild,0
TXN02462,U02462,32,Female,6.0,5.95,3.95,3.7,5.63,249,78,7.79,Low,Yes,Moderate,1
TXN02463,U02463,34,Other,5.58,2.12,2.42,2.82,8.05,109,119,6.38,Low,No,Mild,0
TXN02464,U02464,30,Other,4.22,1.23,3.69,5.27,4.78,227,134,4.79,Medium,No,Mild,0
TXN02465,U02465,18,Male,10.8,5.82,0.41,0.69,7.68,135,177,13.61,Low,Yes,Moderate,1
TXN02466,U02466,32,Female,11.64,1.47,3.54,4.08,7.88,145,32,13.48,High,Yes,Severe,1
TXN02467,U02467,32,Other,10.85,2.44,0.75,0.84,8.13,53,175,11.54,High,Yes,Severe,1
TXN02468,U02468,23,Other,8.02,3.19,3.03,0.76,6.28,39,96,10.26,Medium,No,Severe,1
TXN02469,U02469,30,Male,6.39,2.45,1.3,5.08,4.86,27,57,8.46,High,Yes,Moderate,1
TXN02470,U02470,20,Other,11.44,5.53,2.09,3.47,6.45,30,95,14.03,High,No,Severe,1
TXN02471,U02471,34,Male,9.85,1.47,2.01,1.36,7.62,156,88,11.47,Low,No,Moderate,1
TXN02472,U02472,25,Other,3.71,1.71,2.7,4.98,6.93,241,132,4.44,High,Yes,None,0
TXN02473,U02473,23,Male,11.26,1.64,1.73,2.6,6.46,95,47,13.73,High,No,Severe,1
TXN02474,U02474,31,Male,11.5,4.36,3.11,1.52,5.15,138,111,14.45,High,Yes,Moderate,1
TXN02475,U02475,34,Female,11.95,3.16,2.24,5.07,6.47,40,16,13.47,High,Yes,Moderate,1
TXN02476,U02476,29,Female,10.32,4.65,3.91,4.0,6.16,82,102,13.05,Low,Yes,Moderate,1
TXN02477,U02477,33,Male,8.8,4.72,0.22,2.32,6.03,111,164,10.47,Low,Yes,Severe,1
TXN02478,U02478,22,Female,4.53,2.39,3.7,2.96,8.6,99,56,7.0,Low,Yes,Mild,0
TXN02479,U02479,28,Male,5.61,2.76,2.41,4.84,7.58,168,130,8.34,Medium,Yes,Mild,0
TXN02480,U02480,21,Male,6.74,5.84,2.15,5.75,6.12,169,122,8.83,Medium,No,Severe,1
TXN02481,U02481,34,Other,6.52,4.83,3.5,2.59,4.55,91,146,8.7,Medium,No,Severe,1
TXN02482,U02482,25,Male,4.87,4.41,2.49,0.89,7.6,92,154,6.88,Medium,No,Severe,1
TXN02483,U02483,18,Female,8.93,2.83,0.65,4.23,5.68,100,164,11.53,High,No,Moderate,1
TXN02484,U02484,26,Other,3.29,2.77,2.54,3.77,5.43,41,47,6.15,Low,Yes,None,0
TXN02485,U02485,34,Female,3.26,1.15,2.89,3.28,4.91,214,111,4.12,Low,Yes,Mild,0
TXN02486,U02486,35,Female,8.62,2.26,3.55,4.76,4.84,158,19,11.49,Medium,Yes,Moderate,1
TXN02487,U02487,26,Female,10.54,1.59,1.61,0.62,7.36,135,140,11.45,Medium,Yes,Severe,1
TXN02488,U02488,29,Other,8.47,4.13,1.47,4.33,7.12,249,90,9.85,Medium,No,Severe,1
TXN02489,U02489,29,Male,11.79,0.64,1.37,5.43,5.58,181,114,12.63,High,Yes,Severe,1
TXN02490,U02490,27,Other,7.63,5.31,3.83,2.07,4.83,77,174,8.99,Low,No,Moderate,1
TXN02491,U02491,29,Male,4.29,5.63,3.77,5.42,7.98,185,143,5.2,Low,No,Severe,1
TXN02492,U02492,20,Other,8.49,4.4,0.37,5.08,6.18,95,90,9.79,Low,Yes,Moderate,1
TXN02493,U02493,22,Other,7.26,2.62,2.49,1.94,5.41,151,155,8.11,Low,Yes,Moderate,1
TXN02494,U02494,25,Male,4.55,5.65,3.14,4.56,5.78,93,17,6.89,Low,Yes,Severe,1
TXN02495,U02495,27,Female,8.8,4.87,0.09,1.88,5.29,203,37,11.36,Low,No,Moderate,1
TXN02496,U02496,33,Male,8.15,3.71,0.24,0.65,8.66,142,170,10.93,Low,Yes,Moderate,1
TXN02497,U02497,28,Other,5.72,0.54,2.21,3.77,8.8,220,44,6.73,Medium,Yes,Mild,0
TXN02498,U02498,29,Female,7.26,1.61,2.4,4.27,6.45,65,133,8.83,Medium,Yes,Mild,0
TXN02499,U02499,25,Male,5.61,1.21,3.07,1.33,7.98,178,37,8.32,High,Yes,None,0
TXN02500,U02500,19,Other,3.83,3.76,1.22,0.69,7.28,174,27,5.72,High,Yes,Mild,0
TXN02501,U02501,31,Male,5.72,2.48,0.75,5.03,4.98,167,166,6.31,Low,Yes,None,0
TXN02502,U02502,28,Male,6.53,3.59,3.27,1.64,6.49,58,74,8.93,High,No,Moderate,1
TXN02503,U02503,27,Other,11.76,4.41,2.78,0.88,6.68,22,70,13.99,High,Yes,Moderate,1
TXN02504,U02504,33,Other,5.62,2.27,3.47,1.12,7.75,220,55,6.18,Low,No,Mild,0
TXN02505,U02505,29,Female,6.87,5.77,0.31,5.42,6.64,120,103,7.52,High,No,Severe,1
TXN02506,U02506,22,Other,6.22,5.23,1.84,1.74,8.21,213,68,7.01,Low,Yes,Severe,1
TXN02507,U02507,34,Male,9.55,1.01,3.89,4.2,8.89,34,95,11.98,High,No,Moderate,1
TXN02508,U02508,30,Other,10.74,1.63,1.7,5.28,4.6,108,167,12.76,Medium,No,Severe,1
TXN02509,U02509,25,Male,10.75,1.25,3.06,1.7,6.58,27,141,11.52,High,No,Moderate,1
TXN02510,U02510,33,Other,10.8,0.86,2.62,3.58,5.39,66,70,12.05,Low,No,Severe,1
TXN02511,U02511,33,Male,5.64,5.35,2.17,3.39,5.37,244,58,6.75,Medium,Yes,Severe,1
TXN02512,U02512,22,Female,7.72,5.39,3.65,5.11,5.14,115,155,10.58,High,No,Severe,1
TXN02513,U02513,21,Female,4.9,4.73,3.58,5.75,8.02,74,94,6.7,Low,Yes,Severe,1
TXN02514,U02514,35,Female,8.05,1.63,2.84,1.57,8.45,235,177,9.03,Low,Yes,Moderate,1
TXN02515,U02515,25,Female,6.7,2.91,2.08,2.77,8.54,90,147,8.28,Medium,No,Mild,0
TXN02516,U02516,25,Male,7.42,0.99,0.15,1.75,6.56,108,58,9.36,Medium,No,Mild,0
TXN02517,U02517,26,Other,6.23,2.16,2.05,1.11,7.99,84,35,7.65,Low,Yes,Moderate,1
TXN02518,U02518,24,Male,9.33,5.4,0.29,3.46,5.03,98,113,12.12,Low,No,Moderate,1
TXN02519,U02519,34,Other,8.47,2.7,2.99,4.8,6.04,201,176,9.64,Medium,No,Moderate,1
TXN02520,U02520,30,Male,7.51,1.86,2.03,1.91,8.32,219,74,9.26,Low,No,Mild,0
TXN02521,U02521,27,Male,10.9,4.22,2.53,2.23,8.96,236,160,12.29,Medium,No,Moderate,1
TXN02522,U02522,25,Other,11.93,5.18,0.37,5.75,7.4,55,53,13.67,Low,Yes,Severe,1
TXN02523,U02523,33,Other,11.16,4.28,2.76,4.08,7.77,216,128,13.52,Low,No,Moderate,1
TXN02524,U02524,29,Male,8.92,5.31,3.77,2.29,7.56,135,20,11.87,High,Yes,Severe,1
TXN02525,U02525,20,Other,6.66,5.55,1.44,3.49,4.81,125,81,9.3,Low,Yes,Severe,1
TXN02526,U02526,26,Other,8.06,1.54,2.98,3.11,6.59,23,122,8.99,Medium,No,Severe,1
TXN02527,U02527,21,Other,5.74,1.5,3.82,1.9,7.26,119,124,7.68,Medium,Yes,None,0
TXN02528,U02528,33,Other,10.58,4.34,1.41,2.89,6.64,63,143,11.1,Low,Yes,Severe,1
TXN02529,U02529,20,Female,8.84,2.96,1.08,3.04,7.48,92,96,10.8,Low,No,Moderate,1
TXN02530,U02530,24,Male,7.96,5.03,1.69,5.5,6.81,144,38,10.18,High,Yes,Moderate,1
TXN02531,U02531,32,Other,3.11,3.56,3.78,1.19,7.7,92,177,5.25,Medium,No,None,0
TXN02532,U02532,25,Female,3.37,1.99,4.0,5.71,7.05,163,87,4.09,Medium,Yes,None,0
TXN02533,U02533,29,Female,9.96,4.83,3.55,5.41,5.41,74,138,10.88,High,No,Severe,1
TXN02534,U02534,33,Male,8.16,3.55,2.64,0.77,5.12,246,98,9.61,High,No,Severe,1
TXN02535,U02535,20,Other,6.07,3.58,3.53,4.51,4.79,154,134,8.97,High,No,Mild,0
TXN02536,U02536,18,Other,7.39,3.67,0.46,2.79,4.84,122,80,8.53,High,Yes,Mild,0
TXN02537,U02537,34,Other,5.17,4.67,1.83,4.9,5.28,216,92,7.85,Medium,Yes,Severe,1
TXN02538,U02538,23,Other,5.17,6.0,2.68,5.84,7.02,234,141,6.82,Low,No,Moderate,1
TXN02539,U02539,22,Female,6.07,1.45,3.73,1.36,7.88,206,157,8.64,High,Yes,Mild,0
TXN02540,U02540,33,Other,8.15,3.72,2.46,4.16,6.35,24,52,10.0,Medium,Yes,Moderate,1
TXN02541,U02541,29,Other,7.13,2.75,1.61,5.04,6.88,47,15,9.7,Low,No,Mild,0
TXN02542,U02542,18,Male,7.02,4.96,1.95,4.77,6.87,151,121,9.82,High,No,Moderate,1
TXN02543,U02543,19,Other,7.49,5.12,3.01,0.69,8.84,247,146,8.58,High,No,Moderate,1
TXN02544,U02544,31,Female,7.43,2.17,1.76,2.75,7.58,177,119,8.8,Medium,No,Moderate,1
TXN02545,U02545,30,Other,5.85,1.23,1.88,2.48,5.74,217,168,7.62,High,Yes,Mild,0
TXN02546,U02546,26,Female,7.49,3.68,0.01,5.56,4.68,98,100,9.9,Low,Yes,Mild,0
TXN02547,U02547,23,Male,6.57,5.95,0.9,1.69,8.3,119,80,7.93,Medium,No,Moderate,1
TXN02548,U02548,18,Female,8.51,4.44,0.13,5.96,7.89,229,81,10.95,Low,No,Moderate,1
TXN02549,U02549,20,Other,6.89,2.39,2.59,1.99,6.3,142,109,7.7,Medium,Yes,Moderate,1
TXN02550,U02550,18,Female,3.56,4.89,3.36,5.34,6.3,216,119,5.56,Low,Yes,Moderate,1
TXN02551,U02551,31,Male,5.07,5.96,0.52,3.43,6.1,122,55,7.5,High,Yes,Severe,1
TXN02552,U02552,25,Other,7.48,1.47,1.35,3.69,4.96,79,73,9.77,High,Yes,Mild,0
TXN02553,U02553,27,Other,4.28,1.64,3.74,0.69,7.84,22,83,5.27,Low,Yes,None,0
TXN02554,U02554,35,Female,10.99,3.33,2.13,2.52,7.36,41,47,12.39,Medium,Yes,Severe,1
TXN02555,U02555,25,Other,6.96,3.76,3.2,4.03,6.17,195,44,8.65,Medium,No,Mild,0
TXN02556,U02556,30,Other,5.66,5.14,1.43,2.16,8.24,56,39,7.08,High,Yes,Severe,1
TXN02557,U02557,23,Other,6.92,0.67,0.83,1.3,8.21,70,180,9.84,High,No,Moderate,1
TXN02558,U02558,24,Other,5.37,5.79,2.1,3.56,7.36,166,24,6.42,Medium,No,Moderate,1
TXN02559,U02559,24,Male,3.72,2.55,0.95,1.02,6.79,213,163,6.28,Medium,No,Mild,0
TXN02560,U02560,18,Male,4.15,0.56,1.74,5.32,7.81,154,118,6.24,Low,No,Mild,0
TXN02561,U02561,27,Other,7.45,3.09,3.48,5.06,7.1,156,124,8.57,High,No,Mild,0
TXN02562,U02562,18,Other,5.08,2.34,1.24,5.21,6.22,59,41,6.39,High,No,None,0
TXN02563,U02563,32,Other,5.65,3.65,3.94,1.75,7.22,177,101,8.44,Medium,Yes,None,0
TXN02564,U02564,29,Male,5.88,4.59,1.66,2.9,7.48,114,65,6.57,Low,No,Moderate,1
TXN02565,U02565,19,Female,4.35,5.19,0.06,1.31,8.13,139,67,5.8,Medium,Yes,Moderate,1
TXN02566,U02566,30,Other,8.91,3.04,2.88,5.05,5.27,206,67,10.12,High,No,Severe,1
TXN02567,U02567,24,Other,8.39,0.86,2.67,0.53,4.93,51,23,10.4,Medium,No,Severe,1
TXN02568,U02568,18,Other,9.73,1.64,3.44,1.35,5.89,213,129,12.16,High,Yes,Severe,1
TXN02569,U02569,29,Male,8.53,3.97,1.12,3.16,6.44,34,172,10.71,High,Yes,Severe,1
TXN02570,U02570,31,Other,5.63,5.66,2.83,4.14,7.37,163,42,6.17,Medium,No,Moderate,1
TXN02571,U02571,26,Male,6.77,5.79,3.34,1.9,6.72,74,74,8.62,High,Yes,Severe,1
TXN02572,U02572,34,Female,11.49,0.66,1.33,2.9,8.63,42,156,12.47,High,No,Severe,1
TXN02573,U02573,20,Other,8.34,5.57,2.16,1.8,6.5,82,82,9.73,High,No,Severe,1
TXN02574,U02574,24,Female,7.53,2.67,2.99,0.82,5.58,150,161,9.64,High,No,Moderate,1
TXN02575,U02575,23,Other,5.39,1.72,3.1,1.78,5.63,123,167,6.71,Low,Yes,None,0
TXN02576,U02576,29,Female,6.5,5.02,2.02,0.85,6.85,31,68,7.83,Medium,No,Severe,1
TXN02577,U02577,31,Female,3.01,2.15,3.21,1.67,6.31,132,85,4.66,High,Yes,None,0
TXN02578,U02578,20,Other,4.68,1.14,1.35,5.92,5.57,167,118,6.93,Medium,No,None,0
TXN02579,U02579,19,Male,3.38,5.06,0.49,3.37,5.5,75,110,4.21,High,No,Severe,1
TXN02580,U02580,21,Male,10.33,3.34,1.26,0.5,8.38,62,165,11.68,Medium,Yes,Moderate,1
TXN02581,U02581,18,Other,3.62,5.21,3.24,5.21,4.93,158,38,6.4,High,Yes,Severe,1
TXN02582,U02582,20,Other,8.38,3.84,3.08,1.14,8.61,180,110,8.97,Medium,No,Moderate,1
TXN02583,U02583,21,Female,9.05,4.57,2.37,5.08,7.09,156,127,9.75,Medium,No,Moderate,1
TXN02584,U02584,18,Female,7.83,4.03,2.44,1.31,8.33,201,56,10.21,High,No,Moderate,1
TXN02585,U02585,21,Male,8.4,0.96,3.85,1.71,8.16,39,64,9.6,Medium,Yes,Moderate,1
TXN02586,U02586,26,Male,3.37,0.79,3.97,1.67,8.43,38,135,5.11,High,No,Mild,0
TXN02587,U02587,32,Other,5.29,0.54,1.6,0.88,8.63,66,121,7.76,High,Yes,None,0
TXN02588,U02588,25,Male,11.25,5.97,2.37,5.07,8.74,129,96,12.98,Low,Yes,Moderate,1
TXN02589,U02589,35,Male,6.88,5.07,0.25,0.95,5.05,206,48,9.54,High,Yes,Moderate,1
TXN02590,U02590,19,Female,4.64,2.46,3.5,3.29,6.73,204,49,5.29,Low,Yes,None,0
TXN02591,U02591,28,Other,8.4,3.55,2.75,4.36,8.98,228,41,11.01,High,No,Moderate,1
TXN02592,U02592,30,Other,10.74,0.77,1.15,0.67,5.23,36,51,13.13,Low,No,Moderate,1
TXN02593,U02593,21,Other,6.64,2.01,0.41,4.29,7.01,23,79,7.78,Medium,Yes,Mild,0
TXN02594,U02594,33,Female,11.16,1.91,3.22,3.53,5.56,128,159,12.47,Medium,No,Moderate,1
TXN02595,U02595,18,Female,8.32,4.96,2.96,5.06,8.6,28,120,10.89,High,No,Severe,1
TXN02596,U02596,30,Other,6.89,3.57,2.74,4.01,8.62,109,161,9.02,Medium,No,Mild,0
TXN02597,U02597,26,Other,3.7,1.29,2.47,0.59,7.29,136,128,6.47,Low,No,None,0
TXN02598,U02598,35,Male,5.59,2.73,1.56,0.97,7.2,108,64,6.2,Medium,No,Mild,0
TXN02599,U02599,34,Male,11.82,2.7,1.88,2.11,7.7,247,147,13.12,Low,Yes,Severe,1
TXN02600,U02600,32,Female,11.62,0.97,3.03,2.63,7.96,158,117,13.21,Low,No,Moderate,1
TXN02601,U02601,30,Female,10.89,3.77,2.53,4.82,6.36,186,26,11.7,Medium,No,Moderate,1
TXN02602,U02602,33,Male,10.39,2.12,0.63,5.43,8.2,147,48,11.41,High,Yes,Severe,1
TXN02603,U02603,26,Male,4.61,1.62,0.61,5.05,6.26,28,15,6.41,High,No,Mild,0
TXN02604,U02604,32,Male,4.62,2.49,3.4,2.37,5.18,180,107,7.39,Low,No,None,0
TXN02605,U02605,24,Male,9.47,3.33,1.49,2.78,5.98,232,174,10.54,High,Yes,Moderate,1
TXN02606,U02606,22,Female,9.53,4.41,0.03,0.97,5.16,244,163,10.71,Medium,Yes,Moderate,1
TXN02607,U02607,20,Other,5.53,0.67,3.61,5.59,6.68,76,82,7.77,Low,No,Mild,0
TXN02608,U02608,35,Other,4.36,5.31,0.18,1.32,8.68,129,150,5.23,Low,Yes,Severe,1
TXN02609,U02609,34,Female,3.73,1.1,0.06,0.73,7.56,118,53,6.38,Low,No,Mild,0
TXN02610,U02610,34,Female,9.95,4.65,1.74,1.69,6.0,149,136,11.58,Medium,No,Moderate,1
TXN02611,U02611,24,Female,9.91,2.15,2.09,3.43,5.38,213,141,12.47,Low,No,Severe,1
TXN02612,U02612,23,Male,4.15,2.27,1.31,0.87,6.6,154,157,6.54,High,Yes,Mild,0
TXN02613,U02613,25,Female,5.27,2.51,2.22,3.4,6.8,140,55,5.79,Medium,No,Mild,0
TXN02614,U02614,31,Other,6.42,2.58,0.18,1.21,6.96,146,91,7.72,High,No,Mild,0
TXN02615,U02615,22,Female,3.5,3.1,0.83,4.26,8.2,203,114,5.39,High,Yes,None,0
TXN02616,U02616,22,Other,6.57,1.02,2.62,3.14,5.83,250,36,7.71,Medium,Yes,Mild,0
TXN02617,U02617,21,Female,3.14,2.63,1.11,2.07,5.14,221,167,4.59,Medium,No,Mild,0
TXN02618,U02618,26,Male,11.38,1.67,2.38,3.87,6.65,227,46,13.59,Medium,Yes,Moderate,1
TXN02619,U02619,26,Male,10.07,5.63,0.66,2.88,7.27,27,38,10.63,Low,Yes,Severe,1
TXN02620,U02620,27,Female,5.71,3.8,1.46,4.41,7.65,228,156,8.0,High,Yes,None,0
TXN02621,U02621,34,Female,6.63,5.71,3.98,4.95,5.09,113,161,8.61,Medium,No,Moderate,1
TXN02622,U02622,31,Male,11.8,1.71,0.51,5.47,7.13,31,68,12.84,Low,Yes,Moderate,1
TXN02623,U02623,28,Other,5.38,0.73,3.52,0.58,6.53,195,45,8.33,High,Yes,Mild,0
TXN02624,U02624,32,Male,5.79,3.09,3.43,1.91,6.57,76,118,7.25,Medium,No,None,0
TXN02625,U02625,32,Other,6.4,4.44,0.65,5.96,8.34,50,61,8.87,High,Yes,Moderate,1
TXN02626,U02626,24,Other,10.73,3.27,3.46,3.45,6.66,222,81,13.14,Low,No,Severe,1
TXN02627,U02627,24,Female,8.39,1.59,0.04,2.15,8.01,184,165,11.39,Medium,Yes,Moderate,1
TXN02628,U02628,30,Female,8.94,2.68,3.55,3.49,8.95,44,61,9.95,High,No,Moderate,1
TXN02629,U02629,34,Male,10.3,2.02,3.51,3.59,5.01,153,94,13.25,Medium,No,Moderate,1
TXN02630,U02630,26,Female,4.63,0.66,1.56,1.79,7.01,42,136,7.02,Low,No,None,0
TXN02631,U02631,26,Male,8.63,3.41,0.33,2.76,6.02,109,107,10.98,High,No,Severe,1
TXN02632,U02632,20,Other,8.6,3.25,3.02,5.57,5.44,238,119,9.58,High,No,Severe,1
TXN02633,U02633,33,Male,4.6,2.7,1.71,3.21,6.7,165,68,6.0,High,No,None,0
TXN02634,U02634,27,Female,3.8,1.91,2.38,3.72,5.49,228,157,4.36,High,No,None,0
TXN02635,U02635,33,Male,10.69,1.56,2.43,0.57,8.15,237,118,11.48,Low,Yes,Moderate,1
TXN02636,U02636,20,Male,5.02,1.08,1.23,5.82,5.89,66,65,6.55,Medium,No,None,0
TXN02637,U02637,26,Other,11.94,3.82,0.35,5.25,6.86,120,39,14.44,Medium,No,Severe,1
TXN02638,U02638,18,Female,5.81,3.96,3.2,3.82,8.8,107,138,6.87,High,Yes,Mild,0
TXN02639,U02639,30,Male,7.16,1.77,1.81,5.88,7.13,120,45,7.77,Low,Yes,Moderate,1
TXN02640,U02640,31,Male,5.75,4.21,0.23,3.3,6.24,164,127,8.7,Medium,No,Severe,1
TXN02641,U02641,29,Other,6.26,4.25,2.47,1.36,8.44,139,16,7.06,High,No,Severe,1
TXN02642,U02642,21,Female,10.5,3.07,2.0,3.94,5.32,234,120,11.01,High,No,Severe,1
TXN02643,U02643,34,Female,7.97,3.45,2.56,3.53,7.89,28,149,9.33,High,No,Mild,0
TXN02644,U02644,34,Female,6.41,5.83,3.45,5.0,8.24,95,69,9.28,Low,No,Severe,1
TXN02645,U02645,33,Other,3.46,2.6,0.6,2.68,6.72,128,104,5.45,Medium,No,Mild,0
TXN02646,U02646,30,Female,6.47,1.93,2.33,1.96,6.49,40,104,7.85,High,Yes,Moderate,1
TXN02647,U02647,26,Other,10.77,4.06,2.87,1.21,4.61,113,76,12.38,Low,Yes,Severe,1
TXN02648,U02648,34,Female,8.5,2.23,0.91,3.93,6.0,26,75,10.1,Medium,No,Moderate,1
TXN02649,U02649,34,Female,3.07,1.76,0.86,4.51,6.17,123,163,4.04,High,Yes,None,0
TXN02650,U02650,30,Male,5.73,4.57,0.17,5.55,8.15,27,136,6.78,Low,Yes,Severe,1
TXN02651,U02651,29,Female,3.01,5.34,0.87,4.96,7.68,234,22,4.3,Low,Yes,Severe,1
TXN02652,U02652,34,Other,5.07,3.43,2.53,2.88,5.41,94,116,6.74,High,No,Mild,0
TXN02653,U02653,30,Male,10.77,4.6,0.99,5.18,8.78,144,65,13.33,High,No,Severe,1
TXN02654,U02654,28,Other,8.35,4.8,2.83,4.67,5.78,228,32,8.98,Low,Yes,Moderate,1
TXN02655,U02655,33,Female,6.93,3.16,2.13,4.25,7.18,49,115,8.18,High,No,Moderate,1
TXN02656,U02656,33,Female,4.82,1.58,0.94,5.09,6.42,87,79,5.86,Medium,No,Mild,0
TXN02657,U02657,33,Female,7.75,1.66,1.37,5.7,8.6,191,179,9.97,Medium,Yes,Mild,0
TXN02658,U02658,18,Other,9.54,5.23,1.88,2.88,6.62,143,36,11.63,High,Yes,Moderate,1
TXN02659,U02659,23,Other,5.15,4.45,3.69,5.24,7.06,52,63,6.88,Medium,No,Severe,1
TXN02660,U02660,21,Other,9.3,5.81,3.64,1.87,6.35,148,129,9.82,High,Yes,Severe,1
TXN02661,U02661,20,Male,9.83,3.95,3.02,5.15,6.14,246,22,12.38,Medium,Yes,Severe,1
TXN02662,U02662,32,Other,7.75,4.69,2.72,2.16,6.89,88,146,10.67,Low,Yes,Severe,1
TXN02663,U02663,29,Male,7.16,2.88,3.46,4.13,7.61,21,89,9.85,High,Yes,Moderate,1
TXN02664,U02664,34,Other,3.52,0.55,0.47,2.98,8.41,149,77,6.0,Medium,No,None,0
TXN02665,U02665,20,Male,6.85,4.59,1.3,3.93,8.23,86,83,9.57,High,No,Moderate,1
TXN02666,U02666,24,Other,11.96,5.84,0.13,3.94,6.17,21,102,12.85,High,Yes,Moderate,1
TXN02667,U02667,29,Other,4.43,5.08,2.6,5.44,7.23,173,174,5.94,Low,Yes,Moderate,1
TXN02668,U02668,23,Female,11.19,2.47,3.86,2.44,8.86,82,22,12.79,High,Yes,Severe,1
TXN02669,U02669,19,Male,10.24,4.25,0.83,1.4,5.03,241,175,12.26,Low,Yes,Severe,1
TXN02670,U02670,18,Other,5.63,1.6,2.66,3.42,7.65,214,113,8.46,Low,Yes,Mild,0
TXN02671,U02671,21,Other,10.04,0.68,0.95,5.82,8.59,108,91,11.87,High,No,Moderate,1
TXN02672,U02672,29,Male,6.99,5.04,2.4,5.37,7.14,154,53,8.17,High,No,Severe,1
TXN02673,U02673,34,Male,10.47,2.56,0.34,1.36,5.15,193,63,12.88,Low,No,Severe,1
TXN02674,U02674,29,Female,10.81,1.04,1.37,5.29,6.14,139,122,13.25,High,Yes,Severe,1
TXN02675,U02675,19,Female,5.19,5.65,0.5,2.83,7.77,232,173,6.51,Medium,No,Severe,1
TXN02676,U02676,21,Other,9.08,2.36,3.3,4.69,6.81,92,164,11.43,High,No,Moderate,1
TXN02677,U02677,22,Female,8.89,2.08,2.85,0.73,8.63,26,128,11.72,Medium,No,Severe,1
TXN02678,U02678,24,Female,6.31,2.33,2.04,5.22,6.79,202,49,8.47,Medium,No,Moderate,1
TXN02679,U02679,32,Male,9.91,2.99,1.99,3.21,6.17,243,61,11.33,High,Yes,Moderate,1
TXN02680,U02680,34,Other,7.03,5.18,2.95,4.97,5.62,172,135,9.07,Low,No,Moderate,1
TXN02681,U02681,27,Female,10.87,5.41,2.4,2.06,8.24,165,121,12.52,Medium,Yes,Severe,1
TXN02682,U02682,22,Male,4.78,3.6,3.15,4.12,6.7,59,99,6.19,Low,No,None,0
TXN02683,U02683,32,Other,6.88,1.95,2.94,0.61,5.86,220,54,9.66,Low,No,Mild,0
TXN02684,U02684,33,Male,6.58,1.59,0.25,2.06,6.16,48,175,7.58,Low,No,Mild,0
TXN02685,U02685,28,Male,5.55,2.5,2.22,4.85,6.09,179,101,8.27,Medium,No,None,0
TXN02686,U02686,31,Other,11.93,5.76,2.65,1.62,8.07,188,138,14.18,Medium,No,Moderate,1
TXN02687,U02687,29,Female,9.83,2.16,3.21,3.69,4.63,126,28,11.06,Low,No,Moderate,1
TXN02688,U02688,28,Other,9.12,3.58,3.06,1.01,7.73,136,164,10.2,Medium,No,Moderate,1
TXN02689,U02689,25,Male,10.83,4.18,1.68,3.38,8.8,246,147,13.79,High,No,Moderate,1
TXN02690,U02690,19,Male,6.32,4.85,2.21,3.78,4.92,114,67,7.25,Low,No,Severe,1
TXN02691,U02691,19,Male,8.5,1.54,2.71,1.81,5.48,166,125,9.61,High,Yes,Moderate,1
TXN02692,U02692,25,Female,7.89,4.0,2.08,5.69,8.97,36,158,9.72,Low,No,Moderate,1
TXN02693,U02693,34,Female,3.89,4.66,3.09,2.88,5.62,245,84,6.59,Low,Yes,Moderate,1
TXN02694,U02694,34,Male,9.29,1.52,0.75,4.71,6.46,143,86,10.16,Medium,No,Severe,1
TXN02695,U02695,26,Other,7.17,3.57,3.07,4.71,7.93,173,126,8.69,Medium,No,Mild,0
TXN02696,U02696,35,Female,7.27,5.04,1.21,3.85,5.26,119,149,8.88,Low,No,Severe,1
TXN02697,U02697,24,Other,11.84,3.63,2.81,1.87,8.15,104,126,13.35,High,Yes,Moderate,1
TXN02698,U02698,26,Female,3.09,1.34,1.52,4.87,7.92,236,157,5.94,Medium,No,Mild,0
TXN02699,U02699,31,Other,9.01,4.94,0.26,5.44,7.48,157,61,11.61,High,Yes,Moderate,1
TXN02700,U02700,22,Female,5.4,3.58,0.55,5.47,5.52,73,73,7.11,High,No,None,0
TXN02701,U02701,20,Female,4.83,2.78,3.68,4.39,8.95,103,141,6.58,Low,No,Mild,0
TXN02702,U02702,30,Male,9.18,5.52,1.3,4.77,7.48,186,110,11.74,Medium,No,Moderate,1
TXN02703,U02703,29,Female,6.04,5.17,0.53,2.68,7.87,186,123,7.19,Medium,No,Moderate,1
TXN02704,U02704,25,Female,4.49,0.7,1.64,1.9,6.45,69,79,6.99,Low,Yes,None,0
TXN02705,U02705,22,Other,3.79,4.27,1.73,1.88,7.72,241,109,4.63,Low,No,Moderate,1
TXN02706,U02706,20,Other,8.14,3.4,2.68,4.12,8.12,124,110,10.21,Low,Yes,Severe,1
TXN02707,U02707,28,Other,3.45,0.98,1.05,1.53,5.34,67,159,5.2,Medium,No,Mild,0
TXN02708,U02708,24,Male,4.68,3.19,2.36,4.44,8.01,52,68,5.69,Low,Yes,Mild,0
TXN02709,U02709,34,Other,8.54,0.93,3.29,0.74,6.14,52,169,9.24,Medium,No,Severe,1
TXN02710,U02710,27,Male,8.22,4.72,1.45,3.79,6.0,53,136,8.77,Low,No,Severe,1
TXN02711,U02711,21,Male,10.22,1.69,3.61,3.27,5.37,99,16,12.29,Medium,No,Moderate,1
TXN02712,U02712,19,Male,6.85,0.56,3.0,5.43,8.9,47,117,8.72,Medium,No,Moderate,1
TXN02713,U02713,32,Male,3.99,5.99,0.96,5.09,4.7,82,36,6.01,Medium,No,Moderate,1
TXN02714,U02714,23,Female,6.72,2.76,1.59,0.74,5.5,122,37,9.48,Medium,No,Mild,0
TXN02715,U02715,22,Male,5.25,2.29,1.35,2.82,8.73,248,28,7.44,Medium,No,None,0
TXN02716,U02716,32,Female,9.52,1.12,0.03,5.78,8.57,236,126,11.39,Low,No,Moderate,1
TXN02717,U02717,32,Male,11.61,4.75,3.89,0.96,6.85,237,113,13.24,High,Yes,Moderate,1
TXN02718,U02718,29,Male,10.19,1.53,3.21,4.68,8.64,24,176,12.85,Medium,No,Severe,1
TXN02719,U02719,31,Female,5.98,5.0,3.59,3.7,5.35,240,42,8.25,Low,Yes,Moderate,1
TXN02720,U02720,23,Other,6.56,1.96,3.0,4.81,7.33,195,99,8.91,High,Yes,Mild,0
TXN02721,U02721,19,Other,5.74,5.21,2.61,0.86,7.7,159,144,6.32,Medium,Yes,Moderate,1
TXN02722,U02722,25,Male,4.71,2.65,1.46,1.86,8.91,71,75,5.23,Medium,No,Mild,0
TXN02723,U02723,32,Male,9.31,0.79,2.31,3.47,5.77,123,82,10.39,Medium,Yes,Moderate,1
TXN02724,U02724,32,Other,3.1,5.82,1.08,0.84,8.19,107,174,4.02,High,Yes,Moderate,1
TXN02725,U02725,33,Other,3.83,4.03,3.39,2.56,6.88,136,111,5.84,Medium,Yes,Severe,1
TXN02726,U02726,21,Other,7.44,4.57,3.87,4.76,5.58,215,32,10.39,High,No,Severe,1
TXN02727,U02727,20,Male,9.97,3.84,2.19,1.86,7.43,144,165,11.0,Medium,No,Severe,1
TXN02728,U02728,34,Other,8.42,4.99,2.89,0.74,6.08,203,176,9.66,Medium,Yes,Severe,1
TXN02729,U02729,24,Male,11.38,2.53,0.09,3.24,8.73,117,109,11.9,Medium,No,Moderate,1
TXN02730,U02730,33,Male,7.84,4.06,1.7,4.09,7.75,135,43,9.79,Low,No,Moderate,1
TXN02731,U02731,30,Male,10.09,5.0,0.26,3.59,6.81,241,20,12.44,Low,Yes,Severe,1
TXN02732,U02732,20,Other,8.31,5.14,0.01,3.56,7.44,32,27,10.99,Low,No,Severe,1
TXN02733,U02733,23,Female,7.75,2.4,3.38,4.18,7.61,138,134,10.31,Medium,Yes,Mild,0
TXN02734,U02734,32,Female,4.21,2.62,0.52,5.77,4.97,105,124,6.33,High,No,Mild,0
TXN02735,U02735,18,Male,11.68,2.97,2.54,5.79,6.13,198,159,13.89,High,Yes,Moderate,1
TXN02736,U02736,29,Other,10.79,5.46,0.48,1.63,6.31,239,160,13.62,High,No,Severe,1
TXN02737,U02737,34,Male,10.04,3.85,1.41,0.77,6.11,128,134,12.41,High,No,Severe,1
TXN02738,U02738,29,Other,7.87,3.53,2.92,3.2,6.73,150,130,10.73,Medium,No,Moderate,1
TXN02739,U02739,25,Female,6.36,5.92,3.71,4.17,8.75,187,155,7.63,High,Yes,Severe,1
TXN02740,U02740,33,Male,9.77,1.48,0.58,0.7,4.86,71,30,12.01,Medium,No,Moderate,1
TXN02741,U02741,30,Other,10.29,1.12,0.36,2.81,7.13,68,68,11.71,High,Yes,Moderate,1
TXN02742,U02742,20,Male,5.21,3.55,2.23,0.72,7.39,155,48,7.0,High,No,Mild,0
TXN02743,U02743,25,Other,5.96,2.32,1.69,1.44,5.11,192,85,8.4,Medium,No,Mild,0
TXN02744,U02744,21,Male,4.02,3.57,1.61,5.2,7.15,94,109,4.83,Low,Yes,None,0
TXN02745,U02745,25,Other,3.74,4.05,2.04,2.35,8.7,223,77,5.66,Medium,No,Severe,1
TXN02746,U02746,19,Male,5.85,5.81,2.77,3.22,6.67,236,159,6.55,Medium,Yes,Moderate,1
TXN02747,U02747,27,Other,4.91,4.02,0.83,1.86,8.66,39,32,7.13,Medium,No,Moderate,1
TXN02748,U02748,22,Other,11.1,3.03,0.2,1.99,4.66,221,63,12.55,High,No,Severe,1
TXN02749,U02749,29,Female,11.93,1.53,2.45,1.58,7.09,124,152,13.37,Medium,Yes,Severe,1
TXN02750,U02750,18,Female,6.6,4.67,0.91,5.58,7.39,89,83,9.1,Low,Yes,Moderate,1
TXN02751,U02751,22,Other,10.72,4.79,2.37,1.93,5.37,91,164,11.6,Low,Yes,Moderate,1
TXN02752,U02752,35,Female,10.9,3.88,2.45,5.66,7.39,74,54,13.31,High,Yes,Severe,1
TXN02753,U02753,28,Female,4.89,2.19,2.01,3.99,4.95,103,142,5.48,Low,No,Mild,0
TXN02754,U02754,30,Female,3.48,1.01,3.91,2.77,8.29,244,56,4.94,Medium,No,Mild,0
TXN02755,U02755,31,Other,11.9,0.52,0.71,1.18,5.54,201,79,14.38,High,Yes,Moderate,1
TXN02756,U02756,25,Other,8.13,0.52,3.35,0.96,6.5,190,90,9.2,Medium,No,Moderate,1
TXN02757,U02757,28,Female,10.5,1.93,2.74,4.46,4.73,32,78,13.32,High,Yes,Moderate,1
TXN02758,U02758,29,Other,3.98,1.54,0.53,1.93,7.93,41,60,4.48,Low,Yes,Mild,0
TXN02759,U02759,21,Male,7.39,2.7,1.53,0.73,7.23,131,79,9.55,Low,No,Moderate,1
TXN02760,U02760,24,Female,4.96,1.58,1.57,4.52,4.56,152,102,7.91,High,Yes,Mild,0
TXN02761,U02761,28,Other,7.97,2.92,2.45,4.17,7.77,160,58,9.88,High,No,Mild,0
TXN02762,U02762,27,Female,8.33,1.44,3.26,5.25,7.39,46,87,9.23,High,No,Moderate,1
TXN02763,U02763,21,Female,5.56,4.63,0.87,3.32,6.13,200,116,8.31,High,Yes,Moderate,1
TXN02764,U02764,23,Other,6.71,1.35,3.62,5.06,8.19,27,42,8.34,Low,Yes,Mild,0
TXN02765,U02765,34,Other,8.82,4.36,1.74,5.89,6.81,153,115,10.33,High,No,Moderate,1
TXN02766,U02766,35,Female,4.32,1.53,3.2,1.19,7.48,137,98,7.19,Low,No,Mild,0
TXN02767,U02767,21,Other,11.97,5.82,0.77,1.32,5.01,187,21,14.7,Low,Yes,Moderate,1
TXN02768,U02768,28,Other,10.94,1.7,1.44,5.06,6.9,63,75,12.16,High,No,Moderate,1
TXN02769,U02769,22,Male,4.33,4.5,2.94,1.88,5.28,120,137,6.91,High,Yes,Moderate,1
TXN02770,U02770,22,Female,5.82,5.66,3.87,5.35,5.22,157,123,7.42,Low,No,Severe,1
TXN02771,U02771,18,Female,5.8,1.24,3.67,1.59,8.97,189,166,8.18,Medium,No,Mild,0
TXN02772,U02772,27,Female,3.47,3.46,3.51,5.26,6.69,54,34,4.07,High,No,None,0
TXN02773,U02773,19,Female,3.18,5.08,2.8,5.35,6.17,38,19,5.4,High,No,Moderate,1
TXN02774,U02774,32,Female,10.24,1.26,1.11,2.88,5.8,36,126,12.6,High,Yes,Moderate,1
TXN02775,U02775,31,Other,9.77,5.74,2.84,1.79,6.98,199,62,10.82,High,Yes,Moderate,1
TXN02776,U02776,24,Other,11.17,4.06,3.88,3.95,8.0,137,155,13.3,High,Yes,Severe,1
TXN02777,U02777,19,Male,5.47,4.08,0.93,5.47,6.55,186,74,6.17,High,No,Moderate,1
TXN02778,U02778,20,Male,9.53,4.25,2.37,4.21,7.43,101,78,10.81,Medium,Yes,Severe,1
TXN02779,U02779,33,Male,11.85,5.98,0.01,3.14,4.53,162,156,14.65,Medium,No,Severe,1
TXN02780,U02780,29,Other,7.1,3.28,2.82,2.78,7.96,80,154,9.94,Medium,No,Mild,0
TXN02781,U02781,26,Other,7.97,4.57,1.11,1.44,8.55,169,100,9.31,Low,Yes,Moderate,1
TXN02782,U02782,28,Other,8.51,2.43,0.39,2.77,7.47,110,43,11.31,High,Yes,Moderate,1
TXN02783,U02783,31,Other,7.48,2.38,2.69,5.88,8.13,129,73,8.98,Medium,Yes,Moderate,1
TXN02784,U02784,18,Male,5.27,3.2,1.99,5.57,5.14,80,81,6.11,High,No,Mild,0
TXN02785,U02785,24,Female,10.95,5.04,0.69,3.98,6.95,55,147,11.65,Low,Yes,Severe,1
TXN02786,U02786,32,Female,9.68,5.18,1.28,1.26,8.19,38,56,11.28,Medium,No,Moderate,1
TXN02787,U02787,24,Male,3.63,2.18,3.37,1.63,8.96,46,19,6.62,High,No,None,0
TXN02788,U02788,19,Male,10.35,4.53,1.34,5.84,8.5,192,21,10.92,High,Yes,Moderate,1
TXN02789,U02789,31,Male,5.68,5.74,2.86,4.23,8.63,53,32,7.43,Medium,Yes,Severe,1
TXN02790,U02790,35,Male,3.79,0.75,2.07,5.85,4.78,182,155,5.47,Medium,Yes,None,0
TXN02791,U02791,27,Female,8.11,3.66,3.45,5.2,5.44,52,20,9.31,High,No,Severe,1
TXN02792,U02792,24,Male,9.52,2.19,0.52,0.74,6.13,242,26,12.03,Medium,No,Moderate,1
TXN02793,U02793,18,Male,8.66,1.11,0.49,2.35,6.0,210,131,10.59,Low,Yes,Severe,1
TXN02794,U02794,22,Other,9.11,3.78,1.43,4.65,8.98,138,48,11.25,Medium,No,Moderate,1
TXN02795,U02795,34,Female,10.21,3.8,3.03,5.68,6.99,203,156,12.98,Medium,No,Severe,1
TXN02796,U02796,32,Other,11.26,5.26,0.87,3.14,7.45,52,69,13.28,Low,Yes,Severe,1
TXN02797,U02797,23,Other,3.38,3.29,0.9,2.01,5.03,84,96,4.73,High,No,None,0
TXN02798,U02798,32,Other,10.45,1.73,0.45,3.56,7.59,147,163,12.59,Medium,Yes,Moderate,1
TXN02799,U02799,21,Other,6.13,3.16,1.28,2.32,5.37,165,42,8.55,High,No,Mild,0
TXN02800,U02800,30,Female,9.48,0.68,3.6,5.05,7.2,216,75,11.44,Medium,Yes,Severe,1
TXN02801,U02801,18,Male,11.49,1.75,1.26,2.81,6.55,55,28,13.84,High,Yes,Severe,1
TXN02802,U02802,32,Female,8.03,2.04,0.22,5.42,6.12,186,104,10.33,Low,No,Severe,1
TXN02803,U02803,19,Male,7.05,5.66,2.06,3.76,6.36,139,143,9.74,High,Yes,Moderate,1
TXN02804,U02804,19,Female,9.66,3.01,0.56,4.16,8.67,25,173,10.94,Low,Yes,Moderate,1
TXN02805,U02805,30,Female,3.95,2.94,2.67,3.46,4.57,91,39,6.81,Low,No,Mild,0
TXN02806,U02806,33,Other,3.74,2.8,3.8,1.32,6.45,217,89,4.99,Medium,Yes,Mild,0
TXN02807,U02807,35,Male,6.73,0.95,3.22,5.89,6.76,139,18,7.81,Low,No,Moderate,1
TXN02808,U02808,27,Other,8.94,1.73,3.02,3.05,5.11,235,111,11.09,High,No,Severe,1
TXN02809,U02809,19,Female,9.79,4.01,0.23,4.89,5.52,45,133,11.4,High,Yes,Severe,1
TXN02810,U02810,23,Male,5.55,0.62,3.42,1.17,8.68,194,64,6.2,High,No,Mild,0
TXN02811,U02811,22,Other,5.23,4.98,3.69,4.29,8.17,44,145,7.7,Low,No,Severe,1
TXN02812,U02812,20,Other,11.08,3.11,0.09,1.99,8.57,137,84,12.07,Low,No,Severe,1
TXN02813,U02813,33,Male,5.66,5.85,3.18,4.8,5.99,117,50,6.95,High,Yes,Moderate,1
TXN02814,U02814,20,Female,10.39,1.92,2.55,1.12,8.26,250,21,12.49,Low,No,Moderate,1
TXN02815,U02815,21,Male,5.23,2.71,2.33,0.79,4.65,243,47,6.17,High,No,Mild,0
TXN02816,U02816,31,Female,10.06,2.91,3.95,1.84,7.89,228,66,11.96,High,Yes,Severe,1
TXN02817,U02817,21,Other,4.11,2.75,3.85,2.22,7.94,166,171,5.39,High,Yes,Mild,0
TXN02818,U02818,20,Other,7.81,5.18,1.32,1.65,7.93,244,96,9.65,Low,No,Moderate,1
TXN02819,U02819,29,Female,3.54,1.09,3.41,3.69,8.33,99,23,4.5,Low,Yes,None,0
TXN02820,U02820,35,Female,6.33,1.76,1.39,0.81,5.43,191,175,7.66,High,Yes,Mild,0
TXN02821,U02821,18,Female,11.33,3.23,0.18,3.23,7.5,42,164,13.55,High,No,Moderate,1
TXN02822,U02822,26,Female,10.1,5.02,3.65,2.47,5.76,199,136,11.83,Medium,No,Severe,1
TXN02823,U02823,30,Female,5.38,3.73,0.14,2.85,8.13,32,126,5.9,High,Yes,Mild,0
TXN02824,U02824,35,Other,6.91,5.78,2.69,2.5,6.14,73,142,8.57,Low,No,Severe,1
TXN02825,U02825,30,Other,3.19,1.05,0.49,5.37,5.64,139,55,5.84,Medium,No,None,0
TXN02826,U02826,31,Male,3.39,4.66,0.24,5.09,7.27,228,71,4.24,High,No,Severe,1
TXN02827,U02827,32,Male,8.07,2.68,0.54,4.18,8.52,46,137,9.31,Low,No,Moderate,1
TXN02828,U02828,22,Male,6.35,4.07,0.92,4.24,7.62,169,91,7.47,High,No,Severe,1
TXN02829,U02829,32,Female,8.01,2.47,2.74,1.84,4.91,237,142,9.99,Medium,No,Severe,1
TXN02830,U02830,27,Other,8.44,4.62,1.42,3.93,8.29,207,144,11.13,Low,No,Moderate,1
TXN02831,U02831,21,Male,7.44,5.31,2.72,5.25,8.1,132,42,9.26,Low,Yes,Severe,1
TXN02832,U02832,23,Male,4.92,5.81,1.58,4.16,5.08,119,41,6.57,Medium,Yes,Severe,1
TXN02833,U02833,26,Male,9.56,2.64,2.66,1.05,5.24,116,74,11.32,Low,Yes,Severe,1
TXN02834,U02834,22,Other,9.37,4.93,2.13,3.82,4.67,218,89,11.57,Medium,No,Moderate,1
TXN02835,U02835,22,Male,6.98,5.62,1.68,3.15,5.73,72,174,8.01,High,No,Moderate,1
TXN02836,U02836,32,Male,4.74,4.83,2.86,3.36,5.47,127,163,5.71,Medium,Yes,Moderate,1
TXN02837,U02837,22,Female,6.41,3.19,3.03,0.87,5.37,180,175,7.54,High,No,Moderate,1
TXN02838,U02838,24,Other,10.87,0.88,3.61,3.12,5.0,26,106,11.82,High,Yes,Moderate,1
TXN02839,U02839,32,Other,5.0,4.16,2.27,2.49,6.64,73,74,6.67,Low,Yes,Moderate,1
TXN02840,U02840,33,Other,11.9,5.39,1.1,0.97,5.9,107,28,14.63,Low,No,Severe,1
TXN02841,U02841,18,Male,7.73,2.77,2.86,0.5,4.76,58,59,8.3,High,No,Mild,0
TXN02842,U02842,21,Male,7.7,5.15,3.9,2.41,5.6,184,97,9.63,Low,Yes,Moderate,1
TXN02843,U02843,20,Male,10.32,4.96,3.63,5.42,6.82,138,104,11.11,Medium,No,Moderate,1
TXN02844,U02844,23,Female,4.77,5.0,2.2,3.46,8.07,241,15,7.48,Medium,Yes,Severe,1
TXN02845,U02845,18,Other,4.52,4.87,1.12,5.71,8.7,32,128,6.3,High,No,Severe,1
TXN02846,U02846,29,Male,7.64,4.8,1.3,4.26,6.02,21,165,8.99,Low,No,Severe,1
TXN02847,U02847,27,Male,8.57,5.5,0.7,1.86,6.36,94,115,9.39,Low,No,Severe,1
TXN02848,U02848,35,Other,11.2,2.08,2.76,0.72,8.07,77,156,12.38,High,No,Moderate,1
TXN02849,U02849,26,Female,11.16,1.3,1.95,2.62,7.48,95,169,13.83,High,No,Moderate,1
TXN02850,U02850,30,Female,7.04,5.83,1.77,5.42,7.02,244,122,8.95,High,No,Severe,1
TXN02851,U02851,26,Other,8.59,5.77,0.34,2.67,8.15,131,132,10.69,Medium,No,Moderate,1
TXN02852,U02852,32,Male,8.62,4.09,1.8,3.86,5.93,136,136,9.25,Low,No,Moderate,1
TXN02853,U02853,31,Female,9.66,2.46,2.68,3.37,5.16,248,81,12.62,Medium,Yes,Severe,1
TXN02854,U02854,18,Other,5.63,3.15,2.36,2.64,4.81,150,129,7.06,High,Yes,Mild,0
TXN02855,U02855,22,Male,9.81,5.09,3.09,5.67,5.49,205,55,11.48,Low,No,Severe,1
TXN02856,U02856,22,Other,6.28,5.4,3.96,5.94,5.19,83,16,6.85,Medium,No,Severe,1
TXN02857,U02857,21,Female,6.31,1.28,1.22,2.37,6.25,25,16,8.26,High,Yes,Moderate,1
TXN02858,U02858,35,Other,4.92,4.09,0.18,5.75,4.64,250,83,5.6,Low,No,Severe,1
TXN02859,U02859,24,Other,4.13,3.34,1.73,5.65,5.7,247,169,7.12,Medium,No,None,0
TXN02860,U02860,33,Male,10.21,2.84,0.1,2.0,6.2,232,86,12.68,Low,No,Moderate,1
TXN02861,U02861,26,Male,9.6,0.94,3.47,3.19,5.89,92,65,11.07,Medium,Yes,Severe,1
TXN02862,U02862,34,Female,11.19,3.02,0.75,0.94,6.11,142,140,13.69,Low,No,Severe,1
TXN02863,U02863,34,Other,6.93,1.17,0.6,4.68,7.76,98,32,8.12,Medium,No,Mild,0
TXN02864,U02864,20,Male,5.26,4.49,2.42,3.25,5.28,73,81,7.48,Low,Yes,Moderate,1
TXN02865,U02865,24,Female,9.42,3.67,2.34,4.91,8.54,229,55,10.23,High,Yes,Moderate,1
TXN02866,U02866,21,Female,4.9,5.83,2.65,0.54,7.73,150,81,7.71,Medium,No,Severe,1
TXN02867,U02867,20,Other,6.27,5.05,1.06,4.54,6.59,198,112,7.75,Medium,No,Severe,1
TXN02868,U02868,25,Female,8.19,5.41,1.61,5.0,5.9,132,117,9.92,High,No,Severe,1
TXN02869,U02869,33,Other,9.48,2.62,3.45,3.14,6.27,163,105,10.29,High,No,Moderate,1
TXN02870,U02870,31,Other,5.8,5.34,3.71,0.89,6.14,93,161,7.86,High,No,Moderate,1
TXN02871,U02871,35,Female,7.51,5.98,1.87,2.14,5.74,62,16,9.09,High,No,Moderate,1
TXN02872,U02872,23,Female,8.35,3.45,3.13,1.78,6.87,220,85,8.94,Medium,No,Moderate,1
TXN02873,U02873,31,Other,10.75,2.87,2.34,1.85,8.1,42,80,11.87,Low,Yes,Moderate,1
TXN02874,U02874,25,Other,5.18,0.61,0.32,5.57,8.1,150,82,7.35,Medium,No,Mild,0
TXN02875,U02875,35,Male,5.91,3.38,1.28,1.23,5.8,59,160,7.39,Medium,Yes,Mild,0
TXN02876,U02876,31,Other,8.48,5.65,1.39,4.39,6.85,101,33,11.32,High,Yes,Severe,1
TXN02877,U02877,20,Other,8.91,2.3,3.88,5.75,8.61,130,78,11.05,Low,No,Severe,1
TXN02878,U02878,26,Male,3.61,4.09,3.69,2.3,7.57,31,46,5.61,High,Yes,Severe,1
TXN02879,U02879,26,Female,10.75,5.64,1.23,3.09,7.67,63,166,11.74,High,No,Moderate,1
TXN02880,U02880,34,Male,10.74,5.1,1.94,3.74,5.36,143,159,13.06,High,Yes,Moderate,1
TXN02881,U02881,22,Male,8.89,5.62,3.4,4.97,7.23,34,173,10.17,High,Yes,Moderate,1
TXN02882,U02882,35,Female,11.6,3.0,0.4,1.21,7.99,225,108,13.69,High,Yes,Severe,1
TXN02883,U02883,30,Male,4.54,2.18,3.94,1.99,7.6,58,24,5.27,Medium,No,Mild,0
TXN02884,U02884,25,Female,8.41,5.92,1.41,3.37,5.8,207,48,9.87,Medium,Yes,Moderate,1
TXN02885,U02885,18,Male,5.12,4.04,1.26,5.69,7.18,154,87,5.78,Medium,Yes,Moderate,1
TXN02886,U02886,27,Other,7.76,1.54,3.79,0.77,5.76,23,168,8.79,Low,Yes,Mild,0
TXN02887,U02887,32,Male,3.22,1.96,0.02,5.6,5.41,26,173,3.75,Medium,Yes,None,0
TXN02888,U02888,28,Female,9.32,1.83,3.71,4.66,6.7,181,179,10.37,Medium,No,Severe,1
TXN02889,U02889,32,Male,6.58,2.91,1.78,3.12,5.51,102,94,8.47,Low,No,Moderate,1
TXN02890,U02890,23,Female,11.18,2.73,0.42,5.4,5.61,75,162,13.54,Low,No,Moderate,1
TXN02891,U02891,19,Female,10.49,5.79,1.38,5.64,4.94,246,80,13.07,Low,Yes,Moderate,1
TXN02892,U02892,23,Male,7.25,5.2,2.16,3.87,8.48,149,61,9.98,Medium,No,Moderate,1
TXN02893,U02893,20,Other,10.48,3.82,2.41,0.74,6.52,48,168,11.25,Medium,No,Moderate,1
TXN02894,U02894,29,Male,5.84,4.17,0.35,2.08,5.31,222,37,7.39,High,Yes,Moderate,1
TXN02895,U02895,30,Female,10.71,4.47,1.3,0.99,4.52,90,79,11.68,Medium,Yes,Severe,1
TXN02896,U02896,27,Female,5.26,5.03,2.99,3.6,8.07,170,38,6.39,Low,Yes,Moderate,1
TXN02897,U02897,22,Other,4.49,5.39,1.77,4.45,5.58,60,133,6.26,High,No,Severe,1
TXN02898,U02898,33,Male,3.96,3.81,0.87,3.47,6.17,30,18,4.57,Low,Yes,Mild,0
TXN02899,U02899,22,Female,6.08,4.52,1.7,5.77,8.69,246,99,7.29,Medium,No,Moderate,1
TXN02900,U02900,23,Female,7.97,2.2,1.85,0.65,5.8,225,122,10.06,Low,Yes,Moderate,1
TXN02901,U02901,29,Female,8.84,5.85,2.68,5.21,6.88,230,31,10.18,High,No,Moderate,1
TXN02902,U02902,21,Other,7.19,3.22,1.25,5.93,4.81,151,108,7.96,High,No,Moderate,1
TXN02903,U02903,30,Female,6.23,4.99,1.44,3.69,5.97,125,18,6.83,High,Yes,Moderate,1
TXN02904,U02904,28,Female,4.38,3.63,1.58,2.0,5.65,55,37,4.9,Low,Yes,None,0
TXN02905,U02905,20,Female,9.59,2.36,1.92,3.73,6.16,204,65,11.22,Low,Yes,Severe,1
TXN02906,U02906,31,Female,3.41,0.89,0.58,2.86,5.46,67,173,6.03,Low,Yes,None,0
TXN02907,U02907,22,Male,4.61,3.58,0.49,3.91,5.4,183,53,5.89,High,Yes,None,0
TXN02908,U02908,29,Other,3.3,4.44,2.69,5.69,5.88,120,49,5.19,Low,No,Severe,1
TXN02909,U02909,28,Male,4.78,0.8,2.18,3.46,5.46,188,90,7.16,Medium,No,None,0
TXN02910,U02910,32,Male,7.55,2.21,1.6,5.89,6.2,99,158,8.6,High,Yes,Moderate,1
TXN02911,U02911,34,Male,6.68,1.37,2.73,2.46,7.78,155,98,8.02,Low,No,Moderate,1
TXN02912,U02912,33,Male,10.13,2.57,2.26,5.18,5.45,219,51,11.45,High,Yes,Severe,1
TXN02913,U02913,27,Male,9.46,5.35,3.69,5.01,7.23,62,136,12.36,High,No,Severe,1
TXN02914,U02914,24,Female,10.03,4.24,1.01,1.88,8.45,130,121,11.52,Low,No,Moderate,1
TXN02915,U02915,30,Female,3.78,0.77,1.51,3.32,5.26,228,155,5.25,High,No,None,0
TXN02916,U02916,26,Female,8.44,5.92,3.56,4.65,7.56,223,174,9.84,High,No,Severe,1
TXN02917,U02917,20,Male,5.07,2.15,0.19,3.59,6.93,198,75,7.74,High,Yes,None,0
TXN02918,U02918,30,Male,8.21,1.55,1.88,3.72,8.12,185,67,9.94,Medium,Yes,Moderate,1
TXN02919,U02919,23,Other,4.44,4.9,0.31,1.68,6.76,113,61,5.02,High,Yes,Moderate,1
TXN02920,U02920,21,Male,6.27,1.69,3.71,1.83,8.22,183,70,8.47,Medium,Yes,Mild,0
TXN02921,U02921,23,Male,7.37,1.51,0.49,3.77,6.42,67,23,9.95,Low,No,Mild,0
TXN02922,U02922,21,Female,8.97,3.01,2.54,2.69,7.09,196,18,9.49,Low,Yes,Moderate,1
TXN02923,U02923,30,Male,10.82,5.14,3.53,5.01,5.28,95,94,12.64,Medium,Yes,Severe,1
TXN02924,U02924,29,Male,11.22,2.22,2.88,2.17,7.28,49,134,14.16,Low,No,Moderate,1
TXN02925,U02925,33,Female,4.27,5.82,3.62,5.14,4.74,179,75,6.41,High,Yes,Moderate,1
TXN02926,U02926,21,Other,4.61,1.63,0.45,4.16,4.56,115,168,7.29,Low,Yes,Mild,0
TXN02927,U02927,20,Male,7.92,1.26,2.94,2.43,7.7,118,56,9.32,High,Yes,Mild,0
TXN02928,U02928,25,Male,4.01,2.9,2.26,4.49,5.25,210,70,4.93,Medium,No,None,0
TXN02929,U02929,20,Female,6.61,3.28,0.45,2.88,8.65,223,152,8.14,Low,Yes,Mild,0
TXN02930,U02930,21,Female,6.0,3.29,3.5,4.65,6.45,79,19,6.93,Low,No,None,0
TXN02931,U02931,28,Other,4.88,5.21,1.13,4.21,6.12,70,34,6.9,Medium,Yes,Moderate,1
TXN02932,U02932,28,Male,3.25,2.27,1.28,3.4,6.76,61,155,4.48,Medium,No,None,0
TXN02933,U02933,33,Female,7.54,2.9,2.44,0.77,4.53,187,73,10.53,High,No,Moderate,1
TXN02934,U02934,27,Female,10.48,2.37,2.04,2.27,7.73,21,36,12.22,Low,No,Moderate,1
TXN02935,U02935,32,Male,5.18,4.49,2.19,3.61,5.03,196,155,7.95,Low,Yes,Severe,1
TXN02936,U02936,20,Male,9.76,0.85,0.77,0.65,8.53,237,113,11.6,Low,Yes,Severe,1
TXN02937,U02937,23,Female,5.73,2.71,0.26,4.21,7.37,232,84,8.37,Medium,Yes,None,0
TXN02938,U02938,19,Female,9.01,1.99,1.41,4.97,6.48,131,145,10.9,Low,Yes,Moderate,1
TXN02939,U02939,19,Male,7.03,4.13,0.1,3.99,6.94,40,78,8.89,High,Yes,Moderate,1
TXN02940,U02940,21,Male,11.97,5.72,1.1,5.5,7.64,147,117,13.63,Medium,Yes,Severe,1
TXN02941,U02941,26,Female,8.08,4.56,0.39,0.71,5.19,44,130,9.64,Medium,Yes,Severe,1
TXN02942,U02942,19,Female,4.16,1.34,0.82,0.52,7.67,109,73,5.42,High,Yes,Mild,0
TXN02943,U02943,22,Male,5.9,1.54,0.6,3.89,6.09,170,179,8.12,High,No,Mild,0
TXN02944,U02944,29,Other,9.38,3.24,3.91,5.77,7.29,244,63,10.42,High,No,Severe,1
TXN02945,U02945,18,Female,4.47,5.46,0.12,4.99,5.59,148,117,6.63,Low,No,Severe,1
TXN02946,U02946,35,Other,5.57,1.24,1.82,3.72,5.55,205,115,8.06,Medium,Yes,None,0
TXN02947,U02947,20,Male,7.98,3.54,2.65,2.73,8.05,59,136,9.1,Low,Yes,Moderate,1
TXN02948,U02948,30,Female,8.68,0.81,0.42,2.83,5.61,219,30,9.47,High,Yes,Moderate,1
TXN02949,U02949,30,Male,9.21,1.9,2.76,2.39,8.88,126,69,10.71,High,No,Moderate,1
TXN02950,U02950,24,Male,6.28,0.68,1.1,2.5,8.1,50,93,7.29,Medium,Yes,Mild,0
TXN02951,U02951,21,Other,7.2,1.96,2.3,2.11,7.05,142,179,8.42,Low,No,Mild,0
TXN02952,U02952,27,Other,6.41,3.28,3.6,0.91,7.31,51,119,7.59,Medium,Yes,Moderate,1
TXN02953,U02953,30,Other,5.59,3.73,3.51,5.95,5.28,132,67,6.9,High,No,Mild,0
TXN02954,U02954,21,Other,6.24,5.2,0.24,2.24,5.04,114,34,8.73,Low,No,Severe,1
TXN02955,U02955,23,Male,11.26,5.44,0.19,5.77,8.16,162,58,12.41,High,Yes,Moderate,1
TXN02956,U02956,34,Male,3.83,1.88,3.92,5.47,5.57,142,151,5.93,Medium,Yes,Mild,0
TXN02957,U02957,19,Other,11.89,4.0,3.68,3.98,4.56,127,166,13.36,High,Yes,Severe,1
TXN02958,U02958,31,Female,5.18,2.95,1.24,1.06,8.15,224,31,6.98,Medium,Yes,Mild,0
TXN02959,U02959,18,Other,6.82,5.17,1.07,0.96,7.12,46,42,9.57,Medium,Yes,Moderate,1
TXN02960,U02960,24,Other,3.73,0.74,3.64,4.69,5.34,143,57,5.62,High,No,None,0
TXN02961,U02961,22,Female,4.02,1.45,2.22,5.39,5.69,199,172,5.89,Low,No,None,0
TXN02962,U02962,30,Male,9.87,3.9,3.26,4.64,6.54,244,81,10.78,Low,Yes,Severe,1
TXN02963,U02963,26,Other,10.54,1.25,1.57,4.03,5.5,145,58,11.66,High,No,Moderate,1
TXN02964,U02964,29,Male,8.21,1.43,2.82,5.14,7.83,201,168,9.39,Medium,No,Severe,1
TXN02965,U02965,33,Female,9.32,3.85,0.68,1.76,6.03,147,137,11.26,High,Yes,Severe,1
TXN02966,U02966,31,Male,3.14,2.22,2.5,0.72,7.14,174,84,5.46,High,Yes,Mild,0
TXN02967,U02967,26,Other,10.36,1.76,0.22,1.8,8.88,131,21,13.05,High,No,Severe,1
TXN02968,U02968,30,Male,6.83,0.58,2.47,1.66,5.88,139,115,7.37,Medium,No,Mild,0
TXN02969,U02969,20,Female,3.51,3.25,0.52,1.41,5.12,99,88,6.3,High,Yes,None,0
TXN02970,U02970,29,Other,8.24,0.83,1.4,4.82,7.35,102,118,9.67,Medium,Yes,Severe,1
TXN02971,U02971,25,Male,7.24,2.99,2.92,3.75,4.67,134,121,10.04,Medium,No,Moderate,1
TXN02972,U02972,33,Other,10.88,1.89,3.25,4.89,6.09,211,54,12.21,Low,Yes,Severe,1
TXN02973,U02973,35,Other,10.47,2.81,3.17,5.15,4.73,188,140,12.98,Low,Yes,Severe,1
TXN02974,U02974,23,Other,8.59,3.59,3.04,5.96,5.97,61,68,11.06,Medium,No,Severe,1
TXN02975,U02975,19,Male,4.28,5.01,2.66,2.37,4.67,20,30,6.18,Low,No,Moderate,1
TXN02976,U02976,27,Female,4.29,3.6,1.28,5.39,5.5,197,154,5.64,High,Yes,Mild,0
TXN02977,U02977,25,Male,6.0,3.88,1.67,2.22,7.75,211,57,6.55,Low,No,None,0
TXN02978,U02978,30,Other,10.12,1.62,3.54,0.92,6.87,147,149,11.86,Medium,Yes,Moderate,1
TXN02979,U02979,30,Male,11.12,5.98,3.57,1.54,5.48,149,25,12.34,High,Yes,Severe,1
TXN02980,U02980,30,Other,3.43,1.85,3.94,4.56,7.55,35,144,5.97,Medium,No,None,0
TXN02981,U02981,27,Female,5.25,4.09,3.46,0.8,5.31,24,176,7.26,Low,Yes,Moderate,1
TXN02982,U02982,35,Female,7.86,4.52,2.74,0.87,7.11,126,139,10.17,High,No,Severe,1
TXN02983,U02983,32,Female,7.09,5.19,1.37,5.75,6.2,111,104,8.34,High,Yes,Moderate,1
TXN02984,U02984,34,Other,4.0,2.32,3.44,1.88,6.11,209,43,4.77,Low,Yes,Mild,0
TXN02985,U02985,24,Male,8.17,2.54,0.94,0.77,7.28,212,49,9.15,Low,Yes,Moderate,1
TXN02986,U02986,29,Male,9.11,5.91,1.25,4.1,5.92,211,22,10.77,Low,No,Severe,1
TXN02987,U02987,31,Other,4.25,4.88,0.06,2.92,7.73,101,176,7.25,High,No,Severe,1
TXN02988,U02988,33,Other,6.93,1.09,3.75,5.88,8.82,163,77,9.27,Medium,Yes,Moderate,1
TXN02989,U02989,32,Male,5.24,1.46,1.13,2.9,5.97,142,58,6.6,High,Yes,None,0
TXN02990,U02990,29,Other,7.57,1.63,1.85,1.11,6.18,66,152,8.73,High,Yes,Moderate,1
TXN02991,U02991,29,Female,11.57,2.61,2.9,3.94,4.8,200,164,12.76,Medium,No,Severe,1
TXN02992,U02992,26,Other,9.91,1.29,3.3,0.53,5.66,114,58,11.17,Low,No,Severe,1
TXN02993,U02993,29,Other,5.97,3.22,0.04,0.88,7.15,215,139,7.97,Medium,Yes,None,0
TXN02994,U02994,27,Other,6.38,5.66,2.99,3.89,7.89,128,140,7.24,High,No,Moderate,1
TXN02995,U02995,22,Female,11.17,4.34,0.23,4.3,7.5,138,138,13.92,Low,No,Moderate,1
TXN02996,U02996,31,Female,3.39,1.87,1.65,1.72,5.84,211,139,5.36,Low,Yes,Mild,0
TXN02997,U02997,29,Other,7.33,5.14,1.95,2.09,5.31,148,66,10.0,High,No,Severe,1
TXN02998,U02998,34,Other,6.05,1.0,1.42,0.79,8.58,120,148,8.89,Low,No,Moderate,1
TXN02999,U02999,32,Other,3.99,2.29,3.34,4.23,4.86,127,121,5.89,High,No,None,0
TXN03000,U03000,25,Male,6.79,4.6,1.55,2.74,4.56,165,109,8.07,High,No,Moderate,1
TXN03001,U03001,25,Male,4.86,2.34,3.94,1.53,5.67,115,34,6.64,Medium,No,Mild,0
TXN03002,U03002,22,Other,3.73,1.3,2.84,5.47,6.53,209,94,5.63,High,No,Mild,0
TXN03003,U03003,27,Female,7.73,3.64,3.31,3.95,8.96,209,65,8.44,Medium,Yes,Mild,0
TXN03004,U03004,23,Female,7.45,0.78,2.83,2.64,8.44,66,61,9.85,High,Yes,Moderate,1
TXN03005,U03005,22,Other,5.12,5.68,0.54,2.05,7.14,203,17,5.9,Medium,Yes,Moderate,1
TXN03006,U03006,20,Male,8.14,3.26,1.7,3.07,7.57,24,149,9.55,Medium,Yes,Severe,1
TXN03007,U03007,31,Female,10.09,1.46,0.05,1.54,6.38,72,179,12.43,Medium,No,Severe,1
TXN03008,U03008,27,Other,4.5,3.84,1.24,0.86,8.1,245,17,7.1,High,Yes,None,0
TXN03009,U03009,23,Other,7.22,0.6,3.01,2.2,6.86,201,128,8.48,High,No,Mild,0
TXN03010,U03010,28,Other,4.15,4.49,3.15,5.11,4.86,162,146,6.38,Low,Yes,Moderate,1
TXN03011,U03011,18,Male,9.18,2.86,3.3,4.37,7.12,149,120,12.1,High,Yes,Severe,1
TXN03012,U03012,20,Female,9.39,1.02,3.72,3.26,4.85,144,169,9.97,Low,No,Severe,1
TXN03013,U03013,30,Male,5.06,4.08,3.75,2.17,5.29,38,78,5.96,Medium,No,Severe,1
TXN03014,U03014,24,Female,4.81,4.26,2.44,4.44,7.51,173,86,7.78,Low,Yes,Severe,1
TXN03015,U03015,24,Female,6.11,4.29,2.67,1.09,5.4,201,79,8.46,Low,No,Severe,1
TXN03016,U03016,32,Female,10.47,3.7,1.37,4.97,8.23,207,78,11.11,Medium,No,Moderate,1
TXN03017,U03017,20,Male,4.13,5.22,1.59,1.33,8.32,179,89,6.62,High,Yes,Severe,1
TXN03018,U03018,34,Female,5.14,3.27,0.68,0.52,7.71,103,45,6.33,Medium,No,Mild,0
TXN03019,U03019,26,Male,8.17,1.85,2.9,2.75,6.08,125,103,9.01,Low,Yes,Severe,1
TXN03020,U03020,28,Other,8.91,4.4,2.25,4.98,8.5,53,159,10.17,Medium,No,Moderate,1
TXN03021,U03021,26,Other,9.66,2.26,1.92,4.95,6.34,121,34,11.96,Low,No,Severe,1
TXN03022,U03022,28,Other,3.15,4.55,3.53,0.69,8.53,237,38,5.39,High,No,Severe,1
TXN03023,U03023,32,Male,7.64,1.28,0.83,4.33,8.88,220,108,10.54,High,Yes,Moderate,1
TXN03024,U03024,21,Male,8.21,2.07,0.62,3.03,6.37,47,158,10.65,High,Yes,Severe,1
TXN03025,U03025,34,Male,7.43,0.73,3.74,1.25,7.51,27,72,10.25,High,Yes,Mild,0
TXN03026,U03026,23,Male,3.1,5.52,2.47,2.68,6.65,76,128,4.01,Low,Yes,Severe,1
TXN03027,U03027,27,Female,9.97,3.27,3.95,2.56,6.39,20,132,12.07,High,Yes,Severe,1
TXN03028,U03028,28,Other,7.41,2.08,3.45,1.57,6.34,142,23,8.7,Medium,No,Mild,0
TXN03029,U03029,25,Other,3.68,1.88,2.39,3.75,7.84,107,84,6.65,High,No,None,0
TXN03030,U03030,19,Female,9.8,3.35,2.01,3.44,4.76,61,99,10.83,Low,Yes,Moderate,1
TXN03031,U03031,31,Male,4.15,2.0,1.98,3.3,4.72,28,159,5.47,Low,No,None,0
TXN03032,U03032,27,Female,6.47,5.08,2.43,3.07,7.8,30,21,7.15,High,Yes,Moderate,1
TXN03033,U03033,24,Female,7.67,5.66,1.03,2.93,7.91,79,176,8.94,Medium,No,Moderate,1
TXN03034,U03034,25,Male,10.38,4.0,0.13,3.82,4.97,47,162,12.21,High,No,Severe,1
TXN03035,U03035,34,Other,4.97,1.1,3.84,2.43,5.07,189,153,7.06,High,Yes,Mild,0
TXN03036,U03036,20,Other,3.93,5.82,2.33,0.73,7.9,173,91,6.58,Low,No,Moderate,1
TXN03037,U03037,27,Other,3.57,1.5,2.26,3.92,7.82,170,24,5.89,Low,Yes,None,0
TXN03038,U03038,35,Male,9.39,4.24,3.95,2.64,6.44,181,114,11.97,High,No,Moderate,1
TXN03039,U03039,27,Other,3.15,1.67,2.45,5.86,6.98,156,133,4.37,High,Yes,None,0
TXN03040,U03040,21,Female,7.59,2.74,0.64,4.66,7.49,182,174,10.27,Medium,Yes,Mild,0
TXN03041,U03041,30,Male,5.18,1.42,0.02,1.17,8.7,163,35,7.06,Low,Yes,None,0
TXN03042,U03042,20,Male,10.31,3.3,0.23,2.91,6.52,235,130,12.04,High,Yes,Moderate,1
TXN03043,U03043,25,Other,3.53,1.36,3.88,5.95,5.94,132,84,4.11,High,Yes,None,0
TXN03044,U03044,18,Female,4.88,0.57,1.75,3.41,5.0,243,179,5.8,High,No,None,0
TXN03045,U03045,28,Other,6.07,5.34,0.26,5.58,5.77,235,121,7.76,Medium,No,Moderate,1
TXN03046,U03046,27,Male,5.85,2.99,3.06,2.45,7.74,226,91,8.04,High,Yes,Mild,0
TXN03047,U03047,31,Other,8.89,5.71,2.29,0.77,5.01,153,108,11.76,Low,Yes,Severe,1
TXN03048,U03048,31,Other,7.29,1.87,0.93,5.26,4.84,137,124,8.51,Medium,No,Mild,0
TXN03049,U03049,29,Other,3.54,2.78,3.46,5.94,4.54,175,154,4.55,High,Yes,None,0
TXN03050,U03050,25,Female,5.33,2.28,0.24,4.68,5.94,129,28,6.45,High,No,Mild,0
TXN03051,U03051,24,Female,9.19,5.2,3.11,3.68,5.6,179,107,10.04,Medium,No,Moderate,1
TXN03052,U03052,20,Male,5.85,5.34,1.35,3.09,6.89,183,49,7.36,High,Yes,Moderate,1
TXN03053,U03053,26,Other,11.96,4.56,3.63,3.05,6.2,190,149,14.33,Medium,Yes,Severe,1
TXN03054,U03054,32,Female,11.63,1.88,1.67,4.93,8.79,75,176,13.3,Low,No,Severe,1
TXN03055,U03055,35,Other,9.82,4.64,2.78,2.77,4.93,242,63,12.62,High,Yes,Moderate,1
TXN03056,U03056,26,Female,3.81,4.87,3.85,5.63,7.66,55,145,6.19,Low,No,Moderate,1
TXN03057,U03057,25,Other,9.17,1.88,2.93,5.51,6.12,107,109,10.37,High,Yes,Severe,1
TXN03058,U03058,34,Other,10.99,5.54,0.34,4.71,4.73,79,103,12.5,Low,Yes,Moderate,1
TXN03059,U03059,22,Female,6.88,1.55,2.67,5.29,4.54,134,163,9.41,High,No,Moderate,1
TXN03060,U03060,21,Male,6.84,4.86,2.34,2.9,5.13,69,52,9.29,Medium,Yes,Severe,1
TXN03061,U03061,35,Male,6.67,3.45,1.54,5.78,5.45,132,113,7.3,High,Yes,Mild,0
TXN03062,U03062,23,Male,10.66,3.49,0.71,3.79,7.43,94,116,12.33,High,Yes,Severe,1
TXN03063,U03063,20,Male,6.57,1.84,3.41,2.11,4.69,140,55,8.93,Low,Yes,Mild,0
TXN03064,U03064,30,Male,5.8,0.77,3.3,2.06,8.49,147,87,7.73,High,Yes,Mild,0
TXN03065,U03065,26,Female,10.68,4.39,3.43,4.24,5.53,44,30,12.96,High,Yes,Severe,1
TXN03066,U03066,25,Female,9.92,2.87,3.94,5.84,6.86,112,96,11.19,Medium,Yes,Severe,1
TXN03067,U03067,30,Female,4.37,5.42,1.41,4.7,4.97,20,145,5.65,Medium,Yes,Moderate,1
TXN03068,U03068,31,Female,9.73,4.57,3.16,1.5,6.25,21,90,11.28,Low,Yes,Severe,1
TXN03069,U03069,28,Female,4.79,5.06,2.5,5.5,7.74,248,49,7.54,Medium,Yes,Moderate,1
TXN03070,U03070,30,Male,8.64,3.5,1.15,5.93,8.43,76,52,11.41,Medium,No,Moderate,1
TXN03071,U03071,26,Male,4.38,1.66,2.1,1.57,5.7,85,18,6.03,Low,Yes,Mild,0
TXN03072,U03072,34,Female,6.37,1.43,2.64,0.64,6.06,211,22,8.97,Medium,No,Mild,0
TXN03073,U03073,35,Other,6.06,5.62,2.63,4.77,6.75,40,80,7.7,Medium,No,Severe,1
TXN03074,U03074,20,Female,4.54,5.56,3.47,4.32,5.82,214,163,5.48,Low,Yes,Moderate,1
TXN03075,U03075,23,Other,3.43,3.73,4.0,2.45,5.0,132,115,5.3,Low,Yes,Mild,0
TXN03076,U03076,31,Other,4.5,5.81,3.4,4.68,6.65,78,49,5.7,High,Yes,Moderate,1
TXN03077,U03077,27,Male,5.15,1.86,3.86,4.63,6.14,209,58,6.87,High,No,None,0
TXN03078,U03078,35,Male,5.07,5.78,1.18,4.67,8.69,193,74,6.77,Medium,No,Severe,1
TXN03079,U03079,26,Female,4.39,4.52,3.03,4.56,4.59,77,21,6.2,High,No,Moderate,1
TXN03080,U03080,35,Other,6.7,1.85,0.51,4.07,6.82,227,20,8.03,Low,No,Moderate,1
TXN03081,U03081,21,Female,6.01,0.65,1.26,3.56,8.6,139,139,6.94,Low,Yes,Moderate,1
TXN03082,U03082,27,Male,5.31,3.65,0.93,1.09,4.82,51,139,8.16,High,Yes,None,0
TXN03083,U03083,26,Female,6.21,3.4,3.56,4.28,8.62,155,116,7.53,Medium,Yes,Moderate,1
TXN03084,U03084,26,Male,8.39,2.73,3.78,2.93,5.49,116,29,10.81,Medium,No,Moderate,1
TXN03085,U03085,18,Female,8.02,3.49,0.77,3.34,5.45,183,54,9.41,Low,No,Moderate,1
TXN03086,U03086,24,Other,8.23,4.76,0.47,0.6,6.28,218,99,9.94,Medium,No,Moderate,1
TXN03087,U03087,31,Female,6.77,2.09,2.24,0.78,7.5,45,124,7.76,Medium,Yes,Moderate,1
TXN03088,U03088,22,Male,5.35,4.06,0.27,2.36,6.69,246,83,6.24,High,Yes,Moderate,1
TXN03089,U03089,24,Male,11.61,4.7,1.43,3.8,5.11,198,116,12.21,High,No,Moderate,1
TXN03090,U03090,35,Female,10.53,5.34,1.16,5.26,4.92,85,173,13.05,Medium,No,Severe,1
TXN03091,U03091,26,Other,9.55,1.61,3.48,2.97,6.58,90,165,12.43,Low,No,Severe,1
TXN03092,U03092,20,Other,8.43,2.51,3.17,5.87,6.01,142,130,9.51,Medium,Yes,Moderate,1
TXN03093,U03093,24,Male,9.96,1.88,1.37,1.63,8.54,158,163,10.7,Low,Yes,Severe,1
TXN03094,U03094,33,Male,11.7,2.23,2.5,2.03,5.47,141,56,14.21,High,No,Severe,1
TXN03095,U03095,31,Female,11.58,3.67,0.4,2.26,6.58,79,120,12.7,Low,Yes,Moderate,1
TXN03096,U03096,35,Other,10.73,2.92,2.22,4.43,6.52,48,52,12.19,Medium,Yes,Moderate,1
TXN03097,U03097,22,Female,10.57,3.73,0.47,5.17,7.91,179,179,13.19,High,No,Moderate,1
TXN03098,U03098,20,Other,8.62,2.72,2.55,2.11,7.74,109,158,11.07,Medium,Yes,Severe,1
TXN03099,U03099,25,Female,3.56,4.87,0.86,5.45,5.41,155,97,4.98,Medium,No,Moderate,1
TXN03100,U03100,21,Other,6.92,3.92,1.02,3.51,8.65,44,84,9.29,Low,Yes,Mild,0
TXN03101,U03101,26,Other,3.33,2.95,1.64,1.32,7.98,51,28,5.65,Medium,Yes,Mild,0
TXN03102,U03102,33,Male,4.43,2.76,2.96,1.47,7.03,189,99,6.8,Medium,Yes,Mild,0
TXN03103,U03103,26,Female,5.33,3.74,1.94,5.03,7.2,249,110,6.12,High,No,None,0
TXN03104,U03104,31,Male,8.68,5.32,3.97,2.95,8.73,150,133,11.27,High,Yes,Severe,1
TXN03105,U03105,19,Male,10.56,2.27,3.9,4.6,5.14,185,166,11.2,Medium,No,Severe,1
TXN03106,U03106,35,Male,5.91,4.43,0.01,3.99,6.64,77,20,7.05,Low,No,Severe,1
TXN03107,U03107,19,Male,5.64,1.61,0.4,4.25,8.31,139,105,6.51,Low,No,None,0
TXN03108,U03108,32,Male,8.18,4.39,2.75,1.06,6.43,209,98,8.7,Medium,Yes,Severe,1
TXN03109,U03109,18,Male,9.19,1.66,2.19,1.05,8.59,124,133,10.68,Low,No,Moderate,1
TXN03110,U03110,29,Male,5.81,5.73,1.59,5.91,5.54,37,96,7.59,Medium,No,Severe,1
TXN03111,U03111,28,Other,6.77,5.04,1.54,3.07,8.51,60,26,8.98,Medium,Yes,Severe,1
TXN03112,U03112,21,Male,5.88,4.88,1.4,4.15,5.33,36,75,7.02,High,No,Moderate,1
TXN03113,U03113,22,Female,4.39,4.74,0.22,4.98,6.44,132,126,5.9,Medium,No,Moderate,1
TXN03114,U03114,25,Male,9.62,1.48,0.63,5.84,5.01,240,120,12.56,Medium,Yes,Severe,1
TXN03115,U03115,23,Female,11.51,3.25,1.74,0.9,6.98,23,108,13.4,Low,Yes,Moderate,1
TXN03116,U03116,32,Male,5.02,1.14,1.51,4.94,8.36,213,158,6.48,Medium,No,Mild,0
TXN03117,U03117,31,Other,3.99,1.16,1.76,5.96,6.07,113,142,4.51,Low,No,None,0
TXN03118,U03118,30,Female,7.78,5.39,1.07,1.01,7.98,107,165,9.74,High,No,Moderate,1
TXN03119,U03119,35,Female,6.57,1.33,1.6,2.23,4.61,118,180,7.54,High,No,Mild,0
TXN03120,U03120,20,Other,7.34,4.69,2.35,4.65,7.63,112,34,10.0,Low,No,Severe,1
TXN03121,U03121,28,Other,4.96,5.09,0.69,4.91,5.7,242,79,7.48,Medium,Yes,Moderate,1
TXN03122,U03122,33,Other,6.81,1.38,0.79,1.98,7.93,121,85,9.02,Low,No,Mild,0
TXN03123,U03123,31,Male,9.93,1.87,3.25,1.2,7.54,86,130,10.53,High,Yes,Moderate,1
TXN03124,U03124,26,Female,7.75,1.09,2.33,2.94,7.27,157,84,8.36,High,No,Mild,0
TXN03125,U03125,27,Other,7.98,4.7,3.46,4.5,7.8,50,49,10.72,High,Yes,Severe,1
TXN03126,U03126,25,Female,3.07,0.58,3.41,2.28,6.94,171,170,5.75,Medium,Yes,None,0
TXN03127,U03127,18,Other,4.73,2.05,3.36,2.37,4.65,234,43,6.97,Low,No,Mild,0
TXN03128,U03128,25,Male,6.07,4.03,2.88,4.12,8.15,171,166,6.67,Low,Yes,Moderate,1
TXN03129,U03129,21,Female,6.7,2.78,1.21,0.62,5.12,182,34,7.6,Medium,No,Moderate,1
TXN03130,U03130,26,Female,4.3,1.13,2.82,4.48,6.06,154,63,5.79,Low,Yes,Mild,0
TXN03131,U03131,34,Male,10.41,4.81,1.05,5.46,7.76,173,34,13.03,Medium,Yes,Moderate,1
TXN03132,U03132,25,Female,5.02,4.48,1.04,2.88,6.38,195,105,6.76,Low,No,Severe,1
TXN03133,U03133,33,Other,10.66,5.55,2.53,1.66,5.78,167,174,12.02,Low,No,Moderate,1
TXN03134,U03134,30,Male,5.62,1.05,1.08,0.72,6.24,244,159,8.31,Low,Yes,None,0
TXN03135,U03135,18,Male,7.25,1.31,1.08,4.5,8.92,145,113,8.39,Low,No,Mild,0
TXN03136,U03136,29,Other,10.33,5.63,1.45,1.88,6.95,50,144,12.69,High,No,Moderate,1
TXN03137,U03137,25,Other,5.81,5.8,2.07,2.53,7.35,91,51,8.0,Medium,No,Moderate,1
TXN03138,U03138,23,Other,3.14,3.87,1.49,3.87,5.3,190,168,4.68,Low,No,Mild,0
TXN03139,U03139,23,Other,4.25,2.78,0.94,4.93,6.62,79,80,5.06,Low,No,Mild,0
TXN03140,U03140,33,Female,10.52,5.02,3.12,0.68,8.57,220,49,13.26,Low,Yes,Severe,1
TXN03141,U03141,20,Female,9.1,0.65,0.52,2.13,8.4,24,49,11.47,High,No,Severe,1
TXN03142,U03142,25,Male,9.99,4.17,1.11,5.97,8.28,92,78,12.04,Low,Yes,Moderate,1
TXN03143,U03143,21,Other,10.44,2.87,2.65,2.85,6.61,166,178,11.06,Medium,No,Severe,1
TXN03144,U03144,26,Male,7.24,4.05,0.54,0.78,8.67,40,30,8.48,High,Yes,Severe,1
TXN03145,U03145,32,Other,10.62,1.45,0.07,0.97,6.96,140,136,13.08,Medium,Yes,Moderate,1
TXN03146,U03146,27,Male,4.28,2.28,2.37,5.68,5.08,87,47,5.68,Medium,No,Mild,0
TXN03147,U03147,32,Male,7.11,2.49,2.7,0.76,8.98,188,148,8.92,Medium,Yes,Mild,0
TXN03148,U03148,27,Male,7.74,2.88,0.14,4.41,5.35,78,164,10.31,High,No,Moderate,1
TXN03149,U03149,18,Female,9.82,4.88,1.14,2.32,7.6,197,165,12.25,Low,No,Severe,1
TXN03150,U03150,33,Male,3.5,2.61,2.81,4.47,5.6,170,60,5.32,Low,Yes,None,0
TXN03151,U03151,28,Other,5.79,0.95,1.68,4.16,7.4,171,89,7.32,Medium,No,None,0
TXN03152,U03152,34,Other,10.09,1.68,1.66,5.56,8.43,242,161,11.4,High,No,Severe,1
TXN03153,U03153,22,Other,9.34,0.86,2.85,2.34,6.47,78,176,10.67,High,Yes,Moderate,1
TXN03154,U03154,26,Other,7.15,3.22,2.28,1.26,7.54,149,164,8.6,Medium,No,Moderate,1
TXN03155,U03155,32,Male,8.13,4.39,2.22,3.97,8.15,223,49,8.68,High,Yes,Moderate,1
TXN03156,U03156,21,Other,9.68,1.48,3.27,4.17,7.18,121,61,10.98,Medium,No,Severe,1
TXN03157,U03157,28,Male,3.97,5.27,3.07,4.69,7.04,121,128,4.72,High,Yes,Moderate,1
TXN03158,U03158,26,Female,8.68,2.44,2.78,5.45,5.73,188,59,10.39,High,No,Severe,1
TXN03159,U03159,29,Other,9.33,1.21,1.19,3.34,8.34,108,44,10.97,High,No,Moderate,1
TXN03160,U03160,28,Other,3.58,4.09,3.46,1.91,7.91,80,98,4.66,Medium,No,Severe,1
TXN03161,U03161,32,Male,9.12,3.24,0.85,5.47,8.04,53,114,11.62,Medium,No,Severe,1
TXN03162,U03162,24,Other,8.99,0.55,2.84,3.75,7.2,85,15,10.67,Medium,Yes,Moderate,1
TXN03163,U03163,18,Other,11.6,2.77,3.76,5.95,7.18,143,82,14.59,Medium,No,Severe,1
TXN03164,U03164,26,Female,7.27,4.87,3.59,4.62,6.57,212,58,8.49,Low,No,Severe,1
TXN03165,U03165,34,Female,8.91,1.85,3.96,0.78,5.19,213,65,10.38,High,No,Moderate,1
TXN03166,U03166,28,Male,7.79,4.5,3.56,3.19,5.94,22,136,10.71,Low,Yes,Severe,1
TXN03167,U03167,34,Male,9.2,4.09,1.19,3.04,6.24,205,121,11.57,Low,Yes,Severe,1
TXN03168,U03168,26,Female,8.48,4.01,2.43,4.11,7.52,80,42,10.91,Medium,Yes,Severe,1
TXN03169,U03169,30,Male,9.28,1.91,2.32,4.69,7.12,36,176,11.29,Medium,No,Severe,1
TXN03170,U03170,18,Female,3.55,2.67,1.56,4.41,5.03,33,106,5.75,Medium,No,None,0
TXN03171,U03171,34,Male,7.16,4.58,3.84,4.42,7.42,243,91,9.76,High,Yes,Moderate,1
TXN03172,U03172,29,Female,9.89,5.41,0.78,5.63,7.78,211,176,12.87,High,Yes,Severe,1
TXN03173,U03173,23,Female,7.34,3.96,0.65,4.91,5.93,211,154,8.82,Medium,No,Mild,0
TXN03174,U03174,29,Female,5.68,3.76,2.86,0.7,4.9,66,165,8.48,Medium,Yes,Mild,0
TXN03175,U03175,35,Female,4.65,5.02,1.91,0.77,5.07,83,70,7.09,Low,Yes,Moderate,1
TXN03176,U03176,34,Female,8.15,3.09,1.05,0.61,4.79,131,154,10.76,Medium,Yes,Severe,1
TXN03177,U03177,33,Male,3.75,1.24,2.43,0.87,5.7,199,175,5.87,Low,No,Mild,0
TXN03178,U03178,33,Other,6.92,5.93,1.46,3.57,5.2,76,109,8.32,Low,No,Severe,1
TXN03179,U03179,18,Male,10.83,5.44,0.78,4.81,5.18,57,155,13.28,High,Yes,Moderate,1
TXN03180,U03180,29,Female,11.55,3.49,1.76,3.87,4.97,205,64,12.93,High,No,Severe,1
TXN03181,U03181,23,Male,6.69,4.15,3.4,3.24,6.36,193,107,7.99,Medium,Yes,Moderate,1
TXN03182,U03182,18,Female,11.31,1.18,2.2,2.44,7.58,154,154,11.93,High,No,Severe,1
TXN03183,U03183,27,Other,10.37,5.68,3.0,4.61,6.02,48,18,11.67,Low,Yes,Moderate,1
TXN03184,U03184,35,Other,11.01,5.03,1.95,3.21,8.85,84,142,12.6,High,Yes,Severe,1
TXN03185,U03185,35,Female,11.59,2.57,3.32,4.82,5.83,215,99,12.7,Low,Yes,Severe,1
TXN03186,U03186,32,Other,5.49,3.66,3.9,1.59,6.66,248,52,6.38,High,No,None,0
TXN03187,U03187,21,Female,8.55,0.91,0.0,1.7,5.81,160,178,10.3,Medium,No,Moderate,1
TXN03188,U03188,23,Other,4.04,2.09,1.28,3.98,5.64,53,121,4.61,Medium,No,None,0
TXN03189,U03189,20,Other,5.43,5.72,1.95,1.8,8.87,116,19,7.36,High,No,Moderate,1
TXN03190,U03190,35,Female,3.84,4.63,1.94,4.46,6.25,113,67,5.87,High,No,Severe,1
TXN03191,U03191,34,Female,9.73,4.26,1.39,4.1,6.13,49,77,10.51,High,No,Severe,1
TXN03192,U03192,30,Other,3.58,2.89,3.38,2.26,6.03,84,137,5.27,Medium,Yes,Mild,0
TXN03193,U03193,23,Female,3.71,1.72,1.1,3.0,6.16,228,33,6.17,High,Yes,Mild,0
TXN03194,U03194,29,Other,7.43,5.29,2.15,5.85,5.07,67,167,8.03,Low,Yes,Severe,1
TXN03195,U03195,18,Female,5.88,2.43,0.45,1.77,5.95,113,87,6.46,High,Yes,None,0
TXN03196,U03196,27,Female,11.33,2.1,0.5,4.12,8.41,46,49,12.3,Low,Yes,Moderate,1
TXN03197,U03197,28,Male,5.13,2.55,3.17,5.32,6.16,140,95,7.96,High,Yes,Mild,0
TXN03198,U03198,34,Other,4.67,4.37,2.38,5.54,6.86,163,140,7.08,Medium,No,Moderate,1
TXN03199,U03199,33,Female,11.86,3.06,3.76,1.86,7.15,140,131,12.91,High,Yes,Severe,1
TXN03200,U03200,31,Female,3.25,3.25,2.28,3.24,8.15,105,17,5.73,Low,No,Mild,0
TXN03201,U03201,19,Other,6.99,1.27,1.6,5.7,8.53,206,21,9.21,Low,No,Mild,0
TXN03202,U03202,23,Other,9.21,1.31,1.42,2.97,5.21,94,113,10.3,Medium,No,Moderate,1
TXN03203,U03203,29,Other,6.83,1.17,1.84,2.26,7.13,235,128,7.74,High,No,Mild,0
TXN03204,U03204,35,Male,7.14,0.69,2.02,3.25,4.53,104,95,9.55,High,Yes,Moderate,1
TXN03205,U03205,30,Male,6.05,3.95,0.57,3.37,8.42,114,23,8.47,High,Yes,Moderate,1
TXN03206,U03206,24,Male,10.67,2.75,1.66,1.5,8.01,156,42,11.96,High,Yes,Severe,1
TXN03207,U03207,23,Female,7.35,5.69,3.75,1.73,7.06,228,157,9.78,Low,No,Moderate,1
TXN03208,U03208,20,Male,5.0,1.07,0.97,5.29,6.42,69,159,5.59,High,No,None,0
TXN03209,U03209,31,Male,8.03,4.26,2.01,5.88,6.41,215,147,10.85,Medium,No,Moderate,1
TXN03210,U03210,35,Female,6.55,2.35,1.66,5.64,6.64,115,104,8.46,Medium,Yes,Moderate,1
TXN03211,U03211,21,Male,10.3,2.25,2.98,4.01,8.5,143,48,11.68,Low,No,Moderate,1
TXN03212,U03212,28,Male,9.2,4.92,2.13,3.88,6.76,36,21,11.27,Medium,No,Severe,1
TXN03213,U03213,24,Female,6.08,3.27,3.02,4.81,7.33,31,149,6.63,Medium,Yes,Mild,0
TXN03214,U03214,20,Other,6.33,4.84,2.94,5.65,5.86,82,44,7.85,Low,Yes,Severe,1
TXN03215,U03215,21,Male,3.77,3.99,2.52,5.83,4.9,185,87,4.31,Medium,No,Mild,0
TXN03216,U03216,19,Female,3.37,5.06,1.34,2.15,8.77,161,165,4.21,High,No,Moderate,1
TXN03217,U03217,19,Other,11.34,2.61,2.43,2.19,5.59,131,104,13.69,High,Yes,Moderate,1
TXN03218,U03218,30,Male,4.9,1.7,1.17,1.27,5.24,112,98,7.33,High,Yes,Mild,0
TXN03219,U03219,34,Other,9.57,1.8,0.26,4.7,5.84,184,62,10.72,High,No,Severe,1
TXN03220,U03220,25,Other,9.04,0.69,0.16,0.69,6.11,171,155,9.59,High,No,Severe,1
TXN03221,U03221,23,Male,10.58,1.07,0.04,3.66,4.99,132,28,12.49,High,No,Moderate,1
TXN03222,U03222,33,Male,10.42,5.74,2.0,1.14,6.29,124,151,13.2,Low,Yes,Moderate,1
TXN03223,U03223,35,Male,5.65,3.82,2.72,3.52,6.14,45,112,6.78,Medium,No,Mild,0
TXN03224,U03224,29,Male,6.95,1.11,3.46,1.7,4.99,132,118,8.93,Medium,No,Mild,0
TXN03225,U03225,29,Female,11.35,4.85,2.56,5.68,6.7,113,24,13.24,High,No,Moderate,1
TXN03226,U03226,25,Female,8.87,0.99,1.35,3.23,8.7,29,86,9.8,Low,No,Severe,1
TXN03227,U03227,20,Other,11.07,2.33,3.39,1.94,4.97,67,125,12.22,Medium,Yes,Severe,1
TXN03228,U03228,27,Female,9.56,2.53,0.35,4.2,7.08,246,44,12.15,High,No,Moderate,1
TXN03229,U03229,34,Female,7.37,2.86,0.08,1.54,6.96,69,128,8.49,Medium,No,Mild,0
TXN03230,U03230,23,Male,10.35,4.19,0.01,4.91,5.77,193,45,11.63,Medium,No,Moderate,1
TXN03231,U03231,31,Male,9.24,1.55,0.77,1.35,6.09,118,37,11.13,Low,No,Moderate,1
TXN03232,U03232,24,Male,7.8,5.66,3.45,2.48,4.83,22,162,9.97,Medium,Yes,Severe,1
TXN03233,U03233,33,Male,6.05,2.52,3.61,3.27,4.78,90,180,8.74,Low,Yes,Moderate,1
TXN03234,U03234,33,Male,3.65,2.65,0.82,0.68,7.49,188,173,4.68,High,Yes,None,0
TXN03235,U03235,31,Other,7.23,2.98,0.98,5.33,5.06,134,124,8.83,Medium,No,Mild,0
TXN03236,U03236,27,Male,9.86,3.46,1.79,4.39,7.89,169,53,12.8,Medium,No,Moderate,1
TXN03237,U03237,24,Male,6.75,2.41,3.54,1.36,8.4,206,118,8.27,Medium,Yes,Moderate,1
TXN03238,U03238,30,Female,8.84,5.44,2.58,1.65,5.34,68,34,10.33,High,Yes,Moderate,1
TXN03239,U03239,32,Other,8.37,2.38,1.21,5.53,7.0,156,71,9.34,Low,No,Moderate,1
TXN03240,U03240,18,Male,3.95,2.72,2.16,0.56,5.62,54,152,4.6,Low,Yes,Mild,0
TXN03241,U03241,20,Female,3.99,2.02,3.54,5.42,7.04,159,39,5.39,Low,No,None,0
TXN03242,U03242,20,Male,3.19,2.58,1.71,3.25,8.31,80,112,4.57,Medium,No,None,0
TXN03243,U03243,31,Other,11.22,4.09,3.24,2.21,8.78,161,178,13.23,Low,No,Moderate,1
TXN03244,U03244,35,Male,11.94,1.31,3.83,2.84,7.39,222,77,13.28,Medium,Yes,Moderate,1
TXN03245,U03245,34,Other,5.6,0.93,3.47,5.14,8.51,147,19,7.09,High,Yes,None,0
TXN03246,U03246,33,Female,8.78,1.51,3.82,3.42,6.38,115,27,11.73,Low,No,Moderate,1
TXN03247,U03247,35,Female,11.37,4.2,0.66,2.1,6.49,77,135,14.33,Low,No,Moderate,1
TXN03248,U03248,24,Female,8.21,1.57,0.04,5.42,5.2,33,102,10.82,High,No,Moderate,1
TXN03249,U03249,19,Male,7.34,3.98,3.94,5.65,6.72,151,98,10.07,Medium,Yes,Mild,0
TXN03250,U03250,23,Female,7.16,3.43,3.56,5.67,5.19,220,68,8.09,High,No,Mild,0
TXN03251,U03251,26,Other,3.33,2.13,2.68,4.22,6.98,236,90,5.05,Medium,No,None,0
TXN03252,U03252,20,Female,7.55,2.71,1.25,3.8,6.55,33,29,9.24,High,Yes,Moderate,1
TXN03253,U03253,24,Female,6.6,5.93,3.34,1.83,8.29,112,178,8.72,High,Yes,Severe,1
TXN03254,U03254,35,Female,5.2,3.21,0.15,5.31,6.75,138,23,7.24,Low,Yes,None,0
TXN03255,U03255,22,Male,3.85,5.33,3.17,4.71,8.96,200,143,4.36,Low,Yes,Moderate,1
TXN03256,U03256,29,Female,9.06,3.69,1.06,1.14,4.88,123,22,9.79,High,Yes,Moderate,1
TXN03257,U03257,23,Female,3.06,5.65,0.67,1.46,8.87,33,160,4.08,Medium,No,Moderate,1
TXN03258,U03258,30,Male,10.54,1.75,0.47,1.02,4.74,160,54,11.52,Low,Yes,Severe,1
TXN03259,U03259,32,Other,4.09,4.87,1.18,3.06,7.82,31,100,6.5,High,No,Moderate,1
TXN03260,U03260,20,Female,8.38,4.4,0.02,5.07,8.16,125,127,10.87,Low,No,Moderate,1
TXN03261,U03261,25,Other,6.28,2.53,1.89,2.88,6.13,87,43,7.38,Low,Yes,Mild,0
TXN03262,U03262,30,Female,7.31,1.04,1.59,2.3,6.41,63,90,9.26,Low,No,Moderate,1
TXN03263,U03263,32,Other,5.59,4.15,2.32,2.52,4.88,106,64,6.47,High,No,Severe,1
TXN03264,U03264,29,Other,4.47,5.92,1.26,3.06,8.61,179,149,6.46,High,Yes,Severe,1
TXN03265,U03265,35,Male,10.76,1.04,3.88,2.24,8.81,43,32,11.91,High,No,Moderate,1
TXN03266,U03266,27,Male,9.32,3.25,3.98,5.38,8.85,132,70,10.01,High,Yes,Severe,1
TXN03267,U03267,33,Other,11.06,5.37,1.05,3.65,8.65,194,119,12.57,Medium,No,Severe,1
TXN03268,U03268,19,Male,7.88,3.12,3.26,1.56,4.53,51,38,10.71,Medium,Yes,Moderate,1
TXN03269,U03269,30,Male,3.94,4.08,0.15,1.07,5.07,74,151,4.99,Low,Yes,Severe,1
TXN03270,U03270,18,Female,11.44,5.81,1.88,2.59,8.8,128,81,11.97,Low,Yes,Severe,1
TXN03271,U03271,22,Female,10.03,4.48,2.84,5.3,6.99,58,89,10.72,Medium,No,Moderate,1
TXN03272,U03272,23,Male,5.73,4.13,3.95,0.88,5.05,244,136,7.02,Medium,No,Severe,1
TXN03273,U03273,26,Other,11.19,3.4,0.51,5.74,4.78,128,90,12.01,Low,Yes,Severe,1
TXN03274,U03274,26,Female,6.6,1.73,3.23,5.68,8.14,45,175,8.85,High,Yes,Mild,0
TXN03275,U03275,31,Female,6.52,1.31,3.38,3.22,6.41,103,63,8.92,Low,Yes,Moderate,1
TXN03276,U03276,28,Other,3.09,0.69,1.29,5.02,4.97,196,69,4.78,High,Yes,None,0
TXN03277,U03277,27,Other,8.77,4.59,3.16,3.98,7.91,23,142,10.63,High,Yes,Severe,1
TXN03278,U03278,31,Other,8.19,4.26,1.28,4.61,4.74,162,149,9.26,Low,No,Moderate,1
TXN03279,U03279,28,Male,8.71,5.82,2.55,3.19,8.27,81,75,9.88,Low,No,Severe,1
TXN03280,U03280,31,Male,9.83,3.13,0.38,2.85,7.97,59,107,12.42,Low,No,Severe,1
TXN03281,U03281,26,Other,11.85,4.87,0.86,0.6,8.6,49,147,13.17,Medium,No,Severe,1
TXN03282,U03282,18,Other,9.64,2.47,2.26,2.3,8.05,110,23,11.64,Medium,Yes,Moderate,1
TXN03283,U03283,26,Female,7.02,1.34,1.59,0.77,8.76,209,170,9.03,Low,No,Mild,0
TXN03284,U03284,21,Other,3.81,2.4,1.08,4.97,7.74,250,177,6.38,Medium,Yes,Mild,0
TXN03285,U03285,18,Female,7.59,3.43,2.94,4.11,6.27,224,66,8.31,Low,Yes,Mild,0
TXN03286,U03286,28,Male,8.42,5.33,0.59,5.04,5.22,81,35,9.38,Medium,No,Severe,1
TXN03287,U03287,29,Female,3.02,4.3,3.33,3.36,6.05,213,124,3.83,Low,No,Moderate,1
TXN03288,U03288,20,Male,4.71,4.85,1.99,4.4,5.35,71,95,6.84,Low,No,Severe,1
TXN03289,U03289,21,Female,9.09,2.2,0.6,3.85,5.33,132,167,10.19,Medium,No,Moderate,1
TXN03290,U03290,34,Other,7.1,3.9,2.47,1.29,4.73,240,99,10.09,Low,No,Mild,0
TXN03291,U03291,18,Female,10.77,3.66,1.44,5.17,7.58,145,141,12.79,High,Yes,Severe,1
TXN03292,U03292,23,Other,7.4,3.03,1.39,1.32,6.84,180,40,8.96,High,Yes,Mild,0
TXN03293,U03293,22,Male,3.77,2.26,0.41,5.38,4.83,187,68,4.4,Low,No,Mild,0
TXN03294,U03294,29,Male,11.51,4.22,0.71,1.93,8.88,91,149,14.09,Medium,Yes,Moderate,1
TXN03295,U03295,22,Other,10.4,1.19,0.91,1.44,4.65,143,78,12.21,Medium,No,Moderate,1
TXN03296,U03296,27,Other,4.86,5.07,0.42,3.14,8.93,110,158,7.55,High,Yes,Severe,1
TXN03297,U03297,23,Female,4.12,5.72,0.45,4.99,7.83,67,50,5.56,Low,Yes,Moderate,1
TXN03298,U03298,20,Female,6.35,3.94,0.3,2.97,6.95,89,168,8.21,Low,Yes,Mild,0
TXN03299,U03299,26,Female,11.86,2.91,2.96,1.77,5.05,77,68,13.47,High,No,Severe,1
TXN03300,U03300,23,Other,5.76,2.51,1.23,2.92,6.7,23,18,7.06,Low,No,Mild,0
TXN03301,U03301,34,Other,7.67,5.2,3.67,3.53,4.96,51,145,8.24,High,Yes,Moderate,1
TXN03302,U03302,28,Male,3.52,5.62,2.92,3.44,6.71,171,156,5.93,Medium,No,Severe,1
TXN03303,U03303,32,Female,3.63,2.54,3.08,1.05,8.48,226,75,4.67,Low,No,None,0
TXN03304,U03304,31,Other,6.74,5.4,0.24,5.4,7.64,74,74,7.47,High,Yes,Severe,1
TXN03305,U03305,20,Female,11.99,5.94,2.36,2.35,5.49,172,77,13.72,High,Yes,Moderate,1
TXN03306,U03306,19,Female,5.07,3.21,0.31,3.07,7.98,75,139,7.0,High,Yes,None,0
TXN03307,U03307,21,Female,10.3,3.69,3.52,5.43,5.79,114,147,11.12,Medium,Yes,Moderate,1
TXN03308,U03308,23,Female,10.45,2.97,2.77,1.2,6.44,89,137,11.56,Medium,No,Moderate,1
TXN03309,U03309,28,Female,10.51,3.67,2.42,2.34,8.51,118,127,12.57,Low,Yes,Moderate,1
TXN03310,U03310,23,Male,11.16,4.61,0.14,2.4,6.97,189,169,11.72,Low,No,Severe,1
TXN03311,U03311,35,Other,3.89,3.82,3.21,5.82,6.36,240,82,5.08,Medium,No,Mild,0
TXN03312,U03312,35,Female,10.02,5.03,1.79,2.12,5.33,100,81,10.66,High,No,Moderate,1
TXN03313,U03313,28,Male,6.78,4.89,1.12,3.6,5.28,49,115,8.89,Medium,Yes,Moderate,1
TXN03314,U03314,20,Other,5.02,1.92,2.51,2.17,4.65,208,176,6.87,Medium,No,None,0
TXN03315,U03315,20,Male,10.59,4.81,1.09,2.88,5.89,85,16,13.53,Low,Yes,Severe,1
TXN03316,U03316,18,Male,5.64,2.77,3.4,1.89,6.58,155,69,6.88,High,No,Mild,0
TXN03317,U03317,29,Male,6.66,2.05,3.58,3.7,5.14,92,116,8.22,Medium,No,Moderate,1
TXN03318,U03318,20,Female,11.7,3.42,2.79,3.81,7.82,42,144,12.48,High,Yes,Severe,1
TXN03319,U03319,23,Female,9.13,2.55,2.23,1.15,7.05,174,20,10.4,Low,No,Moderate,1
TXN03320,U03320,20,Male,9.98,1.91,2.53,4.26,6.66,225,138,12.62,High,No,Moderate,1
TXN03321,U03321,19,Female,9.22,5.41,3.11,1.36,5.61,169,132,10.73,Low,Yes,Severe,1
TXN03322,U03322,30,Other,3.9,3.3,3.68,2.03,7.17,92,108,6.3,High,Yes,Mild,0
TXN03323,U03323,27,Female,3.76,4.15,0.91,3.3,7.98,241,37,6.4,Low,No,Moderate,1
TXN03324,U03324,26,Other,9.91,5.63,2.38,4.41,8.02,137,98,12.86,Low,No,Severe,1
TXN03325,U03325,27,Other,3.18,0.53,2.64,2.61,8.33,241,154,4.32,Medium,Yes,None,0
TXN03326,U03326,27,Female,8.04,5.14,2.01,3.58,7.4,142,77,9.74,High,No,Severe,1
TXN03327,U03327,33,Female,11.33,2.99,0.18,1.87,8.35,109,43,13.24,High,No,Moderate,1
TXN03328,U03328,22,Other,10.62,3.64,1.23,2.89,6.56,128,117,13.0,High,Yes,Moderate,1
TXN03329,U03329,24,Male,11.05,1.4,3.35,1.19,7.1,186,171,12.08,Medium,No,Severe,1
TXN03330,U03330,34,Female,10.14,2.81,3.43,2.25,5.03,180,110,12.75,Medium,Yes,Severe,1
TXN03331,U03331,19,Male,8.95,5.21,3.14,3.13,6.67,231,43,10.13,Medium,No,Severe,1
TXN03332,U03332,22,Female,11.72,5.98,3.0,4.33,6.12,92,80,13.76,Low,No,Severe,1
TXN03333,U03333,22,Female,6.33,5.96,0.87,1.92,8.58,211,155,7.5,Medium,No,Severe,1
TXN03334,U03334,31,Other,4.89,5.05,2.76,5.84,4.51,105,21,7.89,Medium,Yes,Moderate,1
TXN03335,U03335,32,Male,4.44,5.61,1.88,3.4,7.68,218,51,6.13,High,No,Severe,1
TXN03336,U03336,35,Other,8.23,2.0,3.75,1.37,8.47,129,118,8.79,Medium,No,Moderate,1
TXN03337,U03337,23,Male,10.0,2.89,3.5,1.95,5.28,217,168,12.91,Medium,Yes,Severe,1
TXN03338,U03338,19,Female,11.64,3.82,1.59,1.06,6.1,142,141,14.32,Medium,No,Moderate,1
TXN03339,U03339,33,Female,3.96,5.97,2.26,0.86,5.0,69,124,5.91,Low,No,Moderate,1
TXN03340,U03340,23,Male,6.1,1.05,2.43,2.42,7.26,155,30,7.8,High,Yes,Mild,0
TXN03341,U03341,33,Male,9.03,0.62,0.25,1.69,8.32,98,163,9.58,Low,No,Severe,1
TXN03342,U03342,23,Other,10.48,2.88,3.44,1.47,8.01,179,87,11.22,Low,Yes,Severe,1
TXN03343,U03343,29,Male,11.17,3.87,0.47,4.32,7.08,96,122,13.92,Low,Yes,Moderate,1
TXN03344,U03344,35,Male,4.4,3.04,2.4,1.02,6.46,111,166,5.77,Low,Yes,None,0
TXN03345,U03345,25,Male,8.07,5.48,3.93,5.96,7.21,118,125,10.27,High,No,Moderate,1
TXN03346,U03346,27,Male,10.44,3.57,0.83,3.15,8.46,193,88,13.16,High,No,Severe,1
TXN03347,U03347,33,Female,9.48,1.83,2.51,3.96,5.96,208,77,10.0,High,Yes,Severe,1
TXN03348,U03348,22,Male,9.15,0.94,1.82,1.62,4.84,60,106,9.77,Medium,No,Moderate,1
TXN03349,U03349,31,Other,6.99,3.83,1.11,5.13,7.35,192,145,8.11,Medium,Yes,Moderate,1
TXN03350,U03350,32,Other,9.86,3.18,3.54,4.54,8.46,154,160,12.44,High,Yes,Moderate,1
TXN03351,U03351,31,Other,6.98,3.29,1.92,3.24,6.92,177,36,7.61,Low,No,Moderate,1
TXN03352,U03352,23,Male,8.37,5.26,3.83,2.59,5.32,211,87,9.12,Medium,No,Moderate,1
TXN03353,U03353,34,Other,3.45,0.6,0.08,0.93,8.53,137,41,5.37,Low,No,None,0
TXN03354,U03354,25,Male,7.11,5.94,0.72,2.5,6.88,45,89,9.16,Low,No,Severe,1
TXN03355,U03355,20,Male,8.24,2.54,3.61,4.14,4.64,49,97,10.02,Medium,No,Severe,1
TXN03356,U03356,20,Female,10.31,3.12,2.78,4.48,7.72,190,133,11.5,Low,Yes,Severe,1
TXN03357,U03357,31,Other,11.56,4.91,4.0,0.54,8.75,200,128,12.59,Low,Yes,Severe,1
TXN03358,U03358,19,Other,3.75,5.37,0.02,4.13,8.75,164,58,5.28,Low,Yes,Moderate,1
TXN03359,U03359,26,Other,3.14,0.5,0.31,3.38,6.01,236,166,4.71,Medium,Yes,None,0
TXN03360,U03360,28,Male,10.7,5.87,1.08,2.38,7.75,233,85,13.27,Low,Yes,Moderate,1
TXN03361,U03361,27,Male,6.05,0.96,1.26,1.83,4.82,48,161,8.91,High,No,Mild,0
TXN03362,U03362,33,Male,6.66,4.79,3.2,4.37,5.73,213,141,9.65,High,No,Severe,1
TXN03363,U03363,28,Female,5.31,3.26,3.56,2.57,5.93,109,17,7.9,Low,Yes,Mild,0
TXN03364,U03364,26,Male,9.81,2.63,3.51,4.15,7.62,126,43,12.26,Medium,No,Severe,1
TXN03365,U03365,34,Other,4.43,4.77,0.44,1.14,7.03,231,39,5.89,Medium,Yes,Moderate,1
TXN03366,U03366,33,Female,9.04,5.25,1.42,3.2,7.0,122,140,11.39,Medium,No,Moderate,1
TXN03367,U03367,26,Other,9.61,1.0,1.2,5.91,7.86,179,81,12.02,High,No,Severe,1
TXN03368,U03368,18,Female,7.77,0.83,1.39,0.74,5.98,51,73,9.37,High,No,Mild,0
TXN03369,U03369,34,Male,5.27,3.9,3.98,0.74,5.14,36,120,7.58,High,Yes,Mild,0
TXN03370,U03370,18,Female,7.01,2.6,2.16,2.92,4.55,129,151,7.7,Medium,Yes,Moderate,1
TXN03371,U03371,33,Female,4.39,5.63,2.38,4.08,6.6,125,41,6.6,Medium,No,Moderate,1
TXN03372,U03372,20,Female,5.9,0.66,1.98,0.58,7.6,242,132,7.27,Low,Yes,None,0
TXN03373,U03373,33,Female,7.98,1.48,1.14,2.52,6.55,46,150,10.04,Medium,No,Mild,0
TXN03374,U03374,31,Male,7.39,4.28,2.42,1.38,8.22,161,74,8.64,Low,No,Moderate,1
TXN03375,U03375,22,Other,4.0,1.37,3.81,4.6,7.3,156,71,4.99,Medium,No,None,0
TXN03376,U03376,21,Male,4.54,4.74,1.38,3.71,5.7,93,134,6.61,Medium,Yes,Moderate,1
TXN03377,U03377,23,Female,6.08,2.73,0.52,3.43,6.37,210,18,8.73,High,Yes,Mild,0
TXN03378,U03378,33,Male,10.41,0.71,0.28,2.72,7.42,203,27,12.75,Medium,Yes,Severe,1
TXN03379,U03379,25,Other,11.11,5.6,2.48,5.37,7.3,101,46,12.59,Medium,Yes,Severe,1
TXN03380,U03380,31,Male,4.37,3.65,3.5,5.83,6.94,121,64,5.83,Low,Yes,Mild,0
TXN03381,U03381,30,Other,7.62,1.53,0.58,0.83,5.17,103,85,9.02,High,Yes,Moderate,1
TXN03382,U03382,26,Male,3.17,2.92,3.2,3.05,5.42,186,158,4.92,Low,Yes,Mild,0
TXN03383,U03383,19,Male,11.84,4.02,1.75,2.27,5.82,93,76,14.47,High,Yes,Moderate,1
TXN03384,U03384,26,Female,6.88,1.74,3.25,5.1,7.72,20,151,8.9,High,No,Mild,0
TXN03385,U03385,26,Other,8.09,5.17,0.98,2.55,8.09,92,87,9.76,High,Yes,Severe,1
TXN03386,U03386,35,Female,10.39,0.82,1.88,1.2,7.45,167,21,11.29,Medium,No,Severe,1
TXN03387,U03387,21,Female,11.98,0.52,3.78,0.76,8.65,223,27,14.72,Low,No,Severe,1
TXN03388,U03388,27,Male,7.34,5.47,2.03,0.5,5.77,144,93,7.9,Low,Yes,Severe,1
TXN03389,U03389,32,Male,4.47,2.23,0.74,2.54,5.13,157,107,5.15,Medium,Yes,None,0
TXN03390,U03390,28,Other,4.41,3.07,0.37,2.91,6.8,192,103,4.94,Medium,Yes,None,0
TXN03391,U03391,21,Female,10.9,3.99,0.35,0.63,7.87,230,89,11.65,Low,Yes,Severe,1
TXN03392,U03392,19,Other,11.8,4.54,1.49,2.32,7.11,234,69,12.84,Low,No,Severe,1
TXN03393,U03393,22,Other,10.06,2.6,2.29,5.55,5.69,77,145,11.72,High,Yes,Moderate,1
TXN03394,U03394,22,Male,9.07,1.48,0.81,0.77,8.9,113,120,10.07,Low,No,Moderate,1
TXN03395,U03395,27,Female,10.46,5.16,0.81,1.63,8.3,177,37,11.3,Medium,Yes,Moderate,1
TXN03396,U03396,30,Female,8.21,5.28,1.72,1.64,6.42,193,64,8.92,Medium,No,Severe,1
TXN03397,U03397,31,Other,7.97,1.15,0.13,3.49,5.94,47,90,9.42,Low,Yes,Moderate,1
TXN03398,U03398,35,Male,8.21,5.33,3.12,1.82,7.53,31,47,9.21,Medium,Yes,Moderate,1
TXN03399,U03399,25,Male,9.22,3.39,3.04,1.07,7.06,21,52,10.53,High,Yes,Severe,1
TXN03400,U03400,26,Other,3.05,4.78,0.98,5.09,8.63,117,124,4.84,Medium,Yes,Severe,1
TXN03401,U03401,22,Male,6.5,4.56,1.86,3.12,6.78,127,124,7.51,High,Yes,Severe,1
TXN03402,U03402,33,Male,4.74,0.82,2.22,3.39,8.82,71,63,7.45,Low,No,None,0
TXN03403,U03403,35,Female,4.53,3.05,0.2,4.28,6.13,154,116,5.38,Low,No,None,0
TXN03404,U03404,32,Female,7.75,5.92,0.7,4.07,4.81,128,154,10.62,Medium,Yes,Moderate,1
TXN03405,U03405,30,Male,10.68,3.27,3.63,0.85,8.58,144,165,11.3,High,Yes,Severe,1
TXN03406,U03406,35,Other,9.05,2.58,2.01,0.63,6.96,39,130,11.04,Low,No,Moderate,1
TXN03407,U03407,32,Female,11.94,2.94,0.87,0.73,4.78,74,82,13.84,Low,No,Severe,1
TXN03408,U03408,34,Other,11.87,3.53,0.18,5.01,8.75,249,151,12.99,Medium,No,Severe,1
TXN03409,U03409,30,Other,11.26,3.02,2.94,1.25,4.77,45,70,11.94,High,Yes,Severe,1
TXN03410,U03410,31,Other,9.73,2.78,0.22,5.57,7.23,167,136,11.82,Medium,Yes,Moderate,1
TXN03411,U03411,33,Male,9.52,0.55,2.81,2.95,5.28,184,100,11.79,Low,No,Moderate,1
TXN03412,U03412,31,Male,9.61,5.31,2.11,0.63,8.97,40,100,12.08,Medium,No,Moderate,1
TXN03413,U03413,32,Other,4.8,0.93,3.27,5.85,5.04,142,101,6.27,Low,No,Mild,0
TXN03414,U03414,26,Female,11.69,1.89,0.79,1.11,8.89,60,130,12.76,Low,No,Severe,1
TXN03415,U03415,31,Female,4.21,3.4,3.3,5.57,6.48,90,117,5.34,Low,Yes,Mild,0
TXN03416,U03416,32,Female,5.65,5.84,0.56,3.8,7.64,150,96,8.26,Medium,Yes,Severe,1
TXN03417,U03417,27,Other,4.35,2.34,3.15,2.71,5.29,65,161,6.37,Medium,Yes,None,0
TXN03418,U03418,31,Other,7.25,1.99,1.73,0.63,5.91,218,81,8.01,High,Yes,Moderate,1
TXN03419,U03419,25,Male,8.01,4.19,2.1,5.94,7.27,225,66,10.6,High,No,Moderate,1
TXN03420,U03420,29,Female,8.82,1.89,2.6,4.57,5.34,125,125,11.78,Low,Yes,Severe,1
TXN03421,U03421,29,Male,7.48,4.03,0.21,5.53,5.4,186,35,9.75,High,Yes,Severe,1
TXN03422,U03422,33,Other,5.09,2.51,2.59,0.67,7.78,58,124,6.62,Medium,No,None,0
TXN03423,U03423,31,Female,3.68,3.83,0.15,5.49,4.88,32,167,4.45,Medium,No,Mild,0
TXN03424,U03424,28,Other,11.48,5.65,0.99,0.8,6.64,152,83,14.12,Low,No,Severe,1
TXN03425,U03425,23,Female,10.24,0.52,2.59,1.49,7.71,107,155,12.17,Medium,Yes,Moderate,1
TXN03426,U03426,24,Male,4.42,2.76,1.59,5.02,8.55,165,42,5.03,Medium,Yes,Mild,0
TXN03427,U03427,21,Male,10.32,1.01,2.68,1.89,7.38,111,23,13.2,Medium,No,Moderate,1
TXN03428,U03428,32,Female,11.95,5.49,1.03,2.21,7.09,98,120,13.3,Medium,No,Moderate,1
TXN03429,U03429,24,Other,5.56,5.39,2.69,1.95,4.87,125,18,6.45,Medium,No,Moderate,1
TXN03430,U03430,35,Other,7.84,3.24,1.44,4.02,7.02,101,159,10.67,Low,Yes,Moderate,1
TXN03431,U03431,20,Female,9.06,5.35,0.65,4.84,6.88,220,57,11.47,Low,Yes,Severe,1
TXN03432,U03432,25,Male,3.18,4.12,2.51,5.98,7.21,146,132,5.44,Medium,No,Moderate,1
TXN03433,U03433,22,Female,8.34,2.2,2.72,3.39,8.77,147,179,10.67,High,Yes,Severe,1
TXN03434,U03434,32,Male,4.17,4.0,3.06,4.46,8.61,143,53,6.64,High,Yes,Mild,0
TXN03435,U03435,18,Other,6.69,3.95,3.17,5.29,4.6,172,161,8.3,Medium,No,Mild,0
TXN03436,U03436,34,Male,4.49,3.63,0.26,4.0,5.09,52,143,5.31,Medium,No,Mild,0
TXN03437,U03437,23,Female,5.56,3.76,0.01,4.04,6.61,166,160,6.28,High,No,None,0
TXN03438,U03438,29,Other,11.03,2.43,0.47,1.31,7.97,93,67,13.83,Medium,Yes,Severe,1
TXN03439,U03439,18,Female,7.63,0.61,3.41,1.69,8.73,81,166,8.95,High,No,Mild,0
TXN03440,U03440,32,Other,7.86,4.81,3.67,5.21,7.29,210,135,8.88,High,Yes,Moderate,1
TXN03441,U03441,23,Other,3.66,1.05,0.29,2.66,7.37,44,145,4.36,Medium,No,Mild,0
TXN03442,U03442,34,Other,8.25,4.72,2.54,3.01,6.69,114,22,9.86,High,No,Moderate,1
TXN03443,U03443,30,Male,11.39,2.62,0.87,2.94,5.31,85,66,12.22,Medium,No,Moderate,1
TXN03444,U03444,33,Other,8.46,0.79,2.95,0.72,6.81,222,179,9.56,High,No,Severe,1
TXN03445,U03445,28,Female,4.47,5.84,0.76,3.74,6.46,233,64,5.94,Low,No,Severe,1
TXN03446,U03446,26,Female,3.97,4.23,2.34,4.2,8.92,112,130,6.9,High,Yes,Moderate,1
TXN03447,U03447,22,Other,9.68,0.6,1.68,5.55,4.97,174,162,10.96,Medium,No,Severe,1
TXN03448,U03448,33,Other,11.62,2.49,1.33,1.73,8.83,38,180,13.23,Low,Yes,Moderate,1
TXN03449,U03449,27,Male,10.36,2.31,1.53,0.85,8.24,211,39,13.01,Medium,No,Moderate,1
TXN03450,U03450,21,Male,10.22,4.91,3.14,1.44,6.88,98,171,12.65,Medium,No,Moderate,1
TXN03451,U03451,29,Male,4.09,1.19,1.3,3.32,7.43,243,122,5.07,High,Yes,Mild,0
TXN03452,U03452,33,Female,10.51,2.61,2.39,1.44,7.0,182,162,13.28,High,Yes,Severe,1
TXN03453,U03453,30,Male,9.97,1.48,3.64,4.22,6.64,69,37,10.66,Medium,Yes,Severe,1
TXN03454,U03454,35,Other,7.43,5.23,0.11,2.29,7.21,207,39,8.71,High,No,Severe,1
TXN03455,U03455,26,Other,10.28,4.9,2.37,3.6,7.47,100,162,13.21,High,No,Moderate,1
TXN03456,U03456,26,Female,9.02,3.54,0.03,3.66,8.69,232,51,11.44,Medium,Yes,Severe,1
TXN03457,U03457,25,Other,8.99,2.78,1.33,4.06,4.76,192,43,11.73,Low,No,Moderate,1
TXN03458,U03458,21,Other,10.11,5.66,0.36,3.42,6.54,24,137,11.5,Low,No,Severe,1
TXN03459,U03459,29,Other,6.73,5.73,0.31,2.75,6.31,137,111,9.22,Low,No,Moderate,1
TXN03460,U03460,26,Female,5.11,5.97,3.07,0.51,5.33,187,110,6.47,Medium,No,Severe,1
TXN03461,U03461,31,Female,10.6,5.15,3.35,2.67,7.86,245,64,12.91,High,No,Severe,1
TXN03462,U03462,20,Other,9.88,2.36,1.73,2.28,4.59,212,53,10.98,Low,No,Severe,1
TXN03463,U03463,23,Male,4.06,4.37,2.55,5.25,8.27,234,111,6.94,Medium,Yes,Severe,1
TXN03464,U03464,18,Male,5.9,4.77,3.49,1.41,7.18,145,150,6.58,Medium,Yes,Moderate,1
TXN03465,U03465,30,Female,4.0,5.27,1.92,5.22,4.73,121,46,5.49,Low,Yes,Severe,1
TXN03466,U03466,19,Other,5.98,0.82,0.47,3.03,8.28,183,135,7.59,Medium,Yes,None,0
TXN03467,U03467,27,Other,6.71,0.68,3.72,2.63,4.72,138,84,8.75,Low,Yes,Mild,0
TXN03468,U03468,34,Male,4.97,3.32,3.0,3.48,5.9,140,130,7.59,High,Yes,Mild,0
TXN03469,U03469,32,Male,6.13,2.72,2.12,2.65,7.59,65,129,9.1,High,Yes,Mild,0
TXN03470,U03470,19,Female,8.13,2.92,3.6,1.92,8.16,171,105,8.67,Low,Yes,Severe,1
TXN03471,U03471,22,Female,9.54,0.98,3.34,2.6,7.94,153,31,10.73,High,Yes,Moderate,1
TXN03472,U03472,30,Other,5.78,3.85,3.32,4.88,8.16,184,76,7.4,Medium,No,None,0
TXN03473,U03473,26,Male,9.03,1.42,3.24,1.69,4.98,165,119,11.13,Medium,Yes,Moderate,1
TXN03474,U03474,20,Female,6.28,3.32,0.3,1.83,8.13,225,20,6.85,Medium,Yes,Moderate,1
TXN03475,U03475,27,Female,5.53,1.94,3.08,4.25,6.96,104,40,7.54,Low,No,None,0
TXN03476,U03476,35,Other,8.08,1.01,3.46,3.94,4.83,195,56,9.67,High,Yes,Moderate,1
TXN03477,U03477,34,Female,10.6,2.84,2.71,4.02,8.22,153,33,13.33,Medium,No,Moderate,1
TXN03478,U03478,31,Male,10.84,2.64,0.41,4.68,7.58,233,170,12.04,Low,No,Severe,1
TXN03479,U03479,35,Other,11.72,2.38,2.08,5.88,6.99,91,17,12.86,High,No,Severe,1
TXN03480,U03480,28,Female,9.31,1.47,3.99,0.68,4.76,41,108,9.97,High,No,Moderate,1
TXN03481,U03481,29,Other,8.31,3.85,0.71,1.34,5.9,97,177,11.13,Medium,No,Moderate,1
TXN03482,U03482,26,Male,8.31,5.14,3.46,5.63,5.32,112,34,10.31,Low,Yes,Moderate,1
TXN03483,U03483,30,Other,5.09,1.94,2.49,1.24,5.15,212,139,7.33,Medium,Yes,Mild,0
TXN03484,U03484,27,Other,10.65,1.41,2.02,1.79,7.46,112,109,11.81,High,No,Severe,1
TXN03485,U03485,23,Male,3.82,3.37,0.02,1.16,7.42,106,137,5.33,Medium,Yes,Mild,0
TXN03486,U03486,24,Male,8.6,4.7,1.45,2.53,8.89,60,67,10.28,Low,Yes,Severe,1
TXN03487,U03487,21,Other,7.17,5.43,3.26,1.32,8.91,76,52,8.37,Medium,Yes,Moderate,1
TXN03488,U03488,24,Female,8.12,4.89,1.93,3.67,6.45,131,57,10.0,Medium,Yes,Moderate,1
TXN03489,U03489,18,Male,3.11,4.4,3.43,2.29,5.97,153,26,6.11,Medium,Yes,Severe,1
TXN03490,U03490,33,Male,10.72,3.48,2.08,1.53,7.81,153,127,13.09,High,Yes,Severe,1
TXN03491,U03491,31,Female,10.89,1.36,2.56,5.28,8.78,205,70,12.34,High,Yes,Severe,1
TXN03492,U03492,35,Male,4.2,4.22,1.67,4.66,8.72,190,36,7.13,Medium,No,Moderate,1
TXN03493,U03493,20,Female,6.33,5.18,2.54,2.97,4.61,218,70,8.92,Low,No,Severe,1
TXN03494,U03494,28,Other,9.81,5.18,2.18,4.33,6.4,208,139,10.53,Medium,No,Moderate,1
TXN03495,U03495,18,Other,10.76,4.3,3.4,1.86,5.33,169,155,13.11,Low,Yes,Moderate,1
TXN03496,U03496,25,Female,11.86,5.28,1.56,5.05,6.54,211,108,14.47,High,No,Severe,1
TXN03497,U03497,27,Female,5.99,1.37,1.31,2.61,8.73,59,18,7.84,High,Yes,Mild,0
TXN03498,U03498,26,Male,9.09,4.9,0.53,3.61,7.8,51,68,10.88,Medium,Yes,Severe,1
TXN03499,U03499,31,Other,8.13,4.89,0.81,3.79,6.03,29,113,10.28,High,Yes,Moderate,1
TXN03500,U03500,22,Male,3.64,1.3,2.33,6.0,6.2,98,62,5.35,Medium,No,None,0
TXN03501,U03501,25,Other,6.79,1.55,0.05,2.57,6.0,186,121,9.57,Medium,Yes,Moderate,1
TXN03502,U03502,27,Other,3.66,1.68,0.67,3.41,7.27,192,15,5.85,High,No,None,0
TXN03503,U03503,20,Other,3.83,5.43,1.84,2.05,7.85,72,117,4.39,Medium,Yes,Severe,1
TXN03504,U03504,34,Female,5.58,4.8,1.09,4.91,6.7,219,43,8.18,Low,No,Severe,1
TXN03505,U03505,31,Male,4.91,3.57,3.81,4.77,4.83,170,34,7.12,High,Yes,Mild,0
TXN03506,U03506,34,Male,11.03,4.34,0.19,3.75,6.61,144,99,13.93,Medium,No,Moderate,1
TXN03507,U03507,35,Male,4.09,4.68,0.13,4.96,8.32,140,86,5.75,High,Yes,Moderate,1
TXN03508,U03508,21,Male,4.44,2.63,2.48,2.92,6.24,75,29,5.27,Low,Yes,None,0
TXN03509,U03509,33,Other,7.75,2.96,3.0,2.2,7.66,242,50,9.48,Medium,Yes,Mild,0
TXN03510,U03510,28,Male,8.5,1.42,1.66,0.63,5.68,117,103,9.33,Medium,Yes,Severe,1
TXN03511,U03511,35,Male,10.99,1.07,2.3,1.74,8.7,24,32,12.64,High,Yes,Severe,1
TXN03512,U03512,25,Other,6.57,4.0,0.62,3.49,4.58,75,129,9.46,Low,Yes,Mild,0
TXN03513,U03513,27,Male,3.04,5.26,3.02,2.63,6.24,241,75,5.58,Low,No,Severe,1
TXN03514,U03514,33,Male,4.41,3.98,1.13,0.77,7.71,161,16,5.99,Low,No,None,0
TXN03515,U03515,24,Male,6.26,1.12,1.61,1.53,5.09,37,24,7.54,High,No,Moderate,1
TXN03516,U03516,33,Other,5.2,5.33,1.45,0.91,7.78,106,40,6.22,High,Yes,Moderate,1
TXN03517,U03517,30,Male,6.99,0.8,3.46,3.73,8.72,222,53,8.22,Low,No,Moderate,1
TXN03518,U03518,24,Female,6.04,3.97,1.68,2.36,5.56,32,71,8.53,Low,No,Moderate,1
TXN03519,U03519,24,Female,4.99,1.06,1.28,3.27,7.66,27,156,6.24,Medium,Yes,Mild,0
TXN03520,U03520,29,Other,3.39,4.42,1.72,1.83,5.05,120,107,3.9,Low,Yes,Severe,1
TXN03521,U03521,29,Other,10.81,2.48,2.87,4.49,8.78,119,88,12.92,Low,Yes,Moderate,1
TXN03522,U03522,18,Other,4.26,1.43,0.38,5.88,4.97,153,155,7.09,Low,No,None,0
TXN03523,U03523,21,Other,10.66,4.71,0.13,5.83,5.04,210,163,13.47,Medium,No,Severe,1
TXN03524,U03524,29,Other,10.22,2.04,0.38,2.65,5.22,57,178,12.99,High,No,Moderate,1
TXN03525,U03525,31,Male,6.11,3.46,2.97,4.0,8.24,183,142,8.57,Low,Yes,Mild,0
TXN03526,U03526,26,Female,10.61,5.7,3.92,0.94,4.63,78,113,13.07,Medium,Yes,Severe,1
TXN03527,U03527,30,Female,9.77,0.99,1.17,1.28,8.84,240,135,10.56,High,No,Severe,1
TXN03528,U03528,24,Other,3.58,2.13,2.32,2.45,8.81,33,27,4.44,High,Yes,Mild,0
TXN03529,U03529,29,Female,5.75,1.58,1.26,5.51,5.64,227,129,7.97,High,No,None,0
TXN03530,U03530,20,Other,3.34,4.81,0.1,3.36,5.22,102,29,5.45,Low,No,Severe,1
TXN03531,U03531,27,Female,6.98,1.33,0.79,0.53,5.83,145,30,9.44,Low,Yes,Mild,0
TXN03532,U03532,23,Other,6.02,5.49,0.81,4.12,5.35,210,38,7.65,Low,Yes,Moderate,1
TXN03533,U03533,29,Other,5.69,0.88,1.48,4.23,4.93,83,129,7.73,Medium,No,None,0
TXN03534,U03534,21,Other,7.01,3.87,0.85,5.16,7.84,178,176,9.77,Low,Yes,Moderate,1
TXN03535,U03535,29,Female,6.91,1.1,3.25,4.8,8.74,92,113,8.1,Medium,No,Moderate,1
TXN03536,U03536,32,Other,8.0,2.46,0.68,5.44,7.0,110,29,10.36,Low,No,Mild,0
TXN03537,U03537,22,Male,6.21,5.36,3.52,3.68,5.27,130,45,6.73,High,No,Severe,1
TXN03538,U03538,26,Other,5.15,4.22,0.61,4.26,5.13,83,62,8.0,High,No,Severe,1
TXN03539,U03539,21,Male,7.83,5.8,3.44,3.6,8.34,29,104,8.79,Low,Yes,Severe,1
TXN03540,U03540,18,Male,11.74,3.19,3.56,4.54,6.94,227,28,12.81,High,No,Moderate,1
TXN03541,U03541,31,Male,8.74,3.05,1.61,1.28,7.6,36,163,11.4,Low,Yes,Severe,1
TXN03542,U03542,33,Female,10.93,3.68,0.14,2.45,6.68,214,93,12.3,High,No,Moderate,1
TXN03543,U03543,21,Female,11.01,1.86,1.82,2.89,5.43,184,93,12.12,High,No,Severe,1
TXN03544,U03544,33,Male,6.82,2.23,3.66,3.94,7.03,66,119,7.89,High,No,Mild,0
TXN03545,U03545,26,Female,11.53,3.19,0.17,4.22,7.36,40,161,13.7,Low,No,Severe,1
TXN03546,U03546,28,Male,9.15,5.87,3.7,1.96,7.58,98,63,9.7,Medium,No,Moderate,1
TXN03547,U03547,34,Female,7.0,4.96,2.19,4.03,7.87,28,105,9.53,High,Yes,Moderate,1
TXN03548,U03548,18,Male,4.44,1.97,3.46,2.85,5.58,84,70,6.1,High,Yes,None,0
TXN03549,U03549,20,Male,7.73,1.95,1.15,1.54,8.37,143,45,10.24,High,Yes,Moderate,1
TXN03550,U03550,20,Other,3.98,5.99,1.85,5.59,5.27,133,67,5.12,High,No,Moderate,1
TXN03551,U03551,29,Female,5.81,2.04,3.86,5.62,8.07,126,93,7.44,Low,Yes,None,0
TXN03552,U03552,34,Other,7.8,3.76,1.62,1.77,7.37,24,18,9.66,High,No,Mild,0
TXN03553,U03553,24,Other,3.41,2.14,2.67,3.11,7.81,247,41,4.92,Medium,Yes,None,0
TXN03554,U03554,26,Female,11.07,3.3,2.48,4.63,7.52,92,87,13.94,High,Yes,Moderate,1
TXN03555,U03555,20,Female,7.21,1.94,1.51,5.6,8.15,137,70,9.62,Medium,Yes,Mild,0
TXN03556,U03556,24,Male,9.21,3.34,0.76,5.51,7.93,170,66,11.01,Low,No,Severe,1
TXN03557,U03557,25,Other,3.03,5.44,2.1,4.56,5.75,48,35,4.53,Medium,No,Severe,1
TXN03558,U03558,23,Other,9.53,1.59,2.76,2.74,8.14,72,74,12.34,Medium,Yes,Moderate,1
TXN03559,U03559,33,Male,10.29,4.8,0.41,0.91,6.05,73,163,11.25,High,Yes,Moderate,1
TXN03560,U03560,20,Male,4.8,3.18,1.63,4.08,5.6,99,33,7.58,Medium,No,Mild,0
TXN03561,U03561,22,Other,7.6,2.2,3.98,3.1,6.36,196,79,9.43,Low,Yes,Moderate,1
TXN03562,U03562,18,Other,5.23,0.98,1.92,0.91,6.89,191,77,6.84,High,Yes,Mild,0
TXN03563,U03563,25,Female,11.48,5.98,3.11,5.41,8.84,222,62,13.95,High,Yes,Severe,1
TXN03564,U03564,29,Male,5.25,2.24,3.31,2.82,6.82,58,77,8.12,Low,Yes,Mild,0
TXN03565,U03565,27,Other,10.33,2.78,3.44,0.97,6.44,247,55,11.41,Low,No,Severe,1
TXN03566,U03566,18,Female,3.58,3.67,1.54,0.71,4.88,200,34,6.2,High,Yes,Mild,0
TXN03567,U03567,32,Other,3.95,5.91,3.46,0.7,7.03,213,122,4.77,High,No,Severe,1
TXN03568,U03568,28,Female,6.62,1.68,1.79,4.06,7.0,199,32,8.32,Low,Yes,Moderate,1
TXN03569,U03569,31,Female,3.23,2.79,3.03,3.86,7.43,104,178,3.9,Low,No,None,0
TXN03570,U03570,29,Female,9.95,2.1,2.79,3.77,5.63,76,121,11.46,High,Yes,Moderate,1
TXN03571,U03571,29,Other,6.75,0.97,3.44,2.0,5.5,143,130,8.45,Medium,No,Mild,0
TXN03572,U03572,26,Female,11.68,3.28,1.66,3.45,7.57,225,146,14.46,Low,No,Severe,1
TXN03573,U03573,35,Male,10.89,5.47,0.76,3.91,8.95,29,87,11.72,Medium,No,Moderate,1
TXN03574,U03574,29,Male,10.49,2.64,2.56,1.35,8.94,227,147,11.42,Medium,Yes,Severe,1
TXN03575,U03575,18,Male,11.66,2.91,1.64,4.7,7.15,20,72,14.25,High,Yes,Severe,1
TXN03576,U03576,33,Male,5.3,3.94,1.75,5.41,6.97,22,146,7.63,Medium,No,None,0
TXN03577,U03577,34,Other,6.72,5.19,2.46,3.76,8.63,20,141,9.34,High,Yes,Moderate,1
TXN03578,U03578,20,Female,5.11,3.92,0.13,4.22,8.07,170,89,6.06,Low,Yes,Mild,0
TXN03579,U03579,32,Female,6.28,2.26,1.21,2.58,7.36,162,33,9.21,High,No,Mild,0
TXN03580,U03580,30,Male,3.53,5.39,3.96,3.13,6.86,180,87,4.32,High,No,Moderate,1
TXN03581,U03581,31,Female,11.35,5.05,1.63,5.86,7.53,37,102,12.33,Low,No,Severe,1
TXN03582,U03582,18,Male,10.24,1.4,1.17,2.56,7.2,199,166,10.97,Low,No,Moderate,1
TXN03583,U03583,30,Male,10.8,5.86,1.31,2.33,8.06,87,115,13.26,Medium,Yes,Severe,1
TXN03584,U03584,31,Other,3.19,1.57,3.48,3.51,8.16,99,170,5.45,Medium,No,Mild,0
TXN03585,U03585,19,Female,7.92,4.8,3.75,4.97,5.02,139,96,9.71,Low,No,Moderate,1
TXN03586,U03586,18,Female,4.74,5.9,3.75,3.4,5.67,46,50,7.24,Medium,Yes,Moderate,1
TXN03587,U03587,19,Other,10.79,1.37,2.97,3.84,8.46,173,180,13.01,Medium,Yes,Moderate,1
TXN03588,U03588,23,Male,3.76,1.59,3.97,4.42,5.99,132,170,5.79,Low,Yes,Mild,0
TXN03589,U03589,28,Female,6.61,4.8,3.41,3.56,5.09,83,29,8.06,Low,No,Severe,1
TXN03590,U03590,34,Female,11.78,2.93,0.29,4.25,4.99,221,28,12.99,Low,No,Severe,1
TXN03591,U03591,33,Other,11.59,5.98,2.42,4.92,7.45,184,66,13.95,High,Yes,Severe,1
TXN03592,U03592,30,Female,7.31,3.07,2.36,3.09,5.98,135,164,10.26,Low,Yes,Moderate,1
TXN03593,U03593,26,Other,9.03,5.57,2.15,3.94,7.59,250,91,10.04,High,Yes,Severe,1
TXN03594,U03594,32,Other,6.63,2.03,0.48,4.21,6.24,89,154,8.43,High,No,Mild,0
TXN03595,U03595,33,Other,7.66,1.78,3.65,5.93,5.84,158,76,8.97,Low,No,Mild,0
TXN03596,U03596,27,Other,10.11,1.93,1.12,3.02,6.54,112,91,11.29,High,Yes,Severe,1
TXN03597,U03597,31,Other,3.57,3.81,1.01,5.05,5.23,141,85,6.33,Medium,No,None,0
TXN03598,U03598,25,Female,8.5,5.62,1.53,0.54,6.52,63,158,11.35,Low,Yes,Severe,1
TXN03599,U03599,34,Other,11.55,3.85,0.46,5.47,7.02,185,110,13.39,Medium,No,Moderate,1
TXN03600,U03600,33,Other,6.22,1.08,2.3,4.2,5.47,225,168,8.29,Medium,No,Moderate,1
TXN03601,U03601,33,Female,9.22,2.17,2.71,2.67,5.6,215,137,11.66,Low,No,Moderate,1
TXN03602,U03602,31,Male,9.58,4.54,3.4,2.76,6.32,79,72,11.99,Medium,Yes,Moderate,1
TXN03603,U03603,18,Female,11.45,1.28,3.2,1.21,7.58,177,147,13.0,Low,No,Severe,1
TXN03604,U03604,29,Female,10.28,2.02,1.95,0.67,5.91,120,91,11.45,Low,No,Severe,1
TXN03605,U03605,21,Other,4.19,4.09,1.52,0.77,6.93,28,34,6.44,High,Yes,Severe,1
TXN03606,U03606,23,Other,7.79,5.54,3.16,3.74,8.2,110,78,10.44,Medium,Yes,Severe,1
TXN03607,U03607,29,Male,6.59,2.84,1.68,0.72,8.67,173,58,9.28,Low,Yes,Moderate,1
TXN03608,U03608,27,Female,3.13,2.0,3.81,5.6,7.37,103,146,5.35,High,Yes,Mild,0
TXN03609,U03609,34,Male,6.76,5.15,2.61,1.46,6.52,206,161,9.12,Low,Yes,Moderate,1
TXN03610,U03610,28,Male,6.92,5.13,1.24,1.35,4.92,88,80,9.41,Medium,No,Severe,1
TXN03611,U03611,31,Male,10.82,4.45,3.78,5.36,8.29,203,108,11.45,Medium,No,Moderate,1
TXN03612,U03612,24,Male,3.7,2.19,2.55,5.66,8.96,247,77,5.87,High,No,Mild,0
TXN03613,U03613,24,Other,5.3,6.0,1.48,5.41,6.13,129,31,6.12,High,Yes,Moderate,1
TXN03614,U03614,26,Female,9.64,2.76,2.7,2.9,5.86,33,34,12.32,High,Yes,Moderate,1
TXN03615,U03615,24,Other,10.45,5.9,1.36,4.98,5.68,66,102,12.52,Medium,Yes,Severe,1
TXN03616,U03616,18,Male,7.47,5.94,0.34,4.67,8.02,149,87,10.39,Medium,No,Moderate,1
TXN03617,U03617,26,Male,9.97,3.05,1.09,0.99,8.41,101,19,11.41,High,Yes,Severe,1
TXN03618,U03618,29,Male,9.04,2.23,1.08,4.42,4.85,35,117,11.08,High,No,Moderate,1
TXN03619,U03619,29,Female,9.94,3.0,2.56,1.36,5.57,20,74,10.74,High,No,Severe,1
TXN03620,U03620,25,Other,11.69,3.78,1.0,5.41,7.91,160,19,13.91,Medium,Yes,Moderate,1
TXN03621,U03621,23,Other,10.02,4.52,0.84,3.66,8.7,32,135,11.92,Low,Yes,Severe,1
TXN03622,U03622,24,Male,8.24,5.17,0.96,1.99,7.79,181,68,11.1,High,Yes,Severe,1
TXN03623,U03623,18,Female,11.04,4.25,3.08,2.52,6.06,205,112,13.59,High,No,Severe,1
TXN03624,U03624,30,Male,10.17,4.53,1.77,4.3,8.25,227,73,12.16,High,No,Moderate,1
TXN03625,U03625,18,Female,8.21,2.43,3.88,3.28,6.09,133,155,9.81,Low,Yes,Severe,1
TXN03626,U03626,23,Other,9.53,5.07,0.97,2.95,5.39,194,33,11.43,High,No,Severe,1
TXN03627,U03627,34,Other,5.63,4.66,2.54,4.52,8.25,212,89,6.98,Medium,Yes,Severe,1
TXN03628,U03628,30,Male,8.76,0.52,0.84,1.36,4.95,156,178,10.53,Medium,No,Severe,1
TXN03629,U03629,35,Female,10.84,4.15,0.14,2.38,8.92,52,26,11.97,High,Yes,Severe,1
TXN03630,U03630,24,Other,8.23,3.98,3.3,5.56,5.63,146,63,10.26,Low,Yes,Severe,1
TXN03631,U03631,26,Male,10.42,4.78,0.05,3.13,7.36,166,138,11.12,High,Yes,Moderate,1
TXN03632,U03632,23,Female,3.52,1.58,1.59,5.5,7.25,186,33,5.86,High,No,None,0
TXN03633,U03633,20,Male,11.81,4.77,1.57,4.14,5.74,36,22,13.53,High,Yes,Severe,1
TXN03634,U03634,32,Male,6.07,2.52,3.95,4.39,6.95,47,64,6.6,Low,Yes,Moderate,1
TXN03635,U03635,34,Other,4.99,1.0,0.63,3.63,4.71,234,141,6.23,High,No,Mild,0
TXN03636,U03636,26,Male,4.9,0.71,1.51,4.92,5.17,239,75,5.64,Medium,Yes,None,0
TXN03637,U03637,27,Female,6.44,4.57,3.94,3.11,4.67,32,115,7.09,Medium,Yes,Severe,1
TXN03638,U03638,34,Female,7.78,3.9,0.29,1.17,5.03,35,132,8.68,High,Yes,Moderate,1
TXN03639,U03639,35,Other,9.48,4.5,2.62,3.01,7.81,216,115,10.66,High,No,Severe,1
TXN03640,U03640,29,Female,7.09,2.51,2.37,5.38,8.13,77,117,9.16,High,No,Moderate,1
TXN03641,U03641,20,Female,10.5,0.61,2.33,3.9,7.28,234,175,11.54,Medium,No,Severe,1
TXN03642,U03642,23,Female,4.95,0.74,0.02,2.24,5.46,87,69,5.51,High,Yes,None,0
TXN03643,U03643,19,Other,3.02,1.35,3.81,3.08,6.02,134,103,4.03,High,No,Mild,0
TXN03644,U03644,20,Male,11.54,1.66,0.56,0.94,6.62,229,51,14.09,High,Yes,Moderate,1
TXN03645,U03645,29,Other,7.56,0.99,3.21,1.46,6.25,77,78,10.22,High,Yes,Moderate,1
TXN03646,U03646,18,Male,7.82,4.3,2.85,5.34,4.86,62,109,9.58,Medium,No,Moderate,1
TXN03647,U03647,30,Male,11.83,4.25,3.12,5.57,5.07,45,49,13.44,High,No,Moderate,1
TXN03648,U03648,34,Female,11.1,5.81,3.4,5.3,9.0,250,124,14.04,Medium,Yes,Moderate,1
TXN03649,U03649,22,Female,11.39,3.16,3.31,2.98,4.83,135,16,14.23,High,No,Severe,1
TXN03650,U03650,31,Other,11.93,5.07,0.4,3.1,5.56,243,170,14.53,Medium,No,Moderate,1
TXN03651,U03651,32,Male,5.63,1.52,0.69,3.03,8.66,157,164,8.22,High,No,Mild,0
TXN03652,U03652,29,Female,3.8,3.95,1.54,1.74,5.22,191,78,5.94,High,Yes,None,0
TXN03653,U03653,18,Male,10.94,2.44,2.59,0.84,6.48,185,34,12.32,Low,No,Moderate,1
TXN03654,U03654,25,Male,3.52,2.19,3.64,1.33,7.73,127,34,5.78,Medium,No,None,0
TXN03655,U03655,34,Other,9.96,1.0,0.5,4.66,7.58,168,19,11.55,High,Yes,Severe,1
TXN03656,U03656,31,Male,6.58,4.14,3.17,1.56,8.87,167,151,7.22,Low,Yes,Severe,1
TXN03657,U03657,26,Female,10.34,1.63,1.0,2.89,4.78,153,142,11.95,High,Yes,Severe,1
TXN03658,U03658,22,Other,5.65,4.36,0.38,2.83,6.24,44,152,7.38,Medium,Yes,Moderate,1
TXN03659,U03659,31,Male,5.57,2.16,2.41,1.61,6.26,80,92,7.38,Low,Yes,Mild,0
TXN03660,U03660,31,Male,9.05,3.58,2.36,3.56,6.07,154,54,10.49,Medium,No,Moderate,1
TXN03661,U03661,21,Female,10.75,1.53,2.08,1.22,7.96,235,158,13.53,Medium,No,Moderate,1
TXN03662,U03662,18,Female,5.3,1.07,1.77,5.27,5.64,139,123,6.65,Low,Yes,Mild,0
TXN03663,U03663,30,Other,7.64,2.32,3.05,2.77,5.3,142,109,8.32,Low,Yes,Moderate,1
TXN03664,U03664,22,Female,8.66,2.13,1.04,3.0,7.7,233,98,9.18,Low,No,Severe,1
TXN03665,U03665,28,Male,9.38,5.75,1.94,2.81,6.91,152,91,10.17,High,Yes,Moderate,1
TXN03666,U03666,32,Male,6.92,3.22,3.09,1.58,7.23,158,60,9.01,Low,No,Moderate,1
TXN03667,U03667,27,Female,10.43,4.92,2.16,1.15,8.43,189,63,13.13,Low,No,Moderate,1
TXN03668,U03668,31,Other,9.3,2.44,1.63,4.94,4.94,185,163,11.44,Low,Yes,Severe,1
TXN03669,U03669,32,Other,10.78,3.62,2.64,5.38,7.33,232,162,12.55,High,Yes,Severe,1
TXN03670,U03670,26,Female,5.54,5.91,2.84,4.21,5.11,141,33,6.38,Medium,No,Moderate,1
TXN03671,U03671,30,Other,8.82,5.98,0.78,5.09,4.52,171,39,11.02,Medium,No,Severe,1
TXN03672,U03672,26,Female,3.13,3.39,2.63,0.66,8.11,244,152,5.12,Low,Yes,None,0
TXN03673,U03673,26,Female,10.45,3.83,3.06,2.29,7.87,28,54,12.69,Low,No,Severe,1
TXN03674,U03674,28,Male,4.14,2.79,1.28,2.99,5.08,23,58,5.24,Medium,No,Mild,0
TXN03675,U03675,31,Other,3.39,0.57,0.03,3.69,4.62,242,45,6.05,High,Yes,None,0
TXN03676,U03676,25,Male,3.0,2.33,0.78,3.46,6.96,121,149,5.34,High,Yes,None,0
TXN03677,U03677,24,Female,3.09,0.89,3.94,3.48,8.55,128,161,5.43,Low,Yes,Mild,0
TXN03678,U03678,30,Other,4.51,2.51,0.28,5.18,7.64,168,158,5.16,Low,Yes,Mild,0
TXN03679,U03679,22,Other,8.58,1.42,3.29,3.77,8.32,59,158,10.1,Medium,Yes,Severe,1
TXN03680,U03680,23,Other,9.33,2.65,2.24,4.74,7.37,158,139,11.44,Medium,No,Severe,1
TXN03681,U03681,20,Female,3.48,1.27,3.1,1.76,5.58,112,149,5.24,Medium,Yes,None,0
TXN03682,U03682,30,Male,8.89,4.06,3.26,1.04,6.46,189,168,9.46,Medium,No,Severe,1
TXN03683,U03683,18,Female,9.28,1.32,1.64,2.0,7.13,191,29,12.23,High,No,Moderate,1
TXN03684,U03684,32,Female,8.1,3.95,0.63,0.73,6.59,219,145,10.14,High,Yes,Severe,1
TXN03685,U03685,26,Other,11.3,0.94,0.28,5.74,8.81,141,175,12.2,Medium,No,Severe,1
TXN03686,U03686,33,Other,5.43,1.92,3.37,3.67,5.28,67,156,8.21,High,No,Mild,0
TXN03687,U03687,35,Male,10.56,5.89,1.97,1.52,4.6,34,157,12.65,Low,No,Severe,1
TXN03688,U03688,20,Female,8.13,3.24,3.46,5.8,7.46,102,129,9.43,Low,Yes,Severe,1
TXN03689,U03689,29,Other,10.86,2.82,0.1,4.28,5.71,229,168,13.18,Low,Yes,Severe,1
TXN03690,U03690,35,Other,4.0,4.79,1.52,1.34,7.67,95,173,6.11,High,No,Severe,1
TXN03691,U03691,19,Male,3.04,5.85,1.38,3.65,4.68,249,129,5.8,Medium,No,Severe,1
TXN03692,U03692,29,Other,10.28,3.1,1.94,1.38,5.79,142,139,11.5,Medium,Yes,Moderate,1
TXN03693,U03693,35,Female,4.91,2.92,2.68,3.82,8.75,44,29,5.5,High,No,None,0
TXN03694,U03694,32,Male,5.77,4.74,0.32,0.58,5.69,218,49,6.38,Low,Yes,Moderate,1
TXN03695,U03695,28,Female,10.03,3.6,3.5,3.01,5.47,218,125,13.01,High,Yes,Severe,1
TXN03696,U03696,29,Other,11.62,2.48,1.43,1.26,6.79,162,97,14.47,High,No,Moderate,1
TXN03697,U03697,31,Male,9.86,1.97,3.87,3.12,5.26,122,94,12.55,High,No,Moderate,1
TXN03698,U03698,19,Other,3.46,1.47,1.41,2.73,5.69,237,78,4.56,Medium,No,None,0
TXN03699,U03699,26,Male,8.72,5.87,1.14,3.0,5.79,50,94,10.15,Medium,No,Moderate,1
TXN03700,U03700,33,Female,3.36,3.82,1.34,1.08,4.8,46,166,4.84,Low,Yes,Mild,0
TXN03701,U03701,29,Male,5.93,2.04,0.71,3.38,4.96,68,78,8.64,High,Yes,Mild,0
TXN03702,U03702,32,Female,10.62,5.4,2.88,0.95,4.53,47,111,12.22,Medium,No,Moderate,1
TXN03703,U03703,19,Other,10.47,3.5,3.89,5.26,6.84,174,54,12.07,Medium,Yes,Severe,1
TXN03704,U03704,26,Female,7.23,5.99,0.82,4.0,7.99,119,147,9.06,Low,No,Moderate,1
TXN03705,U03705,20,Male,9.31,3.4,1.92,3.03,5.88,206,95,11.12,Low,No,Moderate,1
TXN03706,U03706,31,Other,8.71,1.39,0.27,4.32,8.27,208,24,10.81,Low,No,Moderate,1
TXN03707,U03707,20,Other,4.21,2.81,1.48,4.33,6.71,35,50,6.98,High,No,Mild,0
TXN03708,U03708,29,Male,7.84,5.83,1.77,3.65,6.18,242,39,9.94,Medium,Yes,Moderate,1
TXN03709,U03709,33,Other,7.67,2.98,0.84,4.8,7.63,81,104,9.62,Medium,Yes,Mild,0
TXN03710,U03710,25,Female,9.88,5.94,1.31,4.44,5.41,227,109,12.11,Low,Yes,Severe,1
TXN03711,U03711,28,Female,10.53,0.93,0.41,2.61,5.31,199,134,11.7,Low,No,Moderate,1
TXN03712,U03712,22,Male,7.63,2.76,0.54,4.35,5.19,45,133,8.77,Low,Yes,Mild,0
TXN03713,U03713,30,Other,3.03,3.97,1.94,1.78,5.84,73,68,4.23,Medium,Yes,None,0
TXN03714,U03714,30,Male,11.73,1.64,2.9,2.69,4.83,123,178,12.68,High,No,Moderate,1
TXN03715,U03715,28,Other,4.36,2.48,2.89,0.98,7.55,206,73,7.23,Low,No,None,0
TXN03716,U03716,24,Other,9.02,5.58,1.46,1.95,7.85,188,94,10.86,Low,No,Moderate,1
TXN03717,U03717,22,Male,10.4,5.95,1.34,4.1,5.19,63,80,10.99,Medium,No,Moderate,1
TXN03718,U03718,30,Other,11.05,5.79,3.97,3.87,4.52,113,150,13.83,Low,No,Severe,1
TXN03719,U03719,23,Male,4.77,0.78,1.97,4.64,6.38,223,72,5.82,Medium,No,Mild,0
TXN03720,U03720,34,Other,6.34,3.55,2.1,1.35,5.67,73,171,8.25,Medium,No,Moderate,1
TXN03721,U03721,35,Female,3.38,5.31,2.87,3.19,8.82,231,66,6.15,Low,No,Moderate,1
TXN03722,U03722,30,Female,3.01,4.21,0.04,1.89,8.48,114,21,3.77,Medium,Yes,Severe,1
TXN03723,U03723,30,Other,6.12,2.28,2.38,3.87,8.85,29,180,7.61,High,No,Moderate,1
TXN03724,U03724,22,Female,4.47,1.43,0.73,1.89,4.58,122,76,6.7,High,Yes,None,0
TXN03725,U03725,33,Male,10.54,1.05,3.39,2.6,5.59,171,35,12.94,Low,No,Moderate,1
TXN03726,U03726,22,Female,7.93,1.1,3.26,1.69,6.99,193,45,9.1,High,Yes,Moderate,1
TXN03727,U03727,27,Male,4.23,1.94,2.38,1.44,5.58,58,74,6.46,High,Yes,None,0
TXN03728,U03728,21,Other,4.72,2.96,3.75,1.44,7.47,61,82,6.88,Medium,Yes,Mild,0
TXN03729,U03729,21,Other,9.43,1.78,0.92,1.39,5.95,117,44,11.52,Medium,No,Moderate,1
TXN03730,U03730,26,Other,11.05,4.33,1.1,4.54,8.1,93,29,13.8,High,No,Severe,1
TXN03731,U03731,29,Female,4.94,0.88,1.1,3.54,4.5,139,25,6.93,Medium,Yes,None,0
TXN03732,U03732,19,Male,4.16,5.72,3.64,4.47,6.0,140,56,5.71,Medium,Yes,Severe,1
TXN03733,U03733,22,Male,5.62,4.96,2.67,3.65,7.68,241,131,6.61,High,Yes,Severe,1
TXN03734,U03734,34,Other,4.41,2.04,0.66,1.38,5.34,61,150,7.05,Low,Yes,None,0
TXN03735,U03735,28,Other,4.59,1.4,1.35,5.97,6.23,144,22,7.02,High,No,None,0
TXN03736,U03736,21,Other,11.99,2.15,0.69,2.36,5.22,171,54,13.12,Medium,No,Severe,1
TXN03737,U03737,18,Other,7.7,5.03,2.27,3.66,5.52,243,179,9.07,Medium,No,Moderate,1
TXN03738,U03738,24,Other,4.77,5.75,1.11,2.44,5.39,107,156,7.32,High,Yes,Moderate,1
TXN03739,U03739,34,Female,7.02,4.04,2.33,4.83,4.86,226,171,7.57,Low,Yes,Severe,1
TXN03740,U03740,35,Male,7.34,3.64,0.24,4.35,5.33,227,137,8.16,Low,Yes,Mild,0
TXN03741,U03741,33,Female,3.04,2.82,3.55,3.57,7.21,97,143,5.6,Medium,No,Mild,0
TXN03742,U03742,29,Other,4.51,3.91,1.08,1.87,6.15,185,112,7.18,Low,No,None,0
TXN03743,U03743,22,Male,7.12,5.66,3.74,0.5,5.28,229,48,9.31,Medium,No,Moderate,1
TXN03744,U03744,19,Other,11.03,5.31,1.42,2.76,7.44,38,51,12.59,Medium,No,Severe,1
TXN03745,U03745,34,Male,3.24,4.06,2.28,1.96,4.72,100,160,4.75,Medium,Yes,Moderate,1
TXN03746,U03746,31,Male,10.39,1.44,1.16,4.71,7.92,203,54,10.95,Medium,No,Moderate,1
TXN03747,U03747,31,Male,8.71,2.12,0.88,5.28,7.63,249,68,10.41,Medium,Yes,Severe,1
TXN03748,U03748,21,Other,3.39,0.86,2.7,5.65,6.9,186,22,5.44,High,No,None,0
TXN03749,U03749,20,Male,9.73,1.52,3.97,1.4,8.37,122,85,11.7,Medium,No,Severe,1
TXN03750,U03750,31,Other,6.94,3.94,1.53,2.05,6.78,180,74,7.53,High,Yes,Moderate,1
TXN03751,U03751,20,Other,9.61,4.52,2.93,1.1,5.82,234,89,11.42,Low,No,Severe,1
TXN03752,U03752,27,Other,11.48,1.08,2.96,3.15,7.72,187,20,12.04,Medium,Yes,Moderate,1
TXN03753,U03753,19,Other,6.95,4.34,2.75,4.53,8.13,165,59,9.95,Medium,Yes,Moderate,1
TXN03754,U03754,31,Female,5.6,5.38,0.34,0.9,6.56,191,85,7.81,Low,Yes,Moderate,1
TXN03755,U03755,29,Female,10.07,1.69,1.46,3.37,6.55,101,24,11.54,Low,No,Severe,1
TXN03756,U03756,21,Female,5.41,1.96,0.91,5.65,5.99,25,160,6.79,Medium,Yes,Mild,0
TXN03757,U03757,19,Other,9.17,0.86,3.11,3.47,5.02,105,46,9.96,High,No,Moderate,1
TXN03758,U03758,33,Other,10.61,1.91,3.01,3.89,5.68,29,115,11.37,Medium,No,Moderate,1
TXN03759,U03759,26,Male,11.58,5.3,0.75,2.25,5.47,237,24,13.32,Medium,Yes,Moderate,1
TXN03760,U03760,18,Other,6.95,2.27,0.13,4.06,5.88,228,60,8.2,Low,No,Mild,0
TXN03761,U03761,31,Other,9.07,1.21,3.06,1.77,5.56,29,40,11.25,High,Yes,Moderate,1
TXN03762,U03762,21,Other,11.5,4.38,1.08,0.82,8.15,176,144,12.29,High,No,Moderate,1
TXN03763,U03763,22,Female,8.96,5.15,2.57,3.34,6.51,250,93,11.29,Medium,No,Moderate,1
TXN03764,U03764,26,Female,8.72,2.14,1.32,0.74,6.32,86,180,9.65,Low,No,Severe,1
TXN03765,U03765,26,Female,7.94,5.33,0.15,0.89,7.95,164,178,10.26,High,No,Moderate,1
TXN03766,U03766,24,Male,3.17,2.84,1.88,3.9,5.55,118,131,4.82,Low,Yes,Mild,0
TXN03767,U03767,34,Other,9.22,1.24,3.84,3.27,8.07,182,106,9.93,High,Yes,Moderate,1
TXN03768,U03768,21,Male,11.94,3.0,0.71,3.59,7.52,222,125,13.4,High,No,Moderate,1
TXN03769,U03769,20,Other,7.02,5.86,0.6,4.96,5.96,49,50,8.47,Medium,Yes,Severe,1
TXN03770,U03770,31,Female,9.98,5.88,3.4,0.61,5.72,192,76,12.04,High,Yes,Severe,1
TXN03771,U03771,33,Female,4.95,2.77,3.1,2.8,8.5,72,70,7.49,High,No,None,0
TXN03772,U03772,30,Male,9.32,4.04,1.97,0.55,7.72,110,20,11.14,Low,Yes,Severe,1
TXN03773,U03773,19,Female,7.94,0.74,2.5,1.53,4.72,201,166,10.34,Low,No,Moderate,1
TXN03774,U03774,27,Female,5.8,0.93,2.3,2.08,4.8,52,81,6.83,Low,No,None,0
TXN03775,U03775,18,Other,9.29,3.78,3.01,3.71,8.86,132,117,10.02,Low,Yes,Severe,1
TXN03776,U03776,35,Female,4.89,3.21,1.05,0.58,5.1,43,130,6.5,High,Yes,None,0
TXN03777,U03777,31,Female,6.95,2.54,3.88,5.98,8.06,91,63,9.51,Medium,Yes,Mild,0
TXN03778,U03778,32,Male,6.19,5.67,3.44,5.41,7.29,33,152,7.31,High,No,Moderate,1
TXN03779,U03779,19,Female,4.92,3.23,2.22,2.93,6.12,121,135,7.8,Low,No,None,0
TXN03780,U03780,25,Female,5.33,4.34,3.91,2.06,7.19,54,142,5.83,Low,Yes,Moderate,1
TXN03781,U03781,35,Other,3.4,5.05,0.1,3.21,4.9,20,44,3.91,High,Yes,Moderate,1
TXN03782,U03782,22,Other,10.62,1.91,0.39,4.73,4.54,195,172,11.18,Medium,No,Severe,1
TXN03783,U03783,34,Other,7.81,4.88,0.46,2.7,4.88,24,142,10.51,Medium,No,Severe,1
TXN03784,U03784,19,Other,5.53,4.81,1.16,4.19,8.51,122,34,7.12,High,Yes,Moderate,1
TXN03785,U03785,23,Male,11.87,4.29,3.53,1.23,4.97,107,83,14.32,Low,Yes,Severe,1
TXN03786,U03786,23,Other,7.71,2.16,3.18,2.46,5.99,56,38,9.98,High,No,Moderate,1
TXN03787,U03787,34,Male,10.27,5.47,3.49,3.94,8.54,237,64,12.44,Medium,No,Severe,1
TXN03788,U03788,20,Other,7.79,1.47,2.16,3.56,6.35,220,178,9.05,Medium,Yes,Mild,0
TXN03789,U03789,32,Other,11.14,2.58,2.58,0.7,8.86,35,146,12.46,Medium,Yes,Severe,1
TXN03790,U03790,27,Other,6.99,4.65,0.42,4.43,7.44,66,161,7.53,Low,No,Moderate,1
TXN03791,U03791,33,Female,7.83,4.88,0.63,1.61,6.3,188,35,9.12,Low,Yes,Severe,1
TXN03792,U03792,30,Other,9.62,5.01,3.73,2.75,4.9,116,124,12.3,High,No,Moderate,1
TXN03793,U03793,27,Other,4.16,2.53,1.69,3.54,7.9,75,157,6.7,Medium,Yes,Mild,0
TXN03794,U03794,27,Other,8.63,0.6,0.93,3.66,6.3,154,65,11.0,Medium,No,Moderate,1
TXN03795,U03795,21,Male,11.99,2.12,2.12,5.98,5.12,202,118,14.47,Low,Yes,Moderate,1
TXN03796,U03796,29,Male,8.97,1.61,1.92,3.06,7.2,46,173,9.58,Medium,No,Severe,1
TXN03797,U03797,20,Other,6.23,3.34,3.06,4.91,8.6,81,85,8.75,Low,Yes,Mild,0
TXN03798,U03798,26,Female,6.12,4.64,2.03,1.6,6.73,153,42,7.38,Medium,No,Moderate,1
TXN03799,U03799,18,Female,7.12,5.53,0.89,5.14,4.71,71,167,8.51,High,Yes,Moderate,1
TXN03800,U03800,34,Other,6.85,2.96,1.33,0.5,8.0,68,96,8.56,High,No,Mild,0
TXN03801,U03801,25,Other,6.53,2.99,0.87,2.64,5.71,84,135,7.73,Medium,Yes,Moderate,1
TXN03802,U03802,25,Female,4.35,2.24,1.66,0.85,5.74,245,55,7.25,Medium,Yes,Mild,0
TXN03803,U03803,35,Female,6.08,2.94,0.65,2.97,6.13,146,136,7.09,Medium,Yes,Moderate,1
TXN03804,U03804,18,Female,3.72,4.18,3.06,3.78,5.88,249,30,4.37,High,Yes,Severe,1
TXN03805,U03805,34,Female,10.11,5.48,2.71,5.6,7.45,129,47,11.73,Low,No,Severe,1
TXN03806,U03806,30,Other,5.96,0.5,0.9,5.66,6.62,51,87,7.32,Low,No,Mild,0
TXN03807,U03807,18,Other,10.02,3.42,3.13,2.8,6.1,228,180,12.45,Medium,Yes,Moderate,1
TXN03808,U03808,30,Female,7.31,2.64,1.82,4.69,6.03,231,81,7.84,Medium,Yes,Moderate,1
TXN03809,U03809,29,Female,5.96,2.7,1.19,5.67,5.32,32,163,7.12,Low,No,Mild,0
TXN03810,U03810,33,Other,10.79,2.47,3.51,4.34,7.25,216,17,11.46,High,No,Severe,1
TXN03811,U03811,23,Female,10.51,0.84,3.43,3.31,5.99,205,52,13.18,High,No,Moderate,1
TXN03812,U03812,34,Other,5.1,4.08,2.59,1.97,4.61,230,164,7.15,High,No,Moderate,1
TXN03813,U03813,28,Other,5.8,5.3,0.71,2.04,5.2,249,81,8.35,High,Yes,Severe,1
TXN03814,U03814,31,Male,7.64,2.62,2.9,3.95,7.7,162,177,9.69,High,No,Moderate,1
TXN03815,U03815,26,Other,11.44,1.46,0.66,2.92,6.59,48,104,13.05,Medium,Yes,Severe,1
TXN03816,U03816,20,Other,6.07,2.74,3.36,2.72,4.79,145,69,7.52,Medium,Yes,Mild,0
TXN03817,U03817,34,Female,9.5,1.59,1.17,4.34,8.92,39,160,11.73,Low,No,Severe,1
TXN03818,U03818,21,Male,6.82,2.21,2.7,2.68,7.76,153,162,8.93,Medium,No,Moderate,1
TXN03819,U03819,20,Male,7.52,1.49,1.86,5.86,7.33,52,80,9.26,High,No,Moderate,1
TXN03820,U03820,32,Other,3.92,5.13,0.37,1.97,7.5,111,132,5.94,Medium,No,Severe,1
TXN03821,U03821,23,Male,4.73,2.23,0.61,3.27,8.91,26,173,5.7,Low,Yes,Mild,0
TXN03822,U03822,26,Male,6.07,1.21,1.14,5.08,8.18,44,31,7.43,Medium,Yes,Mild,0
TXN03823,U03823,35,Other,4.02,3.61,0.34,1.01,7.22,20,130,6.58,Medium,No,Mild,0
TXN03824,U03824,31,Other,11.78,3.83,3.31,1.14,4.94,237,115,14.53,Medium,No,Moderate,1
TXN03825,U03825,24,Male,4.74,5.39,0.65,2.27,4.54,77,107,5.85,High,Yes,Moderate,1
TXN03826,U03826,21,Female,4.44,5.71,2.79,2.98,7.96,172,32,5.67,High,No,Severe,1
TXN03827,U03827,19,Male,5.09,4.37,1.92,2.48,6.9,205,47,6.51,Low,Yes,Moderate,1
TXN03828,U03828,26,Other,10.21,1.69,1.23,2.64,8.61,69,116,12.9,High,Yes,Severe,1
TXN03829,U03829,31,Male,5.12,3.98,3.33,5.91,5.9,99,163,6.89,Low,Yes,Mild,0
TXN03830,U03830,22,Other,10.06,5.23,3.05,3.6,7.35,116,20,11.25,High,No,Moderate,1
TXN03831,U03831,22,Female,9.81,0.99,3.32,1.96,5.68,74,179,12.21,High,No,Moderate,1
TXN03832,U03832,33,Other,7.87,1.43,2.3,4.56,6.76,54,45,8.61,Low,Yes,Mild,0
TXN03833,U03833,34,Female,4.73,4.66,3.89,5.34,8.63,46,109,7.45,High,No,Severe,1
TXN03834,U03834,33,Other,11.86,0.93,2.24,4.64,7.75,119,146,12.45,Low,Yes,Severe,1
TXN03835,U03835,18,Female,3.06,5.85,2.73,4.33,8.42,153,19,3.76,High,Yes,Moderate,1
TXN03836,U03836,24,Other,11.26,2.79,3.66,3.21,5.38,46,42,12.06,Medium,No,Severe,1
TXN03837,U03837,22,Female,8.2,4.67,1.9,4.54,4.98,117,174,10.7,Low,Yes,Moderate,1
TXN03838,U03838,27,Male,3.59,4.04,1.27,4.35,5.08,235,109,6.54,Medium,Yes,Severe,1
TXN03839,U03839,18,Male,11.01,5.93,1.68,3.36,4.98,41,102,13.74,High,Yes,Severe,1
TXN03840,U03840,30,Other,5.63,3.85,1.46,5.15,5.38,88,170,7.36,Low,Yes,None,0
TXN03841,U03841,31,Other,3.3,1.14,0.79,1.61,7.34,222,22,4.7,Low,No,Mild,0
TXN03842,U03842,23,Female,11.34,4.22,3.99,3.51,8.36,185,153,11.88,Medium,No,Moderate,1
TXN03843,U03843,31,Male,5.49,5.36,1.32,2.46,8.96,194,118,7.42,Low,Yes,Severe,1
TXN03844,U03844,28,Male,11.03,4.01,1.8,4.86,8.79,94,40,11.73,High,Yes,Severe,1
TXN03845,U03845,21,Male,8.64,1.79,2.58,3.69,7.62,228,117,10.38,High,Yes,Severe,1
TXN03846,U03846,20,Other,11.84,5.53,1.33,3.27,8.89,155,25,12.99,Low,No,Moderate,1
TXN03847,U03847,18,Other,3.29,4.86,2.71,3.42,8.94,103,153,5.86,Medium,No,Moderate,1
TXN03848,U03848,35,Other,3.41,3.13,0.86,3.09,7.88,59,28,4.83,High,No,Mild,0
TXN03849,U03849,29,Female,4.85,0.84,1.01,3.02,6.98,225,63,5.99,Low,No,None,0
TXN03850,U03850,18,Female,5.87,4.59,2.21,1.84,8.3,118,34,7.61,Low,Yes,Moderate,1
TXN03851,U03851,34,Male,10.38,2.17,2.63,4.48,7.97,209,49,12.59,High,No,Moderate,1
TXN03852,U03852,27,Female,9.11,1.41,1.31,1.87,7.07,57,97,11.71,Medium,Yes,Severe,1
TXN03853,U03853,21,Other,11.43,4.15,2.87,4.31,7.8,164,153,13.04,Low,Yes,Moderate,1
TXN03854,U03854,22,Female,4.09,1.3,1.02,3.23,6.44,48,39,6.8,Medium,Yes,None,0
TXN03855,U03855,19,Other,8.39,4.62,3.71,1.25,7.55,228,34,9.22,Medium,No,Severe,1
TXN03856,U03856,20,Female,11.25,5.15,0.24,0.92,5.24,73,71,14.19,Low,Yes,Severe,1
TXN03857,U03857,30,Other,6.04,2.53,3.95,4.08,8.58,67,71,7.91,High,Yes,Moderate,1
TXN03858,U03858,27,Male,3.89,1.82,1.13,5.4,5.29,149,20,6.26,Medium,Yes,Mild,0
TXN03859,U03859,34,Other,9.07,5.23,2.29,4.02,6.04,177,109,9.59,High,No,Moderate,1
TXN03860,U03860,20,Female,6.92,1.77,0.61,5.74,6.71,41,21,9.17,Medium,Yes,Moderate,1
TXN03861,U03861,21,Female,11.58,5.08,1.49,0.94,8.81,109,132,14.34,High,Yes,Severe,1
TXN03862,U03862,28,Male,3.82,2.22,1.43,5.86,6.16,179,123,4.96,High,No,None,0
TXN03863,U03863,21,Male,7.36,1.21,1.22,1.95,6.86,184,58,9.28,Low,Yes,Mild,0
TXN03864,U03864,20,Other,8.79,3.02,0.69,2.23,4.98,185,77,11.09,Low,Yes,Severe,1
TXN03865,U03865,28,Male,10.57,3.34,0.44,5.94,4.98,112,112,11.41,Medium,Yes,Moderate,1
TXN03866,U03866,19,Male,10.95,2.04,0.26,0.59,5.02,73,31,12.15,Medium,No,Moderate,1
TXN03867,U03867,27,Female,5.24,4.03,2.01,5.31,4.63,237,110,6.58,High,Yes,Moderate,1
TXN03868,U03868,33,Female,3.21,4.13,1.71,4.57,7.04,122,174,6.05,Medium,No,Moderate,1
TXN03869,U03869,30,Male,9.05,2.9,3.12,0.93,5.45,23,129,11.28,Medium,No,Severe,1
TXN03870,U03870,32,Female,9.36,1.55,2.26,3.28,8.76,133,43,12.14,High,No,Severe,1
TXN03871,U03871,19,Male,8.92,4.8,2.54,1.2,4.93,56,138,11.46,Low,No,Moderate,1
TXN03872,U03872,29,Male,11.39,4.49,0.94,4.45,5.12,215,156,12.1,Medium,Yes,Moderate,1
TXN03873,U03873,31,Male,11.05,5.72,1.73,2.73,8.38,245,135,12.32,Medium,No,Severe,1
TXN03874,U03874,33,Male,4.03,3.82,2.11,4.45,5.99,37,43,4.82,Medium,No,None,0
TXN03875,U03875,19,Female,11.22,3.22,1.29,2.53,8.65,122,17,12.17,Medium,Yes,Moderate,1
TXN03876,U03876,23,Female,9.52,2.16,3.19,3.46,8.91,202,111,11.87,Low,No,Moderate,1
TXN03877,U03877,32,Other,8.82,3.23,3.46,3.36,4.6,185,132,10.89,Low,No,Severe,1
TXN03878,U03878,27,Other,5.51,0.83,2.93,5.04,7.98,174,80,6.43,Medium,Yes,Mild,0
TXN03879,U03879,24,Male,6.65,2.85,0.21,2.2,7.9,221,132,7.44,High,Yes,Moderate,1
TXN03880,U03880,34,Other,4.52,3.19,1.76,1.71,8.21,138,88,6.49,Medium,No,Mild,0
TXN03881,U03881,22,Female,7.17,1.79,3.95,4.03,7.38,183,147,9.74,High,Yes,Moderate,1
TXN03882,U03882,33,Other,5.94,2.07,3.28,4.85,5.75,216,177,7.32,High,No,Mild,0
TXN03883,U03883,18,Male,9.51,3.81,2.88,3.12,6.49,34,94,11.59,Medium,No,Moderate,1
TXN03884,U03884,18,Female,3.64,1.58,3.1,1.94,5.18,64,104,5.61,Low,Yes,Mild,0
TXN03885,U03885,32,Female,9.22,1.92,1.47,2.38,7.41,180,56,10.54,Low,No,Severe,1
TXN03886,U03886,35,Male,6.2,2.26,3.69,2.72,8.61,214,84,7.24,Medium,Yes,Mild,0
TXN03887,U03887,18,Other,4.66,0.78,0.29,2.8,8.57,123,25,6.3,Medium,No,None,0
TXN03888,U03888,19,Female,11.59,5.32,0.43,2.03,6.58,32,174,13.12,Low,No,Moderate,1
TXN03889,U03889,19,Other,3.49,1.81,0.64,1.14,7.08,119,174,4.48,Low,Yes,Mild,0
TXN03890,U03890,18,Other,6.8,2.41,1.59,3.63,8.6,49,100,9.59,High,No,Moderate,1
TXN03891,U03891,29,Other,4.14,2.68,2.32,1.95,4.97,210,21,6.64,High,Yes,None,0
TXN03892,U03892,30,Female,7.43,4.61,1.19,5.71,6.35,82,62,8.17,Medium,Yes,Severe,1
TXN03893,U03893,21,Other,8.42,3.1,3.17,5.4,6.33,106,148,10.0,Low,Yes,Severe,1
TXN03894,U03894,24,Male,5.43,1.48,0.13,5.05,8.56,75,35,7.91,Low,No,Mild,0
TXN03895,U03895,23,Male,4.29,3.07,2.47,5.72,8.42,149,160,5.27,Medium,No,Mild,0
TXN03896,U03896,35,Other,9.55,0.68,1.94,2.66,8.49,184,135,11.72,High,No,Moderate,1
TXN03897,U03897,34,Male,3.52,1.07,3.23,0.68,6.08,195,163,4.4,Low,Yes,Mild,0
TXN03898,U03898,22,Female,4.89,3.22,0.18,2.08,6.86,27,116,7.02,High,Yes,Mild,0
TXN03899,U03899,35,Other,9.13,2.7,1.0,0.69,8.3,202,58,10.68,Medium,No,Severe,1
TXN03900,U03900,27,Other,4.17,3.72,0.79,3.73,6.61,53,45,6.89,Medium,No,None,0
TXN03901,U03901,30,Female,8.51,4.59,0.14,3.1,6.21,32,53,11.42,Medium,No,Severe,1
TXN03902,U03902,20,Female,8.28,0.74,3.18,1.59,6.59,28,57,10.32,Medium,No,Moderate,1
TXN03903,U03903,18,Female,4.85,2.77,3.31,1.43,8.77,229,62,7.8,Medium,No,Mild,0
TXN03904,U03904,30,Other,3.09,3.46,3.59,2.47,4.89,169,166,3.67,Medium,No,Mild,0
TXN03905,U03905,25,Other,4.58,1.52,1.62,3.83,7.92,39,140,6.35,Low,Yes,Mild,0
TXN03906,U03906,23,Male,9.13,1.48,3.87,0.92,7.19,55,52,9.96,High,Yes,Severe,1
TXN03907,U03907,35,Male,5.32,3.54,1.32,5.24,8.85,119,37,7.04,Medium,No,None,0
TXN03908,U03908,26,Male,10.77,5.61,3.36,5.44,6.84,240,75,12.36,Low,No,Moderate,1
TXN03909,U03909,27,Female,3.43,1.61,3.25,1.57,6.8,120,177,4.21,High,Yes,Mild,0
TXN03910,U03910,34,Male,6.65,4.04,0.09,5.7,6.67,114,121,7.99,Low,Yes,Moderate,1
TXN03911,U03911,22,Male,7.36,2.51,2.46,4.31,7.47,24,86,9.04,Low,Yes,Mild,0
TXN03912,U03912,25,Other,7.07,0.98,0.57,1.11,8.12,93,130,9.63,Medium,Yes,Mild,0
TXN03913,U03913,22,Other,9.17,5.94,2.81,3.92,8.43,103,81,10.06,Medium,Yes,Moderate,1
TXN03914,U03914,25,Other,11.46,4.52,3.49,3.31,5.14,99,22,13.66,Low,Yes,Severe,1
TXN03915,U03915,34,Male,3.94,5.5,1.67,0.91,6.76,170,144,6.49,Low,Yes,Severe,1
TXN03916,U03916,24,Female,5.08,4.48,1.75,5.97,8.0,104,47,6.04,Medium,No,Moderate,1
TXN03917,U03917,33,Male,5.09,1.24,2.81,4.38,5.31,249,52,5.84,Medium,No,None,0
TXN03918,U03918,28,Male,3.45,1.03,2.47,3.68,8.0,67,160,6.28,Medium,No,Mild,0
TXN03919,U03919,20,Male,9.34,2.67,3.26,5.94,8.02,128,16,11.21,Low,No,Severe,1
TXN03920,U03920,25,Other,4.79,2.84,3.25,0.53,7.81,107,133,6.1,Low,No,Mild,0
TXN03921,U03921,27,Other,11.16,3.13,3.9,1.01,4.89,249,49,13.31,Medium,Yes,Moderate,1
TXN03922,U03922,21,Male,8.25,0.98,1.05,2.7,8.67,240,28,10.69,Low,No,Severe,1
TXN03923,U03923,30,Other,7.12,4.56,1.68,5.31,6.1,178,163,7.81,High,No,Severe,1
TXN03924,U03924,32,Male,6.65,4.57,0.55,2.58,8.93,166,161,9.13,Medium,Yes,Severe,1
TXN03925,U03925,32,Male,9.0,4.56,0.79,4.24,8.88,95,170,9.76,Medium,Yes,Severe,1
TXN03926,U03926,21,Other,7.48,3.08,1.09,5.45,5.17,57,40,10.12,High,No,Mild,0
TXN03927,U03927,21,Male,10.29,4.87,3.37,1.55,6.81,191,162,10.86,Low,No,Severe,1
TXN03928,U03928,21,Male,7.08,1.06,2.65,3.75,6.14,80,158,8.4,High,Yes,Mild,0
TXN03929,U03929,33,Male,3.91,2.14,0.83,5.76,4.89,75,96,6.04,High,Yes,Mild,0
TXN03930,U03930,20,Female,9.27,5.8,2.42,5.8,8.85,248,112,10.35,Low,No,Severe,1
TXN03931,U03931,20,Male,9.31,5.29,3.46,1.66,8.72,182,144,12.17,Low,No,Severe,1
TXN03932,U03932,33,Other,10.21,3.49,3.86,4.29,5.16,121,153,11.04,High,No,Severe,1
TXN03933,U03933,19,Other,4.56,3.32,1.21,3.03,7.53,126,161,7.45,Low,Yes,Mild,0
TXN03934,U03934,23,Male,6.32,2.11,2.42,1.09,5.86,83,122,7.67,Low,Yes,Moderate,1
TXN03935,U03935,25,Other,6.73,4.31,3.39,0.95,4.95,231,17,8.03,Low,Yes,Severe,1
TXN03936,U03936,18,Other,7.36,4.18,2.78,1.8,6.61,52,142,9.61,Medium,Yes,Severe,1
TXN03937,U03937,29,Male,11.67,4.93,0.7,2.99,6.88,216,167,12.93,Low,No,Severe,1
TXN03938,U03938,31,Other,7.02,1.27,0.21,0.99,6.44,176,65,7.68,Low,No,Moderate,1
TXN03939,U03939,32,Female,5.82,4.29,2.23,4.3,6.71,86,18,8.54,Low,Yes,Severe,1
TXN03940,U03940,25,Male,10.89,2.99,1.34,4.9,5.67,234,41,12.48,Medium,Yes,Severe,1
TXN03941,U03941,25,Male,8.43,3.06,3.38,3.12,5.77,132,122,10.98,High,Yes,Severe,1
TXN03942,U03942,26,Other,4.17,5.64,3.01,3.89,6.27,124,29,5.22,Medium,No,Moderate,1
TXN03943,U03943,34,Other,4.67,1.14,0.84,3.9,8.96,144,146,5.71,Medium,Yes,Mild,0
TXN03944,U03944,29,Female,8.56,1.09,2.43,5.35,6.6,83,146,9.96,Medium,Yes,Moderate,1
TXN03945,U03945,26,Male,5.04,4.31,0.78,2.73,6.76,44,34,6.69,Low,No,Severe,1
TXN03946,U03946,28,Other,8.37,2.33,3.91,3.83,8.66,226,27,9.93,High,No,Moderate,1
TXN03947,U03947,26,Female,7.84,1.8,3.21,3.84,7.79,200,53,9.64,Medium,No,Mild,0
TXN03948,U03948,24,Female,9.31,4.73,1.2,1.71,5.91,164,45,10.47,Low,No,Severe,1
TXN03949,U03949,19,Male,8.22,3.04,1.56,2.21,5.14,112,141,9.37,Medium,Yes,Severe,1
TXN03950,U03950,33,Other,8.73,3.06,3.71,0.61,6.16,138,125,10.18,Low,Yes,Severe,1
TXN03951,U03951,32,Male,8.13,3.84,1.28,4.17,4.5,27,116,10.39,Medium,Yes,Severe,1
TXN03952,U03952,33,Male,4.53,4.9,0.91,5.73,6.34,112,25,5.71,High,Yes,Severe,1
TXN03953,U03953,34,Male,4.38,1.33,0.21,1.29,5.93,213,68,6.43,Low,Yes,Mild,0
TXN03954,U03954,20,Female,10.05,1.02,1.76,5.47,8.23,134,60,12.09,Low,No,Severe,1
TXN03955,U03955,22,Other,5.17,3.27,2.78,0.65,7.26,146,103,6.87,Medium,No,Mild,0
TXN03956,U03956,27,Male,5.55,5.04,0.93,1.66,8.75,218,177,7.45,Medium,No,Severe,1
TXN03957,U03957,19,Other,4.86,2.1,0.8,0.79,5.12,42,68,5.46,Medium,Yes,Mild,0
TXN03958,U03958,26,Other,8.95,4.57,3.22,0.73,6.15,210,159,10.06,Medium,Yes,Severe,1
TXN03959,U03959,33,Other,9.65,3.94,0.78,2.07,7.59,79,176,10.26,High,No,Moderate,1
TXN03960,U03960,22,Male,10.49,1.05,3.4,1.38,8.1,191,19,13.2,High,Yes,Moderate,1
TXN03961,U03961,20,Other,7.75,2.57,3.97,4.16,5.01,41,21,9.61,Low,Yes,Mild,0
TXN03962,U03962,35,Other,5.17,2.7,2.31,3.14,4.53,192,50,7.66,High,No,Mild,0
TXN03963,U03963,28,Male,5.16,2.47,1.24,4.13,8.57,175,63,6.53,Medium,Yes,Mild,0
TXN03964,U03964,30,Other,4.46,4.94,2.65,1.77,7.66,179,51,5.1,Low,No,Severe,1
TXN03965,U03965,20,Other,5.35,0.56,0.18,4.03,7.45,179,108,7.77,Low,No,None,0
TXN03966,U03966,28,Female,5.12,5.73,3.13,5.33,4.9,118,138,6.19,Low,Yes,Severe,1
TXN03967,U03967,28,Other,10.38,5.71,1.18,4.18,8.37,197,91,12.32,Medium,Yes,Moderate,1
TXN03968,U03968,29,Female,7.93,4.49,2.96,0.65,4.51,48,177,10.18,High,No,Severe,1
TXN03969,U03969,27,Male,7.96,2.21,2.38,0.52,5.72,113,41,10.46,High,No,Mild,0
TXN03970,U03970,22,Male,4.53,4.47,1.81,2.31,7.26,54,103,6.97,High,Yes,Moderate,1
TXN03971,U03971,24,Male,4.58,4.3,0.42,0.79,7.38,53,145,6.98,Low,Yes,Severe,1
TXN03972,U03972,28,Other,10.36,2.96,3.97,5.37,5.01,130,69,12.02,High,Yes,Severe,1
TXN03973,U03973,31,Female,9.93,5.63,2.98,1.64,4.6,66,55,11.3,Medium,No,Severe,1
TXN03974,U03974,35,Other,8.61,1.46,3.62,3.19,6.38,45,68,9.65,Medium,No,Moderate,1
TXN03975,U03975,29,Male,11.66,5.65,1.59,0.85,8.79,173,98,14.27,Low,No,Severe,1
TXN03976,U03976,27,Female,7.49,5.55,3.04,2.85,5.38,135,157,10.26,Low,No,Severe,1
TXN03977,U03977,34,Male,6.19,2.86,1.25,3.24,6.38,111,97,8.38,Medium,Yes,Moderate,1
TXN03978,U03978,35,Male,6.66,2.51,3.33,2.68,7.2,218,163,8.19,Medium,No,Mild,0
TXN03979,U03979,29,Female,8.27,0.53,2.46,5.3,8.29,125,143,9.91,Medium,Yes,Severe,1
TXN03980,U03980,30,Male,11.62,3.25,1.43,5.16,6.95,221,91,13.84,Medium,Yes,Severe,1
TXN03981,U03981,34,Other,9.34,5.0,0.73,2.54,7.72,46,121,10.2,Medium,No,Moderate,1
TXN03982,U03982,23,Other,3.25,3.88,0.72,1.46,5.33,218,72,5.15,Low,No,Mild,0
TXN03983,U03983,30,Other,11.81,5.33,0.54,3.21,5.6,204,39,14.53,Medium,No,Severe,1
TXN03984,U03984,33,Male,8.67,2.23,0.39,4.2,8.77,90,109,11.05,High,Yes,Severe,1
TXN03985,U03985,25,Male,5.98,5.25,1.17,3.85,8.26,194,172,8.59,Low,No,Severe,1
TXN03986,U03986,29,Male,11.3,4.05,2.4,2.37,5.1,203,136,13.43,Medium,Yes,Moderate,1
TXN03987,U03987,19,Male,3.59,0.99,2.67,4.65,6.56,216,31,4.4,Medium,No,None,0
TXN03988,U03988,31,Other,10.66,3.6,2.44,1.03,8.42,100,15,11.86,Medium,No,Moderate,1
TXN03989,U03989,32,Female,11.1,5.79,0.25,5.16,6.13,145,108,13.54,Low,No,Severe,1
TXN03990,U03990,26,Female,4.51,0.59,1.2,0.59,6.79,95,37,7.2,Low,No,Mild,0
TXN03991,U03991,19,Female,10.5,3.51,0.7,2.31,7.68,99,45,11.84,Low,Yes,Moderate,1
TXN03992,U03992,29,Male,10.51,4.68,3.93,5.9,8.35,232,163,13.5,High,Yes,Severe,1
TXN03993,U03993,31,Other,8.28,1.12,3.04,4.99,5.27,158,82,10.75,High,Yes,Severe,1
TXN03994,U03994,28,Male,11.8,4.82,2.35,2.5,8.86,144,133,14.14,High,No,Moderate,1
TXN03995,U03995,31,Female,8.39,4.11,3.28,2.64,7.53,248,79,10.39,Medium,Yes,Moderate,1
TXN03996,U03996,31,Other,4.12,0.56,2.85,2.45,4.85,55,21,6.93,Medium,No,Mild,0
TXN03997,U03997,21,Male,6.01,4.8,0.82,1.94,5.68,69,158,7.38,High,No,Moderate,1
TXN03998,U03998,33,Male,6.23,5.27,2.78,1.98,7.62,82,153,8.57,High,No,Moderate,1
TXN03999,U03999,35,Male,7.64,3.96,2.65,5.2,7.56,50,74,8.72,Medium,No,Mild,0
TXN04000,U04000,24,Other,3.84,1.79,1.1,3.96,6.49,191,134,6.54,Low,Yes,Mild,0
TXN04001,U04001,33,Other,9.95,2.79,0.98,3.3,7.92,177,180,10.55,High,Yes,Moderate,1
TXN04002,U04002,23,Male,4.55,0.78,2.03,1.28,8.46,98,87,6.35,High,Yes,Mild,0
TXN04003,U04003,33,Other,7.63,5.32,2.25,2.78,5.65,110,136,8.41,Low,No,Moderate,1
TXN04004,U04004,28,Male,11.92,3.75,0.06,4.8,7.34,150,90,12.83,Medium,Yes,Severe,1
TXN04005,U04005,21,Female,7.85,4.8,3.32,5.91,8.33,221,39,8.95,Medium,No,Moderate,1
TXN04006,U04006,19,Male,5.02,5.39,0.24,2.38,7.5,166,58,6.35,High,Yes,Severe,1
TXN04007,U04007,25,Other,5.21,2.41,0.46,2.75,5.23,61,27,5.91,Medium,Yes,Mild,0
TXN04008,U04008,31,Other,7.98,6.0,1.62,0.95,6.23,135,17,10.06,Medium,Yes,Moderate,1
TXN04009,U04009,22,Female,11.51,5.03,1.07,3.01,7.99,116,125,12.72,High,No,Moderate,1
TXN04010,U04010,22,Female,10.45,1.2,3.03,1.85,7.76,31,177,13.08,Low,Yes,Severe,1
TXN04011,U04011,30,Female,7.88,4.29,3.94,5.01,5.97,171,48,10.43,Low,No,Severe,1
TXN04012,U04012,26,Female,9.02,4.47,1.11,3.77,5.13,95,134,11.63,High,Yes,Severe,1
TXN04013,U04013,26,Female,10.08,2.19,0.5,1.09,8.26,125,74,12.0,High,Yes,Severe,1
TXN04014,U04014,28,Female,3.91,2.06,1.03,2.81,8.1,144,94,5.7,Medium,No,None,0
TXN04015,U04015,22,Female,9.33,3.31,2.04,4.16,6.27,117,96,11.99,High,Yes,Moderate,1
TXN04016,U04016,25,Female,11.83,3.12,2.23,1.35,5.57,172,40,12.89,Medium,No,Severe,1
TXN04017,U04017,34,Male,4.97,1.68,1.94,5.43,5.1,218,127,7.31,Medium,No,None,0
TXN04018,U04018,26,Female,4.04,5.98,3.88,5.94,4.51,72,149,6.23,Medium,Yes,Moderate,1
TXN04019,U04019,33,Male,4.24,1.76,3.46,3.0,5.16,133,91,7.03,High,No,Mild,0
TXN04020,U04020,33,Male,3.44,4.21,3.42,1.8,5.56,174,157,5.6,High,No,Severe,1
TXN04021,U04021,25,Male,11.6,1.38,3.97,3.42,8.62,68,178,13.25,Medium,Yes,Severe,1
TXN04022,U04022,23,Other,11.53,3.4,1.12,5.93,7.95,245,40,13.85,High,No,Moderate,1
TXN04023,U04023,21,Female,11.21,4.89,2.41,1.99,7.03,147,158,12.3,Low,Yes,Severe,1
TXN04024,U04024,24,Other,4.8,5.55,2.98,5.41,5.94,68,94,5.79,Medium,No,Moderate,1
TXN04025,U04025,32,Male,4.15,0.57,0.2,5.59,7.04,75,62,5.38,Medium,Yes,None,0
TXN04026,U04026,20,Female,9.13,5.81,1.84,1.11,5.37,54,90,11.25,Low,No,Moderate,1
TXN04027,U04027,26,Other,7.32,1.82,2.29,0.66,6.69,249,49,8.03,Low,No,Moderate,1
TXN04028,U04028,35,Male,11.48,2.87,2.4,0.93,5.16,237,43,13.4,High,Yes,Severe,1
TXN04029,U04029,26,Male,5.62,3.93,0.71,0.71,6.23,169,175,8.16,Medium,Yes,None,0
TXN04030,U04030,20,Male,11.41,3.61,1.97,3.67,4.98,123,106,14.05,Low,Yes,Moderate,1
TXN04031,U04031,29,Female,5.48,5.85,3.01,3.07,6.25,49,47,6.54,Medium,Yes,Severe,1
TXN04032,U04032,29,Other,3.83,5.91,0.08,2.62,6.35,157,104,5.51,Medium,Yes,Severe,1
TXN04033,U04033,25,Male,7.94,5.22,1.8,4.01,8.07,210,154,9.11,Medium,Yes,Severe,1
TXN04034,U04034,19,Male,11.33,1.09,2.37,0.93,5.22,124,64,14.29,Medium,Yes,Severe,1
TXN04035,U04035,20,Female,4.25,4.15,3.74,4.59,5.43,213,37,4.88,Medium,Yes,Moderate,1
TXN04036,U04036,18,Female,6.27,2.61,1.82,2.12,7.75,64,104,7.17,Low,Yes,Moderate,1
TXN04037,U04037,30,Female,6.03,4.99,2.82,2.03,6.19,227,34,7.61,Low,No,Severe,1
TXN04038,U04038,19,Female,4.86,2.36,1.42,4.61,8.34,92,55,7.44,Low,No,None,0
TXN04039,U04039,31,Other,6.82,5.27,2.98,1.19,6.34,198,138,8.29,Medium,No,Severe,1
TXN04040,U04040,18,Male,5.5,2.46,3.01,5.67,7.9,95,58,7.73,Medium,No,Mild,0
TXN04041,U04041,29,Other,5.6,2.97,0.21,1.99,6.67,178,116,6.2,High,Yes,Mild,0
TXN04042,U04042,33,Male,11.21,1.72,0.43,0.76,6.07,236,102,12.3,High,No,Moderate,1
TXN04043,U04043,21,Other,9.95,4.02,3.79,2.25,8.15,85,16,10.68,Low,No,Moderate,1
TXN04044,U04044,32,Other,8.5,4.84,2.81,2.79,6.97,155,146,9.6,High,No,Severe,1
TXN04045,U04045,25,Male,6.84,2.26,2.53,2.97,7.94,134,162,8.75,High,No,Moderate,1
TXN04046,U04046,29,Female,9.6,5.57,2.53,4.06,4.76,216,92,10.63,High,Yes,Severe,1
TXN04047,U04047,30,Male,7.64,3.72,1.98,4.2,5.98,226,130,9.45,High,No,Moderate,1
TXN04048,U04048,28,Male,5.09,4.68,0.43,3.41,6.95,123,127,6.9,High,No,Severe,1
TXN04049,U04049,21,Female,10.62,5.42,3.61,4.24,8.35,225,87,12.15,Low,Yes,Severe,1
TXN04050,U04050,23,Female,4.95,5.45,0.08,0.55,5.16,223,174,7.85,Medium,No,Moderate,1
TXN04051,U04051,20,Male,10.21,3.58,1.94,2.99,6.15,228,61,10.81,High,Yes,Severe,1
TXN04052,U04052,25,Other,9.16,0.61,1.15,4.94,5.73,47,174,12.05,Low,No,Moderate,1
TXN04053,U04053,19,Male,4.9,3.21,2.12,0.58,7.06,204,71,5.78,High,No,None,0
TXN04054,U04054,20,Female,7.1,5.08,3.54,4.63,8.77,144,22,9.15,Low,No,Severe,1
TXN04055,U04055,19,Other,7.97,3.12,2.79,3.12,8.87,47,121,10.47,Low,No,Moderate,1
TXN04056,U04056,23,Male,7.41,2.78,0.19,0.74,8.86,183,170,10.19,Medium,No,Moderate,1
TXN04057,U04057,18,Male,8.35,3.04,0.25,1.68,6.17,192,116,9.8,Low,Yes,Severe,1
TXN04058,U04058,18,Other,7.74,2.36,0.97,3.0,4.53,35,20,8.49,Low,Yes,Mild,0
TXN04059,U04059,21,Male,4.52,2.68,3.32,5.31,8.75,30,96,5.26,High,Yes,None,0
TXN04060,U04060,35,Male,11.18,4.54,2.27,4.84,7.77,48,16,13.64,Medium,No,Severe,1
TXN04061,U04061,19,Female,10.55,1.1,2.46,0.94,8.06,218,123,11.62,Low,Yes,Moderate,1
TXN04062,U04062,21,Male,8.11,1.92,0.54,5.83,7.16,104,144,10.19,Low,No,Severe,1
TXN04063,U04063,21,Female,3.57,5.31,0.08,4.81,8.16,84,92,6.04,High,No,Severe,1
TXN04064,U04064,19,Other,11.75,4.38,3.69,1.36,7.72,236,147,13.91,Low,No,Severe,1
TXN04065,U04065,34,Male,3.45,4.32,3.79,3.9,8.87,20,58,4.69,Medium,Yes,Severe,1
TXN04066,U04066,25,Male,11.68,1.49,0.46,3.05,5.94,148,128,13.42,Low,Yes,Moderate,1
TXN04067,U04067,22,Other,3.15,1.0,0.83,4.91,5.09,80,42,5.6,Medium,No,Mild,0
TXN04068,U04068,32,Female,5.52,3.35,0.67,3.31,6.7,22,142,8.3,High,Yes,None,0
TXN04069,U04069,31,Other,5.07,4.34,3.66,2.8,8.4,213,126,6.01,Medium,Yes,Moderate,1
TXN04070,U04070,31,Female,11.51,2.22,2.44,0.89,8.91,30,80,13.99,Medium,Yes,Severe,1
TXN04071,U04071,28,Other,10.78,5.93,3.88,4.01,8.32,207,92,13.55,Medium,No,Severe,1
TXN04072,U04072,21,Other,5.21,4.98,2.53,1.11,5.39,62,134,6.96,High,Yes,Moderate,1
TXN04073,U04073,32,Female,9.93,1.3,3.13,1.45,6.61,116,124,12.83,Medium,No,Moderate,1
TXN04074,U04074,27,Male,9.92,4.74,1.16,2.86,5.87,180,85,12.04,Low,Yes,Moderate,1
TXN04075,U04075,21,Male,10.65,1.79,1.66,4.66,8.52,164,90,12.05,Low,Yes,Moderate,1
TXN04076,U04076,25,Female,5.75,5.76,2.89,1.7,6.24,151,56,8.71,High,No,Severe,1
TXN04077,U04077,29,Other,5.73,5.46,0.6,0.53,8.04,76,172,7.6,Low,Yes,Moderate,1
TXN04078,U04078,32,Male,8.75,0.9,2.45,5.45,7.52,143,17,9.5,Medium,Yes,Moderate,1
TXN04079,U04079,29,Female,9.74,3.41,2.55,5.11,5.45,110,77,11.76,Low,Yes,Moderate,1
TXN04080,U04080,35,Female,7.16,4.47,1.62,0.71,7.99,116,66,9.91,Medium,No,Moderate,1
TXN04081,U04081,32,Male,10.38,3.83,3.14,1.25,8.42,114,31,10.98,High,Yes,Moderate,1
TXN04082,U04082,26,Female,5.65,0.58,0.56,3.18,5.12,23,111,6.99,High,No,None,0
TXN04083,U04083,31,Other,8.66,3.54,3.34,3.39,6.22,70,57,11.34,Medium,No,Moderate,1
TXN04084,U04084,21,Male,3.79,1.86,2.99,3.02,5.53,172,143,6.45,Medium,Yes,Mild,0
TXN04085,U04085,26,Male,10.65,5.81,1.73,5.42,5.1,76,22,13.14,High,No,Severe,1
TXN04086,U04086,27,Female,11.46,3.28,0.81,5.48,6.78,210,31,12.99,Medium,Yes,Severe,1
TXN04087,U04087,19,Other,6.2,2.06,1.9,1.85,8.06,94,140,8.89,Low,No,Mild,0
TXN04088,U04088,27,Other,6.0,3.84,3.65,3.56,7.15,65,62,8.81,Medium,No,Mild,0
TXN04089,U04089,27,Female,3.24,4.08,1.12,1.17,4.54,96,177,5.22,Medium,Yes,Moderate,1
TXN04090,U04090,32,Male,7.74,4.9,1.49,3.61,8.26,28,103,9.34,High,No,Severe,1
TXN04091,U04091,31,Other,8.35,5.17,0.86,3.62,8.11,207,17,8.93,High,Yes,Severe,1
TXN04092,U04092,29,Male,11.48,3.77,3.44,1.51,7.38,122,67,13.12,Medium,Yes,Moderate,1
TXN04093,U04093,29,Female,4.42,2.49,2.88,3.19,4.64,76,39,6.77,Low,Yes,Mild,0
TXN04094,U04094,21,Female,7.41,4.17,1.46,1.58,5.14,95,159,9.49,Low,No,Moderate,1
TXN04095,U04095,31,Other,8.21,2.21,2.21,5.37,6.64,137,32,9.29,High,Yes,Severe,1
TXN04096,U04096,34,Other,9.13,0.96,0.23,2.42,8.19,157,59,10.46,Low,No,Moderate,1
TXN04097,U04097,31,Other,10.07,1.6,3.11,5.21,6.44,216,54,10.57,High,Yes,Severe,1
TXN04098,U04098,35,Male,8.95,4.37,2.23,1.34,7.63,143,99,9.71,Low,No,Severe,1
TXN04099,U04099,19,Other,9.24,2.92,3.78,5.7,4.66,118,111,11.28,Low,Yes,Severe,1
TXN04100,U04100,30,Female,7.66,3.61,1.1,0.93,5.79,166,75,8.67,Low,Yes,Moderate,1
TXN04101,U04101,35,Female,5.86,5.8,0.68,4.62,5.06,152,25,7.34,High,Yes,Moderate,1
TXN04102,U04102,25,Male,4.53,4.27,2.96,3.52,8.4,57,167,6.68,Medium,No,Severe,1
TXN04103,U04103,24,Other,9.26,0.84,1.76,4.97,8.1,151,127,9.96,High,No,Severe,1
TXN04104,U04104,28,Female,11.58,2.19,3.48,0.66,6.59,94,101,14.12,Medium,No,Severe,1
TXN04105,U04105,21,Male,8.83,2.11,1.68,5.12,8.21,108,40,10.58,Low,No,Moderate,1
TXN04106,U04106,23,Other,10.97,1.72,3.14,5.39,7.68,70,25,12.3,High,No,Severe,1
TXN04107,U04107,34,Female,10.32,2.72,0.22,6.0,5.34,241,101,10.88,High,No,Severe,1
TXN04108,U04108,19,Female,11.43,3.67,2.7,0.61,8.71,202,52,13.0,Low,No,Severe,1
TXN04109,U04109,29,Other,10.74,4.54,0.54,4.7,5.65,89,42,12.86,Medium,Yes,Moderate,1
TXN04110,U04110,26,Male,3.13,4.64,1.04,3.63,6.84,151,68,4.43,Medium,Yes,Moderate,1
TXN04111,U04111,20,Other,7.97,4.28,0.03,3.33,4.98,181,70,9.8,High,Yes,Moderate,1
TXN04112,U04112,22,Male,7.29,3.62,2.02,3.67,5.49,235,42,10.17,High,No,Mild,0
TXN04113,U04113,31,Other,5.99,1.04,2.1,0.91,7.82,136,122,8.35,Low,Yes,Mild,0
TXN04114,U04114,32,Other,9.15,2.26,0.5,2.76,5.88,220,37,10.48,High,Yes,Moderate,1
TXN04115,U04115,21,Male,11.16,5.93,1.61,2.9,8.07,40,139,14.03,Low,Yes,Moderate,1
TXN04116,U04116,32,Female,11.11,3.63,0.46,2.29,7.71,223,140,13.3,Medium,Yes,Severe,1
TXN04117,U04117,25,Female,11.57,2.83,1.48,1.01,6.83,52,97,13.16,Medium,No,Moderate,1
TXN04118,U04118,24,Female,8.37,3.01,1.88,4.72,5.63,197,64,9.9,High,Yes,Moderate,1
TXN04119,U04119,21,Female,5.11,2.34,0.75,2.06,4.56,141,94,8.09,Medium,No,Mild,0
TXN04120,U04120,27,Male,8.81,2.13,2.8,2.18,5.64,56,44,10.6,Medium,Yes,Moderate,1
TXN04121,U04121,22,Male,11.05,5.48,2.04,5.67,8.81,91,25,13.8,Medium,Yes,Moderate,1
TXN04122,U04122,28,Other,3.6,2.21,2.66,2.55,6.95,189,121,4.91,Medium,No,None,0
TXN04123,U04123,33,Male,10.1,2.11,3.54,0.93,5.89,62,101,12.46,High,Yes,Severe,1
TXN04124,U04124,18,Male,6.82,4.77,3.31,1.24,7.79,178,129,8.37,Medium,No,Severe,1
TXN04125,U04125,19,Female,10.89,5.0,2.53,5.27,8.51,79,69,13.84,Medium,No,Severe,1
TXN04126,U04126,27,Other,10.62,0.68,2.94,5.96,7.01,71,164,12.29,Low,Yes,Moderate,1
TXN04127,U04127,19,Other,11.12,1.7,3.67,2.01,7.3,82,100,13.46,High,Yes,Severe,1
TXN04128,U04128,21,Female,11.28,3.17,2.75,5.57,8.17,33,69,11.98,Low,No,Severe,1
TXN04129,U04129,27,Female,11.11,4.36,0.39,5.7,8.69,141,145,13.59,Medium,No,Severe,1
TXN04130,U04130,34,Other,8.63,4.49,2.48,5.34,6.59,168,137,9.34,Medium,Yes,Severe,1
TXN04131,U04131,27,Male,6.75,4.06,2.45,5.62,7.15,65,72,8.85,High,No,Moderate,1
TXN04132,U04132,35,Other,10.74,5.8,2.89,4.55,5.42,54,141,12.92,Medium,No,Severe,1
TXN04133,U04133,34,Female,5.72,0.6,0.92,5.68,8.73,104,30,7.82,Low,No,None,0
TXN04134,U04134,21,Male,3.87,4.65,0.16,2.94,6.33,236,39,6.87,Low,Yes,Severe,1
TXN04135,U04135,27,Other,8.4,3.12,0.21,4.42,7.34,165,121,11.06,Low,Yes,Severe,1
TXN04136,U04136,23,Female,9.8,3.75,0.21,4.75,5.43,128,153,11.41,Low,Yes,Severe,1
TXN04137,U04137,33,Male,6.39,1.12,2.55,5.22,6.01,181,97,7.9,Low,No,Mild,0
TXN04138,U04138,29,Male,9.67,5.64,3.66,3.95,7.58,97,157,12.23,High,No,Moderate,1
TXN04139,U04139,23,Male,10.83,5.52,0.13,4.71,7.1,30,94,11.45,Low,Yes,Severe,1
TXN04140,U04140,32,Female,3.29,2.72,1.01,5.36,8.09,205,78,4.33,Low,No,None,0
TXN04141,U04141,20,Other,5.63,3.94,0.5,3.32,8.54,243,115,6.54,Low,No,Mild,0
TXN04142,U04142,27,Other,9.55,5.79,2.57,1.48,4.66,46,141,10.39,Medium,Yes,Moderate,1
TXN04143,U04143,28,Female,11.04,5.47,3.07,5.92,7.79,145,160,12.59,Low,Yes,Moderate,1
TXN04144,U04144,19,Other,8.96,4.5,1.1,2.64,4.86,250,122,11.21,High,No,Moderate,1
TXN04145,U04145,30,Male,6.53,3.15,1.11,3.16,8.95,101,151,9.28,Medium,No,Mild,0
TXN04146,U04146,32,Female,7.6,4.33,1.79,1.03,8.48,138,46,8.54,High,Yes,Moderate,1
TXN04147,U04147,30,Male,9.49,3.13,2.66,4.64,6.7,22,15,10.31,High,No,Severe,1
TXN04148,U04148,26,Female,5.75,1.51,2.02,5.16,8.77,20,17,6.8,High,No,None,0
TXN04149,U04149,27,Other,6.81,5.73,3.33,2.19,7.19,188,153,8.35,High,No,Severe,1
TXN04150,U04150,26,Other,8.42,1.56,0.71,1.65,7.12,62,111,10.3,Medium,No,Moderate,1
TXN04151,U04151,24,Male,7.23,2.55,3.95,4.86,6.89,221,88,8.55,High,No,Moderate,1
TXN04152,U04152,18,Female,8.22,1.93,3.81,2.08,4.58,149,43,9.28,Low,Yes,Severe,1
TXN04153,U04153,29,Female,3.17,0.92,0.65,2.66,7.89,197,110,5.5,Low,No,Mild,0
TXN04154,U04154,32,Female,5.09,2.08,2.28,4.13,6.41,65,52,7.61,Medium,No,Mild,0
TXN04155,U04155,18,Female,4.81,3.55,3.22,5.82,4.77,37,30,5.43,Medium,No,Mild,0
TXN04156,U04156,21,Male,8.66,4.1,0.96,3.82,6.25,142,169,9.77,High,Yes,Moderate,1
TXN04157,U04157,34,Other,4.76,1.58,1.78,2.86,6.81,161,117,6.57,High,Yes,Mild,0
TXN04158,U04158,21,Male,11.64,1.66,3.48,2.89,6.92,116,104,12.59,Low,Yes,Severe,1
TXN04159,U04159,33,Male,10.27,3.99,3.34,3.97,5.56,159,140,11.35,High,No,Moderate,1
TXN04160,U04160,34,Male,3.23,5.68,1.02,5.53,6.32,190,65,6.05,Medium,Yes,Severe,1
TXN04161,U04161,35,Female,6.55,1.35,2.88,2.75,7.34,67,151,7.27,Low,No,Moderate,1
TXN04162,U04162,32,Other,9.67,2.94,3.1,5.19,8.83,191,73,11.92,Medium,Yes,Moderate,1
TXN04163,U04163,19,Other,6.23,3.67,1.06,2.87,8.77,166,160,7.3,Low,No,Mild,0
TXN04164,U04164,33,Male,5.53,4.18,0.63,1.91,6.25,34,75,6.63,Medium,No,Severe,1
TXN04165,U04165,30,Other,6.15,3.4,1.09,3.83,7.26,230,119,8.54,Low,Yes,Mild,0
TXN04166,U04166,27,Female,3.19,1.81,1.46,3.1,5.69,123,67,5.19,Medium,No,None,0
TXN04167,U04167,34,Male,5.91,0.56,0.56,5.61,7.68,235,73,7.68,High,No,None,0
TXN04168,U04168,34,Male,6.86,5.45,3.73,3.63,8.03,88,180,9.35,Medium,Yes,Severe,1
TXN04169,U04169,26,Male,8.55,2.21,3.02,4.61,6.05,175,139,9.99,Low,No,Severe,1
TXN04170,U04170,30,Male,10.57,3.9,1.57,4.44,6.69,204,161,12.58,Medium,No,Moderate,1
TXN04171,U04171,23,Male,4.27,2.86,3.48,2.58,7.54,213,97,7.11,Low,Yes,None,0
TXN04172,U04172,33,Other,3.1,3.03,1.45,0.83,8.31,235,122,5.61,High,No,Mild,0
TXN04173,U04173,25,Female,10.71,4.31,3.59,1.1,6.11,242,156,12.15,High,Yes,Moderate,1
TXN04174,U04174,34,Female,11.02,0.89,3.05,5.37,6.74,243,16,11.66,Medium,Yes,Severe,1
TXN04175,U04175,34,Female,10.96,2.41,2.27,5.27,8.52,60,51,13.63,Medium,No,Severe,1
TXN04176,U04176,28,Other,4.64,1.5,0.38,4.59,6.91,177,94,5.84,Low,Yes,Mild,0
TXN04177,U04177,20,Female,11.19,2.71,2.4,1.65,4.73,161,35,12.48,High,No,Moderate,1
TXN04178,U04178,18,Other,6.14,4.13,3.06,3.79,7.69,23,125,8.7,Low,No,Moderate,1
TXN04179,U04179,20,Other,10.27,3.35,1.94,0.73,8.13,185,43,10.93,Low,Yes,Severe,1
TXN04180,U04180,25,Other,10.5,1.3,1.1,1.23,6.48,226,147,12.46,High,No,Moderate,1
TXN04181,U04181,25,Other,3.07,4.03,2.21,0.81,5.15,148,106,3.69,Medium,Yes,Moderate,1
TXN04182,U04182,21,Other,8.14,1.32,1.63,1.94,7.78,110,150,10.06,Medium,No,Moderate,1
TXN04183,U04183,26,Female,5.45,0.58,3.5,3.49,8.73,129,105,8.43,Medium,Yes,None,0
TXN04184,U04184,19,Female,9.19,2.55,2.04,2.18,6.62,106,117,10.64,Low,Yes,Moderate,1
TXN04185,U04185,30,Female,11.97,3.71,4.0,2.0,6.26,47,107,12.5,Low,Yes,Moderate,1
TXN04186,U04186,19,Other,6.75,3.96,3.44,2.88,4.75,232,107,7.32,Medium,Yes,Moderate,1
TXN04187,U04187,29,Female,9.27,2.86,1.94,5.4,5.46,225,136,11.2,Low,Yes,Severe,1
TXN04188,U04188,26,Other,5.03,1.34,2.27,3.76,7.67,103,54,5.74,High,No,None,0
TXN04189,U04189,21,Male,3.24,3.01,3.63,2.0,4.82,215,93,4.21,High,Yes,None,0
TXN04190,U04190,21,Male,3.67,3.98,0.2,2.9,6.37,192,49,4.76,Medium,Yes,None,0
TXN04191,U04191,25,Female,3.07,5.48,2.15,1.04,5.68,61,78,4.8,Low,Yes,Severe,1
TXN04192,U04192,24,Other,10.2,4.56,0.72,2.94,7.35,225,108,11.74,Medium,No,Severe,1
TXN04193,U04193,19,Female,9.73,5.77,3.68,0.72,4.72,112,157,11.67,Medium,Yes,Moderate,1
TXN04194,U04194,33,Other,10.49,5.26,0.21,1.01,5.91,76,154,13.46,High,No,Severe,1
TXN04195,U04195,21,Other,8.04,0.77,1.92,3.92,8.6,224,85,10.09,High,Yes,Severe,1
TXN04196,U04196,34,Male,10.84,1.13,2.68,5.14,8.92,235,44,13.73,Medium,No,Severe,1
TXN04197,U04197,28,Other,5.27,3.0,0.14,5.27,6.33,113,121,7.88,Medium,No,Mild,0
TXN04198,U04198,35,Female,6.26,5.21,1.25,2.33,8.0,182,117,7.31,Medium,No,Severe,1
TXN04199,U04199,29,Male,8.56,0.75,2.65,2.02,8.65,224,48,9.64,High,Yes,Severe,1
TXN04200,U04200,23,Other,6.43,5.85,2.04,2.2,7.41,154,180,7.91,Medium,No,Moderate,1
TXN04201,U04201,34,Other,5.1,1.7,1.34,5.67,7.47,212,67,6.1,High,No,None,0
TXN04202,U04202,24,Male,3.7,5.88,1.38,1.13,4.99,133,16,4.61,High,No,Severe,1
TXN04203,U04203,27,Female,5.76,5.88,2.31,1.55,5.27,64,73,8.18,High,Yes,Severe,1
TXN04204,U04204,20,Male,8.49,5.85,1.63,1.38,5.27,153,154,9.84,High,No,Moderate,1
TXN04205,U04205,24,Male,8.71,4.63,2.78,4.24,5.87,155,129,9.98,Medium,Yes,Severe,1
TXN04206,U04206,33,Other,4.36,3.96,0.42,3.18,6.33,132,139,6.33,Low,No,None,0
TXN04207,U04207,25,Male,9.67,1.94,1.32,0.97,4.67,100,81,11.0,Low,Yes,Severe,1
TXN04208,U04208,29,Other,11.3,3.33,1.73,2.21,5.63,37,124,13.91,Low,No,Moderate,1
TXN04209,U04209,30,Female,5.27,5.51,1.22,2.29,9.0,146,104,7.88,Low,Yes,Severe,1
TXN04210,U04210,21,Female,5.48,5.67,0.44,4.27,5.84,39,104,8.18,Low,Yes,Severe,1
TXN04211,U04211,34,Other,5.43,4.48,0.35,1.97,7.33,149,32,5.97,Low,No,Moderate,1
TXN04212,U04212,29,Other,7.34,1.06,3.83,5.47,4.96,169,106,8.09,High,No,Moderate,1
TXN04213,U04213,24,Other,7.88,5.22,1.53,0.7,8.42,64,167,9.37,High,Yes,Moderate,1
TXN04214,U04214,26,Other,5.17,3.36,3.54,2.6,6.93,155,50,7.81,High,Yes,None,0
TXN04215,U04215,18,Other,10.41,3.82,1.82,0.6,5.9,118,85,11.54,Low,Yes,Moderate,1
TXN04216,U04216,18,Male,6.4,0.51,1.43,4.48,7.53,177,27,8.18,High,No,Mild,0
TXN04217,U04217,19,Female,3.26,3.21,3.3,1.82,8.98,226,131,4.22,Low,No,None,0
TXN04218,U04218,28,Male,3.53,5.07,0.58,4.07,8.51,104,164,4.15,Medium,Yes,Severe,1
TXN04219,U04219,28,Male,10.59,1.4,3.03,4.11,6.15,170,67,11.22,Medium,Yes,Severe,1
TXN04220,U04220,27,Other,10.59,1.03,2.71,2.41,7.27,131,90,11.45,Low,No,Moderate,1
TXN04221,U04221,18,Female,8.49,3.92,1.83,3.07,8.47,199,95,9.21,High,Yes,Moderate,1
TXN04222,U04222,27,Female,3.82,0.88,2.46,0.99,5.4,113,122,5.1,Low,Yes,Mild,0
TXN04223,U04223,23,Female,6.85,0.73,0.51,4.64,7.09,66,57,7.82,Medium,Yes,Moderate,1
TXN04224,U04224,24,Female,7.84,3.78,3.7,2.15,8.44,163,159,8.76,Medium,Yes,Moderate,1
TXN04225,U04225,33,Male,5.9,3.78,2.49,3.02,6.29,100,41,6.81,High,No,Mild,0
TXN04226,U04226,35,Male,4.69,3.2,1.69,4.75,4.76,40,15,5.39,Low,Yes,None,0
TXN04227,U04227,34,Female,7.44,4.82,2.56,4.24,5.68,38,92,8.66,High,Yes,Severe,1
TXN04228,U04228,28,Male,9.79,3.0,2.26,3.4,7.33,178,123,12.5,Low,Yes,Severe,1
TXN04229,U04229,29,Female,10.81,1.68,2.49,1.56,6.04,83,101,11.74,Low,No,Moderate,1
TXN04230,U04230,24,Female,9.12,2.08,1.52,5.7,4.6,221,125,12.0,High,Yes,Severe,1
TXN04231,U04231,21,Male,11.66,3.12,1.28,5.4,4.58,31,34,12.26,Low,Yes,Moderate,1
TXN04232,U04232,21,Male,9.44,1.65,1.35,2.5,5.3,240,121,11.43,Low,Yes,Moderate,1
TXN04233,U04233,35,Female,6.2,1.93,1.05,1.2,5.24,229,74,8.27,Medium,Yes,Mild,0
TXN04234,U04234,26,Other,5.87,5.5,0.43,4.05,5.7,51,173,7.35,High,No,Severe,1
TXN04235,U04235,34,Male,10.29,4.71,3.84,4.23,7.37,214,170,11.04,Low,No,Severe,1
TXN04236,U04236,24,Other,11.16,4.38,1.57,2.36,8.07,126,171,13.36,Low,Yes,Severe,1
TXN04237,U04237,24,Female,3.78,5.32,3.41,2.94,7.05,83,60,4.78,High,Yes,Severe,1
TXN04238,U04238,28,Female,6.05,3.0,3.95,3.58,6.61,183,56,8.13,Low,Yes,Mild,0
TXN04239,U04239,31,Male,5.56,5.93,2.33,0.58,7.25,177,151,7.14,High,Yes,Severe,1
TXN04240,U04240,33,Other,9.26,2.9,3.75,5.95,7.06,175,159,10.3,High,Yes,Moderate,1
TXN04241,U04241,27,Male,8.06,5.0,2.73,2.0,5.03,80,36,10.06,High,Yes,Moderate,1
TXN04242,U04242,27,Male,3.82,2.35,1.98,5.52,6.84,121,70,6.57,Medium,Yes,Mild,0
TXN04243,U04243,24,Other,4.49,3.1,0.52,4.76,7.17,122,119,7.4,High,No,Mild,0
TXN04244,U04244,26,Female,4.91,0.99,0.65,0.87,7.71,197,118,6.3,Low,No,Mild,0
TXN04245,U04245,24,Male,10.08,5.64,2.94,4.26,5.81,71,35,10.63,Medium,No,Severe,1
TXN04246,U04246,19,Other,11.39,4.24,3.99,4.75,6.57,166,121,11.99,High,No,Severe,1
TXN04247,U04247,32,Male,8.47,5.94,3.47,2.15,5.65,61,63,9.22,High,No,Severe,1
TXN04248,U04248,21,Other,4.52,4.39,3.86,3.52,4.7,55,179,7.44,Low,Yes,Moderate,1
TXN04249,U04249,26,Male,3.43,3.66,3.48,4.51,8.23,169,44,4.72,Medium,Yes,Mild,0
TXN04250,U04250,29,Male,10.09,3.57,0.06,0.94,5.59,88,137,12.16,High,Yes,Severe,1
TXN04251,U04251,31,Female,5.29,5.39,0.69,2.77,6.54,101,83,7.51,High,Yes,Severe,1
TXN04252,U04252,24,Female,8.4,4.48,0.05,2.09,5.64,157,36,10.03,High,No,Moderate,1
TXN04253,U04253,25,Other,11.36,4.35,3.29,4.93,6.3,186,101,13.74,Low,No,Severe,1
TXN04254,U04254,23,Other,3.17,1.04,2.59,1.06,5.19,220,113,4.64,Medium,Yes,None,0
TXN04255,U04255,33,Other,3.01,0.54,3.05,3.07,7.68,175,126,5.2,Medium,Yes,Mild,0
TXN04256,U04256,20,Male,3.67,2.38,0.85,1.15,4.75,191,104,6.41,Low,No,Mild,0
TXN04257,U04257,35,Male,6.5,2.2,2.59,3.07,6.65,108,155,8.15,Medium,Yes,Moderate,1
TXN04258,U04258,33,Female,4.25,4.27,1.29,1.82,4.61,71,62,5.59,Medium,No,Severe,1
TXN04259,U04259,26,Other,11.25,0.87,3.7,1.8,8.65,111,38,13.24,High,Yes,Severe,1
TXN04260,U04260,27,Other,4.42,2.77,1.73,0.98,5.86,74,19,6.4,High,Yes,None,0
TXN04261,U04261,27,Female,9.22,1.15,0.3,5.02,7.38,70,112,10.8,Low,Yes,Severe,1
TXN04262,U04262,31,Male,10.94,4.38,1.31,4.61,5.86,63,62,12.73,High,Yes,Moderate,1
TXN04263,U04263,28,Other,9.18,5.07,2.05,2.27,5.34,203,167,10.8,High,Yes,Severe,1
TXN04264,U04264,31,Other,6.2,2.91,1.26,1.82,7.39,108,60,7.0,High,No,Mild,0
TXN04265,U04265,30,Female,5.65,5.75,1.15,1.29,8.68,221,179,6.34,Medium,Yes,Moderate,1
TXN04266,U04266,26,Male,11.82,3.27,0.03,5.71,8.5,23,42,13.32,Low,No,Moderate,1
TXN04267,U04267,26,Female,8.14,1.89,3.46,4.22,5.06,174,175,9.63,Medium,No,Moderate,1
TXN04268,U04268,22,Other,9.57,1.53,3.49,5.71,5.68,100,87,10.58,Medium,No,Severe,1
TXN04269,U04269,31,Other,7.31,2.18,1.92,5.21,5.34,172,146,8.83,Low,Yes,Mild,0
TXN04270,U04270,25,Male,4.86,1.23,2.46,3.59,8.11,204,155,7.73,Low,No,None,0
TXN04271,U04271,31,Female,9.0,3.16,2.41,2.62,5.83,174,87,11.06,High,No,Moderate,1
TXN04272,U04272,32,Male,6.19,5.73,3.9,4.56,8.08,159,87,8.15,Medium,Yes,Severe,1
TXN04273,U04273,31,Female,7.64,1.51,0.63,3.26,7.05,201,118,8.32,Low,Yes,Moderate,1
TXN04274,U04274,20,Female,9.05,2.53,0.68,5.34,5.21,106,130,10.87,Low,No,Moderate,1
TXN04275,U04275,18,Male,4.72,4.98,3.51,1.72,7.81,143,33,5.42,Low,Yes,Severe,1
TXN04276,U04276,18,Other,10.48,4.07,3.62,5.3,7.31,112,178,12.41,Medium,Yes,Moderate,1
TXN04277,U04277,22,Other,11.83,0.69,0.61,1.58,8.05,82,110,14.17,Low,Yes,Moderate,1
TXN04278,U04278,35,Other,8.56,2.48,0.42,1.16,5.58,215,173,10.52,High,No,Moderate,1
TXN04279,U04279,32,Male,8.41,2.91,3.97,2.65,6.47,156,55,9.52,Low,No,Moderate,1
TXN04280,U04280,30,Female,10.29,4.67,3.34,2.31,5.87,195,81,12.78,Medium,No,Severe,1
TXN04281,U04281,24,Male,3.21,2.72,3.28,2.6,4.79,193,157,5.3,High,Yes,Mild,0
TXN04282,U04282,19,Female,4.56,3.75,0.32,1.65,7.92,152,84,5.65,High,Yes,None,0
TXN04283,U04283,20,Male,8.21,3.52,3.02,0.92,8.82,132,166,9.74,Low,Yes,Severe,1
TXN04284,U04284,32,Male,9.78,2.04,3.84,0.79,5.77,81,58,11.38,High,Yes,Moderate,1
TXN04285,U04285,34,Male,5.53,5.73,1.05,5.59,8.08,124,37,7.72,High,Yes,Severe,1
TXN04286,U04286,26,Female,10.48,3.36,2.1,2.32,8.39,248,124,11.56,Low,Yes,Moderate,1
TXN04287,U04287,18,Other,11.81,4.55,1.93,4.16,4.84,82,136,13.34,Low,Yes,Severe,1
TXN04288,U04288,28,Female,8.41,1.17,1.31,2.48,8.45,156,68,10.23,Low,No,Moderate,1
TXN04289,U04289,33,Male,7.65,5.96,0.47,2.06,7.99,202,126,9.18,High,No,Severe,1
TXN04290,U04290,24,Other,4.54,5.51,0.23,5.46,7.99,247,60,7.12,High,Yes,Severe,1
TXN04291,U04291,28,Male,9.17,5.11,2.2,3.39,8.62,231,28,9.9,Medium,Yes,Moderate,1
TXN04292,U04292,29,Male,5.25,2.36,3.14,5.84,6.79,150,166,5.79,Medium,Yes,None,0
TXN04293,U04293,25,Other,6.03,1.75,0.33,3.22,6.22,32,51,7.66,Medium,Yes,Moderate,1
TXN04294,U04294,35,Female,8.0,5.29,2.05,4.28,6.57,42,154,8.69,High,Yes,Moderate,1
TXN04295,U04295,33,Other,9.03,2.94,0.18,5.86,4.56,229,80,10.72,Low,Yes,Moderate,1
TXN04296,U04296,23,Male,11.47,1.69,2.82,4.33,8.27,64,94,13.54,Low,No,Moderate,1
TXN04297,U04297,26,Male,9.84,2.2,2.27,3.43,7.15,57,98,11.75,Low,No,Moderate,1
TXN04298,U04298,20,Other,8.32,2.81,2.88,3.85,5.61,112,16,8.97,Low,No,Moderate,1
TXN04299,U04299,20,Other,4.78,0.74,0.11,4.77,8.37,38,137,5.29,High,Yes,Mild,0
TXN04300,U04300,30,Other,8.01,1.97,1.66,4.88,6.92,54,179,10.94,High,No,Moderate,1
TXN04301,U04301,27,Female,9.92,5.55,3.54,3.32,6.91,166,115,11.93,Low,No,Severe,1
TXN04302,U04302,19,Other,5.94,2.92,3.4,2.2,7.9,63,36,8.42,High,No,None,0
TXN04303,U04303,30,Other,4.37,4.39,2.33,2.74,8.78,89,164,6.56,Medium,Yes,Severe,1
TXN04304,U04304,23,Female,10.78,0.88,2.5,0.84,4.75,225,114,12.34,High,No,Moderate,1
TXN04305,U04305,22,Female,3.9,3.5,1.45,3.55,5.47,108,146,6.75,High,Yes,Mild,0
TXN04306,U04306,19,Male,10.01,5.61,2.78,0.99,8.53,60,121,11.3,Medium,No,Severe,1
TXN04307,U04307,31,Male,5.84,2.64,1.83,2.34,7.98,48,36,8.4,Low,Yes,Mild,0
TXN04308,U04308,21,Male,7.7,4.11,2.77,3.94,7.96,69,109,9.62,Medium,Yes,Severe,1
TXN04309,U04309,29,Other,9.49,2.36,1.38,2.82,6.07,202,75,10.46,High,No,Moderate,1
TXN04310,U04310,31,Male,3.59,2.87,3.04,4.3,6.82,68,17,6.14,Low,No,None,0
TXN04311,U04311,33,Other,7.86,1.69,3.3,1.18,7.6,36,76,8.91,High,Yes,Mild,0
TXN04312,U04312,18,Female,5.53,0.76,1.96,4.97,6.39,161,94,8.11,High,Yes,None,0
TXN04313,U04313,19,Other,10.88,2.88,2.94,1.31,6.08,160,140,11.47,High,Yes,Severe,1
TXN04314,U04314,19,Other,4.29,5.54,2.94,3.6,5.72,69,116,6.3,Low,Yes,Moderate,1
TXN04315,U04315,31,Other,10.93,3.42,2.16,2.59,6.34,126,35,12.46,Low,No,Severe,1
TXN04316,U04316,33,Other,10.97,3.0,2.84,2.25,7.19,203,161,13.24,High,Yes,Severe,1
TXN04317,U04317,21,Female,6.22,2.0,2.16,3.88,8.66,159,37,8.4,Medium,Yes,Mild,0
TXN04318,U04318,28,Male,10.49,4.87,3.01,3.1,6.13,222,151,13.0,Medium,No,Severe,1
TXN04319,U04319,28,Male,6.87,1.96,3.37,3.44,6.95,224,152,8.7,Medium,No,Moderate,1
TXN04320,U04320,21,Male,5.03,3.66,3.68,1.6,6.58,132,86,7.62,Low,No,None,0
TXN04321,U04321,21,Female,5.17,5.1,3.26,4.84,8.36,74,156,8.13,High,Yes,Moderate,1
TXN04322,U04322,18,Other,5.64,1.47,1.9,2.91,7.77,223,106,8.24,Low,Yes,Mild,0
TXN04323,U04323,23,Male,7.33,1.75,0.19,4.13,4.55,98,96,9.77,Medium,No,Moderate,1
TXN04324,U04324,23,Female,10.52,5.87,3.77,0.73,8.62,102,90,13.42,Medium,No,Moderate,1
TXN04325,U04325,32,Female,10.22,4.16,0.23,5.46,7.05,20,161,12.27,High,No,Severe,1
TXN04326,U04326,31,Other,3.61,0.61,2.3,1.15,7.89,75,104,5.12,Low,No,Mild,0
TXN04327,U04327,30,Male,4.2,0.81,3.98,3.94,4.65,154,21,5.57,High,No,Mild,0
TXN04328,U04328,18,Male,10.24,4.71,1.19,0.91,6.42,235,112,12.44,Low,No,Severe,1
TXN04329,U04329,33,Other,6.36,1.35,3.54,5.29,4.6,49,130,7.66,High,Yes,Mild,0
TXN04330,U04330,18,Male,5.88,3.03,0.47,1.75,6.65,120,22,8.8,High,No,None,0
TXN04331,U04331,24,Female,4.37,4.53,2.08,3.84,8.24,56,73,6.49,Medium,No,Severe,1
TXN04332,U04332,33,Female,8.5,1.99,1.5,5.26,5.96,232,62,9.69,Medium,No,Moderate,1
TXN04333,U04333,35,Other,8.44,5.85,2.91,5.38,6.49,141,177,11.28,Medium,No,Severe,1
TXN04334,U04334,32,Female,7.94,2.67,1.2,0.98,7.63,65,85,8.78,High,Yes,Moderate,1
TXN04335,U04335,35,Female,9.13,5.16,2.47,3.58,6.13,122,103,9.99,High,No,Moderate,1
TXN04336,U04336,21,Female,3.78,3.07,2.12,1.82,8.97,37,85,4.99,Medium,No,Mild,0
TXN04337,U04337,32,Female,11.47,4.78,2.34,4.12,4.85,24,64,12.14,High,No,Moderate,1
TXN04338,U04338,33,Male,10.86,5.72,3.87,5.31,7.5,149,148,13.03,Medium,No,Moderate,1
TXN04339,U04339,28,Female,9.17,0.67,3.28,2.28,6.91,95,118,10.11,Low,No,Moderate,1
TXN04340,U04340,31,Other,5.97,3.42,1.62,2.25,5.01,79,36,6.8,Medium,Yes,None,0
TXN04341,U04341,34,Other,4.13,3.89,2.57,3.16,4.71,211,125,6.28,Medium,No,None,0
TXN04342,U04342,26,Male,6.93,2.75,0.21,4.84,6.72,224,104,8.85,High,No,Moderate,1
TXN04343,U04343,21,Female,11.96,4.98,1.34,4.31,5.24,119,93,12.65,Low,No,Severe,1
TXN04344,U04344,28,Male,4.39,4.12,2.94,2.49,6.69,135,65,7.19,Low,No,Moderate,1
TXN04345,U04345,18,Other,11.47,1.49,3.19,3.05,5.06,74,35,13.22,Low,Yes,Moderate,1
TXN04346,U04346,26,Other,8.41,0.78,2.88,5.87,5.64,195,95,10.95,Medium,No,Severe,1
TXN04347,U04347,33,Female,5.22,4.28,0.87,3.58,5.53,175,32,6.19,High,Yes,Moderate,1
TXN04348,U04348,30,Male,8.22,4.5,1.05,3.35,6.11,151,179,8.74,Medium,No,Severe,1
TXN04349,U04349,22,Male,8.2,4.8,3.57,3.31,7.91,129,51,9.89,High,Yes,Severe,1
TXN04350,U04350,22,Female,5.33,2.14,3.4,3.39,6.06,158,172,7.65,High,Yes,Mild,0
TXN04351,U04351,18,Male,8.16,3.07,0.79,0.8,6.38,236,123,9.39,High,No,Severe,1
TXN04352,U04352,26,Female,5.41,2.15,3.63,5.83,4.87,206,150,7.62,Low,Yes,None,0
TXN04353,U04353,27,Other,8.27,4.27,3.31,3.74,4.91,40,51,9.12,Low,Yes,Severe,1
TXN04354,U04354,21,Male,11.89,4.05,2.03,0.93,6.22,91,23,13.2,Low,No,Severe,1
TXN04355,U04355,25,Male,7.4,0.51,2.15,5.48,6.74,115,34,9.44,Low,Yes,Mild,0
TXN04356,U04356,31,Female,3.24,1.83,3.04,3.05,7.86,81,56,4.81,Medium,No,Mild,0
TXN04357,U04357,25,Female,3.7,0.84,3.22,1.65,5.48,79,154,6.53,Medium,No,None,0
TXN04358,U04358,31,Other,11.63,3.15,0.22,2.46,6.04,64,34,13.68,High,No,Severe,1
TXN04359,U04359,31,Other,7.91,1.26,0.82,5.51,7.56,245,35,8.78,Medium,Yes,Mild,0
TXN04360,U04360,24,Female,3.19,3.49,1.07,1.2,7.99,104,134,3.74,Medium,No,None,0
TXN04361,U04361,33,Other,10.48,4.37,2.92,4.46,8.18,67,91,11.61,High,No,Severe,1
TXN04362,U04362,33,Other,5.93,3.81,1.75,1.07,8.28,115,121,8.43,Medium,Yes,None,0
TXN04363,U04363,19,Female,4.17,1.37,3.22,2.25,7.76,129,74,6.1,Medium,No,Mild,0
TXN04364,U04364,34,Female,4.92,1.05,0.05,3.65,5.37,108,157,7.12,High,No,None,0
TXN04365,U04365,24,Male,9.13,4.32,1.89,0.69,5.34,182,33,11.14,Medium,No,Moderate,1
TXN04366,U04366,18,Other,4.56,3.52,1.76,1.39,8.34,235,155,5.14,Low,No,Mild,0
TXN04367,U04367,27,Other,8.12,3.21,1.52,3.94,5.91,201,173,8.63,High,Yes,Severe,1
TXN04368,U04368,26,Male,4.99,4.14,2.84,2.4,5.15,168,100,7.46,Low,Yes,Moderate,1
TXN04369,U04369,34,Other,7.24,4.28,3.84,0.72,8.42,65,47,10.21,Medium,Yes,Moderate,1
TXN04370,U04370,23,Female,3.38,3.73,2.3,2.48,8.94,32,150,5.31,Low,No,Mild,0
TXN04371,U04371,20,Male,10.64,1.14,3.4,5.25,5.79,241,152,11.59,Medium,No,Moderate,1
TXN04372,U04372,33,Other,4.72,0.74,1.57,2.28,7.81,151,150,6.79,High,No,Mild,0
TXN04373,U04373,31,Male,10.01,1.51,3.79,1.58,6.41,81,104,10.64,High,No,Severe,1
TXN04374,U04374,30,Other,10.4,5.74,0.51,3.05,8.26,35,104,11.29,Medium,Yes,Severe,1
TXN04375,U04375,26,Other,10.0,4.0,1.26,5.44,6.22,126,111,11.67,High,No,Severe,1
TXN04376,U04376,21,Female,5.5,4.43,1.22,0.6,8.71,233,18,8.09,Low,Yes,Severe,1
TXN04377,U04377,24,Other,7.03,1.99,2.93,0.59,6.64,149,60,8.01,Low,Yes,Moderate,1
TXN04378,U04378,35,Female,9.21,1.73,1.71,4.74,5.24,206,51,11.89,Low,Yes,Severe,1
TXN04379,U04379,19,Male,4.04,2.02,1.88,2.73,6.58,127,126,4.74,High,Yes,None,0
TXN04380,U04380,29,Female,8.39,5.19,0.49,5.43,5.23,207,83,10.14,Low,Yes,Moderate,1
TXN04381,U04381,34,Other,8.98,0.97,0.22,2.67,7.15,192,114,11.89,Low,Yes,Severe,1
TXN04382,U04382,29,Other,8.7,4.22,0.19,0.6,6.66,147,101,10.35,Low,Yes,Moderate,1
TXN04383,U04383,25,Male,9.62,3.53,3.75,3.2,7.49,157,86,10.81,Medium,No,Moderate,1
TXN04384,U04384,24,Male,8.68,0.98,2.03,4.43,8.58,96,42,10.55,Medium,Yes,Moderate,1
TXN04385,U04385,30,Male,9.66,5.95,1.81,0.86,8.38,134,78,10.73,Medium,Yes,Moderate,1
TXN04386,U04386,31,Other,6.25,2.71,1.38,4.84,8.22,144,36,7.21,High,Yes,Mild,0
TXN04387,U04387,19,Other,7.81,5.33,0.66,4.06,6.61,127,168,9.82,High,Yes,Severe,1
TXN04388,U04388,18,Other,5.71,3.28,2.46,2.64,7.25,112,113,7.22,Low,Yes,None,0
TXN04389,U04389,22,Female,10.77,4.38,3.95,2.22,6.44,76,107,12.68,Low,Yes,Severe,1
TXN04390,U04390,25,Male,11.9,4.3,0.79,5.77,7.1,54,143,13.97,Medium,Yes,Severe,1
TXN04391,U04391,33,Male,5.88,2.67,1.73,1.88,5.93,90,166,8.78,Medium,Yes,None,0
TXN04392,U04392,31,Male,10.28,4.72,3.56,3.65,5.19,218,102,12.1,Low,Yes,Moderate,1
TXN04393,U04393,29,Other,7.81,4.15,2.83,4.77,6.16,180,77,8.94,Medium,Yes,Moderate,1
TXN04394,U04394,34,Female,6.13,1.78,3.92,5.53,5.58,41,170,8.71,Low,No,Mild,0
TXN04395,U04395,32,Female,7.55,1.65,0.19,3.71,7.59,227,63,8.39,High,Yes,Mild,0
TXN04396,U04396,33,Male,3.77,5.86,1.81,1.02,4.53,92,26,4.71,Medium,Yes,Severe,1
TXN04397,U04397,33,Male,5.8,3.0,3.98,1.08,7.32,36,143,6.98,High,Yes,None,0
TXN04398,U04398,18,Female,9.76,5.32,0.36,1.81,8.25,195,178,10.68,Low,No,Moderate,1
TXN04399,U04399,18,Female,3.72,4.5,3.59,5.09,7.97,166,56,4.49,High,Yes,Moderate,1
TXN04400,U04400,33,Other,11.45,1.97,1.0,2.97,6.39,93,97,12.89,High,No,Severe,1
TXN04401,U04401,21,Male,6.36,4.29,2.18,5.06,5.43,121,99,8.41,Medium,No,Severe,1
TXN04402,U04402,21,Other,5.62,3.04,3.98,1.15,5.33,192,170,8.0,High,Yes,None,0
TXN04403,U04403,22,Female,10.59,2.57,1.69,3.62,6.91,225,163,12.04,Low,Yes,Severe,1
TXN04404,U04404,31,Other,9.15,3.69,1.54,5.15,8.3,243,55,11.47,Medium,No,Moderate,1
TXN04405,U04405,34,Other,10.31,2.83,3.14,2.45,8.64,222,90,13.13,High,No,Severe,1
TXN04406,U04406,32,Female,6.98,5.74,2.4,5.5,6.71,143,69,9.21,High,Yes,Moderate,1
TXN04407,U04407,28,Female,3.31,4.98,2.1,1.56,7.79,219,136,4.4,Low,Yes,Severe,1
TXN04408,U04408,27,Female,9.22,5.6,2.88,2.89,7.03,123,101,10.84,Medium,Yes,Severe,1
TXN04409,U04409,30,Other,3.03,4.59,1.44,0.95,6.57,244,68,3.87,Low,Yes,Moderate,1
TXN04410,U04410,28,Female,7.63,2.91,2.24,1.42,7.33,154,18,10.59,High,Yes,Moderate,1
TXN04411,U04411,33,Female,6.59,4.66,0.22,3.37,5.47,228,23,8.19,High,Yes,Moderate,1
TXN04412,U04412,22,Female,4.7,4.14,0.33,4.57,5.51,98,90,6.76,High,No,Severe,1
TXN04413,U04413,18,Other,8.74,5.84,1.14,4.58,6.7,48,127,11.13,Low,No,Severe,1
TXN04414,U04414,30,Female,5.16,1.61,1.49,4.83,7.76,32,172,6.29,Medium,Yes,Mild,0
TXN04415,U04415,23,Female,5.39,3.28,1.52,3.58,6.72,41,78,6.25,Low,No,Mild,0
TXN04416,U04416,32,Female,3.56,4.22,2.48,3.31,5.03,48,16,4.73,Medium,Yes,Moderate,1
TXN04417,U04417,20,Female,11.19,5.27,2.2,4.18,4.6,64,35,12.3,High,No,Moderate,1
TXN04418,U04418,19,Female,4.72,2.22,0.44,5.58,4.9,80,90,5.44,Medium,No,None,0
TXN04419,U04419,31,Female,10.52,2.4,1.2,0.97,8.94,83,67,13.35,Medium,No,Moderate,1
TXN04420,U04420,27,Other,9.71,0.98,2.62,2.73,4.61,70,112,10.71,High,No,Severe,1
TXN04421,U04421,30,Female,5.99,0.8,3.75,1.94,5.97,250,96,8.61,Low,Yes,None,0
TXN04422,U04422,29,Male,5.08,1.93,0.08,2.66,6.46,129,175,7.53,Medium,No,None,0
TXN04423,U04423,26,Female,3.58,4.88,0.6,5.72,5.74,130,85,6.01,Low,No,Moderate,1
TXN04424,U04424,18,Other,8.14,4.18,0.79,2.43,7.91,233,148,9.33,Medium,Yes,Moderate,1
TXN04425,U04425,26,Female,8.73,2.72,0.39,5.47,5.15,136,36,9.35,Medium,Yes,Moderate,1
TXN04426,U04426,26,Female,11.81,1.8,2.07,4.66,7.7,207,171,13.71,High,Yes,Moderate,1
TXN04427,U04427,19,Other,11.37,1.02,1.53,1.66,7.05,208,53,13.52,Medium,Yes,Severe,1
TXN04428,U04428,25,Other,4.21,3.54,1.45,4.61,5.04,197,170,5.13,Medium,Yes,None,0
TXN04429,U04429,24,Female,3.02,0.65,0.69,1.81,6.89,151,69,5.8,High,Yes,Mild,0
TXN04430,U04430,21,Female,6.73,3.64,1.97,2.7,7.57,166,126,7.25,High,Yes,Mild,0
TXN04431,U04431,22,Male,8.52,5.54,0.6,1.76,8.92,103,159,9.33,High,Yes,Severe,1
TXN04432,U04432,20,Other,11.15,1.86,1.73,4.42,6.95,137,50,13.45,Medium,Yes,Severe,1
TXN04433,U04433,18,Other,8.17,1.07,3.17,4.16,4.91,233,124,10.05,High,Yes,Moderate,1
TXN04434,U04434,22,Other,5.61,2.62,0.64,5.55,6.3,116,48,7.6,Low,Yes,Mild,0
TXN04435,U04435,27,Male,8.79,4.33,3.99,4.13,7.39,244,74,9.64,High,Yes,Moderate,1
TXN04436,U04436,22,Female,5.27,5.21,0.8,5.92,7.0,74,115,7.05,Low,Yes,Severe,1
TXN04437,U04437,21,Female,5.64,6.0,3.74,4.78,8.74,158,86,7.33,High,Yes,Severe,1
TXN04438,U04438,32,Other,5.55,1.0,1.7,1.68,5.71,20,103,7.2,Medium,Yes,Mild,0
TXN04439,U04439,28,Male,4.64,2.42,0.71,1.86,5.08,96,83,6.8,Low,No,Mild,0
TXN04440,U04440,29,Other,5.87,0.53,2.2,4.34,6.52,101,82,7.61,High,Yes,Mild,0
TXN04441,U04441,32,Male,3.25,2.85,0.71,4.85,4.5,200,124,6.1,Low,Yes,Mild,0
TXN04442,U04442,32,Male,6.99,1.19,2.45,2.07,8.67,62,87,8.78,High,Yes,Moderate,1
TXN04443,U04443,29,Other,4.55,3.35,3.03,5.88,5.57,102,123,6.42,High,Yes,None,0
TXN04444,U04444,23,Male,3.19,3.11,2.01,0.52,6.76,249,61,4.12,Low,Yes,Mild,0
TXN04445,U04445,21,Other,3.04,4.37,2.37,4.72,5.38,108,81,4.77,Low,Yes,Moderate,1
TXN04446,U04446,23,Female,7.41,4.78,0.52,5.15,7.11,62,95,8.13,Low,Yes,Moderate,1
TXN04447,U04447,35,Male,11.32,1.25,1.44,3.05,8.89,166,146,14.07,Low,No,Severe,1
TXN04448,U04448,23,Female,6.88,0.69,0.71,1.44,4.72,21,134,8.56,Low,Yes,Mild,0
TXN04449,U04449,35,Other,3.94,1.08,1.39,5.43,6.94,57,90,5.39,High,No,None,0
TXN04450,U04450,19,Other,7.87,1.14,1.43,4.79,5.13,240,145,9.41,Medium,Yes,Mild,0
TXN04451,U04451,32,Female,11.7,2.09,1.12,1.1,8.01,48,110,14.68,Low,Yes,Severe,1
TXN04452,U04452,34,Other,9.49,1.86,0.5,2.39,7.53,189,20,11.88,Low,No,Severe,1
TXN04453,U04453,26,Male,7.69,1.62,3.04,4.34,8.94,195,128,9.54,High,No,Moderate,1
TXN04454,U04454,28,Male,5.81,5.67,2.63,1.51,8.2,230,160,8.03,Medium,No,Severe,1
TXN04455,U04455,27,Female,6.95,5.28,1.99,0.74,8.93,173,36,9.3,High,Yes,Moderate,1
TXN04456,U04456,24,Female,4.97,4.98,3.61,3.93,5.01,140,60,5.97,Low,No,Moderate,1
TXN04457,U04457,28,Other,7.8,4.47,2.17,5.92,6.39,229,43,10.76,High,No,Moderate,1
TXN04458,U04458,32,Other,3.51,1.1,1.37,1.3,8.56,49,43,6.12,High,No,Mild,0
TXN04459,U04459,21,Female,8.62,4.49,1.55,4.19,6.01,141,67,9.7,High,No,Severe,1
TXN04460,U04460,35,Male,4.08,1.73,0.87,2.98,5.69,215,15,6.33,High,Yes,None,0
TXN04461,U04461,18,Other,11.07,1.86,0.66,2.01,5.72,60,113,12.44,Medium,No,Moderate,1
TXN04462,U04462,34,Female,8.47,4.11,0.48,3.69,6.75,189,99,11.12,Low,No,Moderate,1
TXN04463,U04463,27,Male,10.85,2.7,2.23,4.85,8.52,249,69,12.02,High,No,Moderate,1
TXN04464,U04464,27,Male,8.55,0.77,0.19,5.33,4.65,21,121,10.52,Medium,Yes,Moderate,1
TXN04465,U04465,24,Female,3.77,3.09,3.84,1.43,8.1,93,19,6.18,High,Yes,None,0
TXN04466,U04466,29,Male,3.03,3.6,2.3,0.65,8.76,91,20,4.82,Low,No,Mild,0
TXN04467,U04467,19,Male,8.18,2.93,1.5,1.04,8.12,103,169,9.09,Low,No,Severe,1
TXN04468,U04468,33,Other,5.6,1.99,2.76,4.42,5.38,68,36,7.41,High,No,Mild,0
TXN04469,U04469,28,Female,5.3,3.61,0.98,5.55,8.8,47,52,7.72,Medium,Yes,None,0
TXN04470,U04470,35,Female,10.86,5.96,2.82,4.19,5.29,40,168,12.52,High,Yes,Moderate,1
TXN04471,U04471,34,Other,4.09,4.56,0.51,5.81,5.28,105,150,5.95,Low,Yes,Moderate,1
TXN04472,U04472,32,Female,7.17,1.04,1.45,1.02,4.63,148,83,8.45,Medium,No,Moderate,1
TXN04473,U04473,18,Female,3.55,5.28,3.77,4.92,6.05,133,120,4.84,Low,Yes,Severe,1
TXN04474,U04474,27,Other,10.87,3.5,3.19,2.92,7.49,224,105,11.59,Medium,Yes,Severe,1
TXN04475,U04475,18,Female,11.73,0.87,3.32,4.37,4.63,244,165,14.62,Medium,No,Severe,1
TXN04476,U04476,31,Other,4.53,4.59,1.5,5.06,6.39,83,156,7.29,High,No,Moderate,1
TXN04477,U04477,19,Male,7.12,2.72,2.97,3.17,7.66,236,80,9.23,Low,Yes,Mild,0
TXN04478,U04478,28,Male,7.33,3.77,0.04,5.57,6.06,162,31,8.09,Low,No,Moderate,1
TXN04479,U04479,33,Female,6.94,1.79,0.89,0.73,8.09,127,145,7.56,Low,Yes,Mild,0
TXN04480,U04480,21,Female,9.88,2.8,0.69,5.21,7.23,78,106,10.83,Medium,Yes,Moderate,1
TXN04481,U04481,32,Female,4.56,2.79,1.34,0.87,8.54,52,126,5.31,Medium,No,None,0
TXN04482,U04482,18,Female,3.74,5.93,3.88,3.53,5.46,185,48,5.85,Low,Yes,Moderate,1
TXN04483,U04483,25,Male,3.39,5.07,3.48,2.69,7.8,24,131,4.12,High,No,Moderate,1
TXN04484,U04484,21,Male,9.84,2.37,1.18,3.29,5.96,126,60,12.72,High,No,Severe,1
TXN04485,U04485,21,Female,9.99,1.92,3.73,5.17,5.57,93,159,10.87,Medium,Yes,Severe,1
TXN04486,U04486,29,Female,11.56,3.07,0.25,2.61,7.42,73,27,12.58,Low,Yes,Moderate,1
TXN04487,U04487,35,Female,9.42,3.32,1.87,1.03,5.2,41,100,10.76,Medium,Yes,Moderate,1
TXN04488,U04488,21,Female,4.61,3.5,0.76,5.38,5.38,23,34,6.28,High,Yes,Mild,0
TXN04489,U04489,28,Male,8.67,5.36,3.58,4.55,8.68,213,111,9.55,Low,No,Severe,1
TXN04490,U04490,21,Female,7.37,4.62,0.17,2.18,6.15,142,83,8.18,Medium,No,Severe,1
TXN04491,U04491,23,Female,4.87,0.53,3.74,1.52,8.9,53,74,7.79,Medium,Yes,Mild,0
TXN04492,U04492,27,Male,5.05,1.69,2.92,4.55,8.34,197,106,7.84,High,No,None,0
TXN04493,U04493,20,Female,3.62,1.23,3.95,1.39,7.88,22,172,6.45,High,Yes,None,0
TXN04494,U04494,33,Male,6.86,1.91,0.19,5.73,7.64,49,38,8.61,High,Yes,Mild,0
TXN04495,U04495,20,Other,3.36,5.28,0.12,4.25,5.68,29,27,5.91,Low,Yes,Severe,1
TXN04496,U04496,28,Female,10.45,5.44,2.14,2.7,6.06,25,66,12.32,High,No,Moderate,1
TXN04497,U04497,23,Female,4.22,4.75,3.12,1.77,7.08,66,168,4.74,Medium,Yes,Moderate,1
TXN04498,U04498,26,Female,7.76,3.49,3.71,3.2,8.99,173,126,9.15,Medium,No,Moderate,1
TXN04499,U04499,24,Other,8.15,5.79,3.82,3.55,4.95,128,75,10.56,Low,No,Severe,1
TXN04500,U04500,25,Other,5.33,1.94,2.81,5.84,8.4,39,118,5.92,High,No,Mild,0
TXN04501,U04501,21,Other,8.02,1.3,0.85,4.43,7.56,182,161,10.52,Medium,No,Severe,1
TXN04502,U04502,27,Male,7.73,4.82,1.58,3.91,8.42,99,92,10.66,Low,No,Moderate,1
TXN04503,U04503,29,Male,7.17,3.91,2.35,1.91,6.21,34,137,7.83,Low,Yes,Moderate,1
TXN04504,U04504,35,Female,4.17,2.72,1.13,2.68,8.74,53,69,6.5,Medium,No,Mild,0
TXN04505,U04505,22,Male,11.07,4.48,3.11,5.1,6.49,234,17,13.63,Medium,No,Moderate,1
TXN04506,U04506,32,Male,8.05,1.83,2.45,4.49,5.65,163,116,8.95,High,No,Severe,1
TXN04507,U04507,21,Other,10.35,0.98,2.64,4.02,8.78,160,55,12.14,High,Yes,Moderate,1
TXN04508,U04508,28,Male,3.12,1.8,2.0,3.43,8.73,106,17,4.53,Medium,Yes,Mild,0
TXN04509,U04509,20,Other,5.39,1.23,3.88,2.34,7.96,182,119,6.29,Medium,No,None,0
TXN04510,U04510,32,Male,10.88,1.47,0.92,3.28,5.05,250,93,12.05,Medium,No,Severe,1
TXN04511,U04511,26,Female,8.33,2.99,0.81,0.69,5.83,118,69,9.44,Medium,No,Severe,1
TXN04512,U04512,28,Male,10.2,0.99,2.62,1.27,8.58,195,148,12.32,High,No,Moderate,1
TXN04513,U04513,20,Other,4.15,0.8,1.43,3.84,4.75,166,148,6.19,Low,Yes,None,0
TXN04514,U04514,23,Other,4.36,0.72,2.87,5.58,8.45,227,142,5.93,High,No,None,0
TXN04515,U04515,30,Other,10.84,1.61,2.19,3.54,6.2,124,129,12.06,High,Yes,Moderate,1
TXN04516,U04516,33,Male,7.39,2.3,3.41,3.69,6.34,113,168,8.77,Low,Yes,Mild,0
TXN04517,U04517,24,Other,6.28,5.54,0.21,1.39,5.5,195,65,7.86,Medium,No,Severe,1
TXN04518,U04518,25,Male,7.19,2.84,2.54,5.54,5.84,25,68,9.26,Medium,Yes,Mild,0
TXN04519,U04519,20,Male,8.58,1.93,3.21,5.74,7.9,146,61,9.13,Medium,No,Severe,1
TXN04520,U04520,23,Male,3.91,4.96,3.75,4.55,8.58,219,156,6.51,Medium,No,Moderate,1
TXN04521,U04521,30,Male,10.41,3.78,3.19,0.58,8.85,228,68,12.73,Low,No,Moderate,1
TXN04522,U04522,35,Other,7.53,4.8,2.31,5.78,7.11,223,151,9.62,High,No,Severe,1
TXN04523,U04523,34,Male,3.13,0.67,2.53,2.37,7.96,247,61,4.96,Medium,No,None,0
TXN04524,U04524,28,Female,4.57,1.66,3.98,1.07,5.65,215,39,6.15,Low,No,None,0
TXN04525,U04525,23,Male,7.47,1.93,0.56,0.66,8.44,188,178,10.11,Low,Yes,Moderate,1
TXN04526,U04526,32,Female,8.13,5.98,2.41,2.94,7.8,151,36,8.75,Medium,No,Moderate,1
TXN04527,U04527,18,Female,9.67,5.25,0.68,5.03,7.0,134,148,10.88,Low,No,Moderate,1
TXN04528,U04528,33,Female,11.71,1.93,2.72,5.23,8.58,152,133,13.43,High,No,Moderate,1
TXN04529,U04529,30,Other,8.49,5.07,0.54,1.13,7.41,136,176,10.91,Low,Yes,Severe,1
TXN04530,U04530,34,Other,5.54,0.58,2.8,5.16,7.6,78,17,7.99,High,No,Mild,0
TXN04531,U04531,21,Female,5.74,5.47,2.62,4.96,5.34,247,143,6.99,Medium,No,Severe,1
TXN04532,U04532,26,Male,3.92,2.35,3.11,2.04,6.34,116,127,5.81,Medium,Yes,Mild,0
TXN04533,U04533,30,Male,5.67,2.68,2.61,4.38,4.92,123,147,7.09,Medium,Yes,Mild,0
TXN04534,U04534,33,Female,4.06,3.37,1.2,3.51,5.92,183,78,5.24,High,Yes,None,0
TXN04535,U04535,20,Female,3.09,5.19,0.11,4.12,8.12,162,148,4.1,Low,No,Moderate,1
TXN04536,U04536,20,Other,3.48,0.99,0.52,4.94,7.41,227,93,5.15,High,Yes,Mild,0
TXN04537,U04537,33,Female,8.12,1.03,2.35,4.96,8.49,68,143,8.76,High,Yes,Moderate,1
TXN04538,U04538,28,Other,10.23,3.46,1.05,4.79,7.87,150,21,12.6,Low,Yes,Severe,1
TXN04539,U04539,29,Other,7.04,4.53,1.64,2.08,5.99,65,94,9.24,Low,Yes,Severe,1
TXN04540,U04540,21,Other,8.66,5.03,2.65,2.69,6.46,180,48,11.46,Low,No,Moderate,1
TXN04541,U04541,32,Male,4.34,4.81,3.1,4.35,7.74,153,180,5.93,Low,No,Moderate,1
TXN04542,U04542,27,Other,9.79,2.02,0.92,2.92,6.12,247,26,11.66,High,Yes,Moderate,1
TXN04543,U04543,28,Female,6.5,5.21,2.01,5.76,7.01,91,15,9.33,Low,No,Moderate,1
TXN04544,U04544,22,Other,8.93,3.54,3.63,5.5,7.28,95,42,11.14,High,No,Severe,1
TXN04545,U04545,19,Male,5.38,3.01,0.33,1.79,6.71,175,57,6.88,High,Yes,Mild,0
TXN04546,U04546,35,Other,9.93,5.25,1.0,3.35,4.55,194,19,10.46,High,Yes,Severe,1
TXN04547,U04547,18,Male,6.79,3.15,3.17,1.26,5.71,100,176,8.07,Low,Yes,Mild,0
TXN04548,U04548,23,Male,4.09,3.33,0.41,3.93,5.42,101,152,6.64,Low,Yes,None,0
TXN04549,U04549,33,Other,4.29,2.18,0.55,0.89,7.96,120,29,6.08,High,Yes,Mild,0
TXN04550,U04550,26,Female,7.88,4.18,3.96,1.4,7.59,69,47,8.82,High,No,Severe,1
TXN04551,U04551,21,Female,8.42,3.62,0.32,3.3,4.92,150,117,9.41,Low,Yes,Moderate,1
TXN04552,U04552,28,Male,9.44,4.25,0.71,4.79,6.05,111,92,10.58,Low,Yes,Severe,1
TXN04553,U04553,19,Other,10.86,5.95,3.63,5.55,7.37,146,82,13.29,Low,Yes,Severe,1
TXN04554,U04554,32,Male,4.81,1.7,1.01,5.23,6.14,33,149,5.84,Medium,No,None,0
TXN04555,U04555,19,Male,9.77,5.39,3.96,2.7,4.52,185,155,10.89,High,No,Severe,1
TXN04556,U04556,31,Male,9.72,2.6,3.04,5.75,6.1,152,128,12.48,Low,No,Severe,1
TXN04557,U04557,25,Female,5.09,5.98,2.01,3.24,8.87,29,62,6.21,High,No,Moderate,1
TXN04558,U04558,31,Other,8.35,2.09,3.33,2.59,4.97,176,58,10.01,High,Yes,Moderate,1
TXN04559,U04559,19,Female,7.15,3.98,0.62,3.48,8.46,224,172,8.53,Low,No,Mild,0
TXN04560,U04560,28,Male,6.84,5.29,2.87,5.44,6.51,33,35,8.53,High,Yes,Moderate,1
TXN04561,U04561,32,Other,5.89,2.32,2.77,3.0,8.43,142,78,7.31,Low,No,Mild,0
TXN04562,U04562,27,Other,10.8,1.93,2.42,3.83,6.79,30,140,13.67,High,No,Severe,1
TXN04563,U04563,33,Other,7.67,5.14,2.85,0.79,4.58,62,88,10.63,High,Yes,Moderate,1
TXN04564,U04564,18,Male,11.8,0.55,0.86,2.16,8.54,142,45,14.25,High,No,Moderate,1
TXN04565,U04565,24,Other,3.49,5.12,2.04,5.21,4.54,212,109,4.66,Low,Yes,Severe,1
TXN04566,U04566,25,Other,3.98,5.62,2.28,4.88,4.63,218,84,5.86,High,Yes,Severe,1
TXN04567,U04567,29,Other,8.09,5.94,1.85,1.26,5.3,169,49,10.78,Medium,Yes,Moderate,1
TXN04568,U04568,25,Female,10.94,4.35,2.3,3.47,5.45,167,39,13.01,Medium,Yes,Moderate,1
TXN04569,U04569,31,Other,10.47,3.59,3.64,5.49,7.96,158,31,13.1,High,Yes,Severe,1
TXN04570,U04570,30,Other,7.32,3.07,1.52,3.87,6.92,124,80,8.5,Medium,Yes,Mild,0
TXN04571,U04571,29,Other,3.74,1.08,1.05,1.42,8.0,64,97,5.08,Medium,Yes,None,0
TXN04572,U04572,21,Female,11.93,4.61,2.1,1.25,6.76,64,72,12.47,Low,No,Moderate,1
TXN04573,U04573,29,Female,4.42,4.28,3.37,1.42,8.0,206,52,5.52,Low,No,Moderate,1
TXN04574,U04574,20,Female,9.55,2.61,3.45,3.48,6.38,132,108,12.04,Medium,Yes,Severe,1
TXN04575,U04575,32,Female,3.99,3.65,2.8,2.74,6.09,199,92,6.87,High,No,Mild,0
TXN04576,U04576,19,Other,8.52,4.86,0.93,4.3,6.9,131,175,10.51,Medium,Yes,Severe,1
TXN04577,U04577,27,Male,9.81,2.7,0.63,1.19,4.92,147,137,12.19,Medium,Yes,Severe,1
TXN04578,U04578,18,Other,11.23,5.94,3.64,0.97,4.56,28,138,13.85,Medium,Yes,Moderate,1
TXN04579,U04579,23,Male,9.59,1.62,2.56,0.89,6.93,193,27,10.61,Low,Yes,Severe,1
TXN04580,U04580,34,Other,3.8,1.59,2.5,1.33,6.64,243,81,5.92,Medium,No,Mild,0
TXN04581,U04581,27,Other,9.92,5.52,3.79,2.94,8.61,201,168,12.51,Medium,No,Severe,1
TXN04582,U04582,32,Male,11.3,0.92,1.25,2.74,6.26,119,130,13.22,High,No,Moderate,1
TXN04583,U04583,30,Other,4.09,3.1,2.44,3.43,5.24,135,111,4.8,High,Yes,Mild,0
TXN04584,U04584,24,Male,11.21,3.5,2.07,4.74,7.04,173,32,12.15,Low,Yes,Moderate,1
TXN04585,U04585,30,Male,4.96,4.89,3.86,4.83,5.0,131,137,5.65,Low,No,Moderate,1
TXN04586,U04586,28,Other,9.8,4.55,2.43,1.56,6.39,224,144,12.46,Medium,Yes,Severe,1
TXN04587,U04587,23,Male,10.18,1.51,3.65,1.9,7.76,45,57,11.57,High,Yes,Moderate,1
TXN04588,U04588,26,Female,5.21,0.76,3.92,3.47,6.75,186,45,6.09,Medium,No,Mild,0
TXN04589,U04589,32,Male,7.62,0.64,3.89,3.2,7.19,88,27,9.66,Low,No,Moderate,1
TXN04590,U04590,24,Other,7.38,5.38,2.73,5.7,5.66,48,92,9.72,Low,No,Severe,1
TXN04591,U04591,21,Male,8.01,4.97,0.27,1.34,6.79,89,174,10.38,Medium,Yes,Severe,1
TXN04592,U04592,26,Male,3.35,5.65,2.16,4.65,6.06,226,163,5.97,High,No,Moderate,1
TXN04593,U04593,19,Other,10.52,2.5,0.7,2.99,8.16,175,173,12.2,Low,No,Severe,1
TXN04594,U04594,28,Female,3.43,5.5,1.35,1.87,7.73,50,55,6.15,Low,No,Moderate,1
TXN04595,U04595,26,Female,10.92,4.23,2.28,2.51,5.92,23,78,13.12,Medium,No,Moderate,1
TXN04596,U04596,26,Female,10.03,3.08,1.76,1.81,6.19,190,139,11.83,High,Yes,Severe,1
TXN04597,U04597,20,Male,6.66,3.49,1.6,1.5,7.9,179,91,7.19,High,Yes,Moderate,1
TXN04598,U04598,32,Female,9.48,1.43,3.85,1.11,6.26,156,18,10.52,Low,No,Severe,1
TXN04599,U04599,26,Male,3.23,4.45,2.38,5.52,7.25,117,100,3.78,Medium,No,Severe,1
TXN04600,U04600,26,Male,8.14,4.94,2.15,5.1,7.71,28,49,8.98,High,Yes,Severe,1
TXN04601,U04601,20,Other,8.97,4.75,3.51,5.96,7.36,68,121,11.02,High,Yes,Severe,1
TXN04602,U04602,26,Other,6.52,0.68,0.02,5.7,8.31,78,101,8.7,Low,No,Moderate,1
TXN04603,U04603,24,Female,3.72,1.38,3.72,0.86,8.86,158,82,5.04,Low,Yes,Mild,0
TXN04604,U04604,30,Female,3.94,1.49,1.34,3.4,7.7,174,139,5.34,Medium,No,None,0
TXN04605,U04605,33,Other,11.95,5.63,3.36,2.84,6.39,182,26,14.01,Medium,Yes,Moderate,1
TXN04606,U04606,35,Other,11.62,5.43,2.21,2.07,5.86,141,64,14.1,Low,No,Severe,1
TXN04607,U04607,28,Other,5.64,3.04,3.58,5.58,6.58,121,25,7.44,High,No,Mild,0
TXN04608,U04608,34,Male,9.03,2.22,3.17,5.24,5.78,204,74,11.85,Medium,No,Severe,1
TXN04609,U04609,20,Female,9.53,2.27,1.46,3.1,4.73,41,179,10.89,Medium,Yes,Severe,1
TXN04610,U04610,35,Male,3.73,0.81,1.47,2.98,8.13,58,21,4.34,Medium,No,Mild,0
TXN04611,U04611,21,Male,6.8,4.69,1.11,4.42,6.34,122,117,8.89,High,Yes,Moderate,1
TXN04612,U04612,33,Other,6.01,4.32,2.15,3.33,5.41,225,72,7.08,Low,No,Moderate,1
TXN04613,U04613,22,Female,6.22,2.07,1.3,3.68,5.24,225,176,7.15,Low,No,Moderate,1
TXN04614,U04614,28,Male,4.87,3.25,1.79,4.34,4.89,165,20,5.42,High,Yes,None,0
TXN04615,U04615,18,Female,4.85,1.42,1.67,2.75,4.91,163,18,6.62,High,No,Mild,0
TXN04616,U04616,20,Female,6.52,5.86,3.81,4.32,8.0,108,15,7.39,High,No,Moderate,1
TXN04617,U04617,19,Male,9.82,1.35,3.25,3.66,6.13,71,109,10.83,Medium,Yes,Severe,1
TXN04618,U04618,32,Female,10.78,4.6,3.63,2.57,5.8,175,63,11.81,Low,Yes,Moderate,1
TXN04619,U04619,19,Other,4.04,3.04,3.67,2.12,6.28,158,71,5.28,High,No,Mild,0
TXN04620,U04620,21,Other,7.39,2.28,1.82,4.67,8.63,44,48,10.29,Low,Yes,Moderate,1
TXN04621,U04621,25,Female,5.45,3.24,0.69,5.1,5.79,183,22,8.05,High,Yes,Mild,0
TXN04622,U04622,21,Other,5.68,2.59,2.24,4.55,7.63,155,162,7.58,Low,No,None,0
TXN04623,U04623,22,Other,7.01,2.66,0.64,3.39,7.63,235,120,8.05,Medium,No,Moderate,1
TXN04624,U04624,18,Male,3.61,0.87,2.4,4.91,8.14,87,166,5.9,Medium,Yes,Mild,0
TXN04625,U04625,28,Female,8.19,1.8,0.03,4.76,6.24,89,160,10.52,Low,No,Severe,1
TXN04626,U04626,29,Male,9.1,3.73,0.4,2.22,7.97,38,16,9.94,High,Yes,Severe,1
TXN04627,U04627,32,Female,3.66,5.11,2.54,0.62,5.8,53,32,4.51,Low,Yes,Moderate,1
TXN04628,U04628,31,Female,7.87,3.85,1.41,0.94,8.54,154,87,9.75,Medium,No,Mild,0
TXN04629,U04629,28,Female,9.37,5.68,2.07,4.97,5.32,178,29,12.25,High,No,Severe,1
TXN04630,U04630,21,Female,7.14,0.6,3.85,2.61,5.47,207,51,9.19,High,No,Mild,0
TXN04631,U04631,18,Male,10.5,1.88,2.07,3.21,7.72,105,149,13.41,High,Yes,Severe,1
TXN04632,U04632,32,Male,10.89,4.0,0.22,3.06,4.6,98,148,11.88,Low,No,Severe,1
TXN04633,U04633,32,Male,10.88,5.33,1.45,1.67,5.21,235,93,11.92,Low,Yes,Severe,1
TXN04634,U04634,22,Female,6.04,2.84,3.14,2.17,5.45,80,50,8.78,Low,Yes,Mild,0
TXN04635,U04635,31,Other,5.31,3.16,3.71,5.72,5.62,34,169,8.25,High,No,None,0
TXN04636,U04636,28,Male,9.26,0.84,2.34,1.08,4.7,250,45,11.49,Low,No,Severe,1
TXN04637,U04637,24,Male,3.32,4.7,2.34,0.79,7.11,249,76,5.87,Low,No,Moderate,1
TXN04638,U04638,34,Female,11.31,5.32,1.62,2.1,6.87,115,98,13.11,Medium,Yes,Moderate,1
TXN04639,U04639,23,Female,10.65,2.92,2.09,3.07,6.15,131,90,11.93,Low,Yes,Severe,1
TXN04640,U04640,28,Male,3.21,3.82,0.59,2.48,7.69,231,127,4.49,Medium,Yes,None,0
TXN04641,U04641,20,Other,6.82,0.82,3.84,2.45,5.36,222,41,9.76,High,No,Mild,0
TXN04642,U04642,27,Female,4.63,0.62,3.66,1.72,5.93,245,142,6.25,Low,Yes,None,0
TXN04643,U04643,19,Male,5.61,1.85,1.53,5.81,6.19,213,73,8.6,Medium,No,Mild,0
TXN04644,U04644,24,Other,9.58,1.6,1.19,3.16,6.61,130,70,10.24,High,No,Severe,1
TXN04645,U04645,29,Other,7.58,3.0,3.22,5.95,5.85,227,176,10.07,High,Yes,Moderate,1
TXN04646,U04646,35,Other,8.13,1.71,0.11,1.85,6.71,150,97,11.13,Low,No,Severe,1
TXN04647,U04647,22,Female,11.5,3.38,2.84,2.75,6.6,49,174,12.05,Medium,Yes,Severe,1
TXN04648,U04648,20,Other,3.89,4.44,3.79,2.44,8.11,31,141,6.72,High,Yes,Severe,1
TXN04649,U04649,30,Male,10.97,0.98,2.22,3.84,4.79,38,143,12.57,Low,No,Moderate,1
TXN04650,U04650,23,Other,10.94,3.29,2.57,2.46,6.33,185,81,11.91,Medium,Yes,Severe,1
TXN04651,U04651,20,Other,10.0,2.72,3.07,3.15,7.25,107,83,11.12,Low,No,Moderate,1
TXN04652,U04652,20,Male,8.44,5.37,2.84,0.96,7.8,197,48,10.61,Low,No,Moderate,1
TXN04653,U04653,33,Other,10.04,1.19,3.8,2.51,8.24,50,61,11.14,Low,Yes,Severe,1
TXN04654,U04654,19,Female,5.92,4.42,3.82,1.62,8.87,40,128,6.76,Low,Yes,Severe,1
TXN04655,U04655,24,Other,9.94,0.87,0.28,4.31,7.93,206,131,12.62,High,Yes,Severe,1
TXN04656,U04656,24,Female,6.15,4.25,1.2,2.12,7.29,47,155,6.92,Low,Yes,Severe,1
TXN04657,U04657,32,Other,3.03,5.62,2.32,1.56,8.2,80,106,5.16,Low,No,Severe,1
TXN04658,U04658,18,Female,7.05,5.2,1.02,5.37,4.99,162,113,9.28,High,No,Moderate,1
TXN04659,U04659,35,Male,9.21,1.54,1.18,2.33,8.71,79,172,10.41,High,Yes,Severe,1
TXN04660,U04660,18,Male,10.37,2.92,2.13,1.88,8.48,190,147,11.56,High,No,Moderate,1
TXN04661,U04661,22,Female,4.45,4.46,3.92,4.27,5.08,161,28,6.01,Medium,No,Moderate,1
TXN04662,U04662,23,Female,7.04,1.56,2.91,5.0,5.64,89,104,9.76,Low,Yes,Moderate,1
TXN04663,U04663,33,Male,5.67,1.29,2.93,0.54,7.91,162,64,6.21,Low,No,Mild,0
TXN04664,U04664,33,Male,3.93,4.26,2.08,1.42,6.5,206,103,6.92,Low,Yes,Severe,1
TXN04665,U04665,28,Male,4.9,1.92,3.41,1.19,5.9,153,122,6.7,High,Yes,None,0
TXN04666,U04666,28,Male,10.64,5.28,0.88,0.64,8.81,66,129,13.48,Medium,No,Moderate,1
TXN04667,U04667,25,Male,7.66,3.21,0.44,5.6,8.49,106,150,10.36,High,No,Moderate,1
TXN04668,U04668,23,Male,4.64,0.95,2.73,3.95,5.22,205,26,5.22,Medium,Yes,None,0
TXN04669,U04669,26,Female,4.2,5.61,0.19,1.74,8.22,142,178,5.23,Medium,No,Moderate,1
TXN04670,U04670,19,Female,10.14,1.19,1.26,4.5,5.58,70,118,11.58,High,No,Moderate,1
TXN04671,U04671,28,Other,7.57,4.52,3.68,3.89,7.23,142,153,9.81,Medium,Yes,Moderate,1
TXN04672,U04672,27,Other,5.64,2.23,1.28,4.33,7.18,147,142,6.61,Medium,No,None,0
TXN04673,U04673,24,Other,3.8,4.06,2.1,2.67,6.29,127,117,4.87,Medium,Yes,Moderate,1
TXN04674,U04674,20,Male,3.88,1.93,0.45,3.31,5.83,223,133,5.52,Medium,No,None,0
TXN04675,U04675,26,Other,10.95,5.69,1.71,4.04,8.94,121,105,11.69,Low,No,Severe,1
TXN04676,U04676,26,Other,11.79,5.4,1.83,4.92,6.07,71,146,12.91,Medium,No,Moderate,1
TXN04677,U04677,24,Other,4.99,4.17,1.3,5.15,4.99,197,151,5.87,High,Yes,Moderate,1
TXN04678,U04678,27,Female,7.38,0.7,2.27,2.96,8.91,229,108,9.55,Medium,Yes,Mild,0
TXN04679,U04679,35,Female,9.15,1.77,3.69,1.92,5.91,144,163,11.76,High,Yes,Moderate,1
TXN04680,U04680,23,Other,10.63,1.06,1.15,3.77,8.67,74,101,12.73,High,Yes,Moderate,1
TXN04681,U04681,25,Other,3.76,4.53,2.81,4.29,6.82,134,82,6.47,Medium,No,Severe,1
TXN04682,U04682,32,Other,4.79,0.52,0.25,0.98,4.94,177,79,5.92,Low,Yes,Mild,0
TXN04683,U04683,33,Male,11.48,4.18,2.02,4.69,7.59,202,44,12.84,High,No,Severe,1
TXN04684,U04684,29,Male,9.76,0.92,0.26,4.93,7.93,169,91,12.05,High,No,Moderate,1
TXN04685,U04685,33,Other,5.6,2.65,1.25,1.28,6.5,27,90,6.99,Low,Yes,Mild,0
TXN04686,U04686,24,Male,8.85,0.66,0.46,4.59,6.06,194,85,9.91,Low,Yes,Moderate,1
TXN04687,U04687,27,Male,8.81,3.7,0.72,2.71,8.25,50,53,10.67,Medium,No,Severe,1
TXN04688,U04688,30,Other,9.97,1.75,2.61,0.79,4.82,161,126,11.56,Low,No,Moderate,1
TXN04689,U04689,29,Female,10.43,2.97,0.07,1.67,5.75,31,114,11.61,High,Yes,Moderate,1
TXN04690,U04690,34,Male,5.52,3.43,3.64,2.69,7.3,40,152,7.82,Medium,No,Mild,0
TXN04691,U04691,23,Female,3.72,1.81,2.28,0.69,7.21,184,67,6.11,Low,No,None,0
TXN04692,U04692,22,Other,5.03,1.27,1.08,5.8,5.44,42,43,6.14,High,No,None,0
TXN04693,U04693,28,Other,7.22,5.42,1.73,5.11,6.78,147,110,10.01,High,No,Moderate,1
TXN04694,U04694,19,Other,8.12,1.9,0.47,2.56,7.24,151,77,11.08,High,No,Severe,1
TXN04695,U04695,19,Female,4.1,4.93,2.01,3.55,7.92,136,127,5.92,Medium,Yes,Moderate,1
TXN04696,U04696,32,Other,9.9,4.89,2.45,0.73,7.39,39,171,11.83,Low,Yes,Severe,1
TXN04697,U04697,18,Other,5.23,3.48,3.71,4.57,8.93,181,110,7.53,High,No,None,0
TXN04698,U04698,24,Other,10.79,3.44,1.8,3.38,7.54,135,35,12.46,High,No,Severe,1
TXN04699,U04699,35,Female,3.19,2.07,1.61,1.14,5.16,84,120,4.53,Medium,No,Mild,0
TXN04700,U04700,30,Male,4.99,2.62,3.01,2.65,8.89,161,44,6.01,High,Yes,None,0
TXN04701,U04701,24,Female,10.75,5.48,3.87,1.51,4.75,145,167,13.12,High,Yes,Moderate,1
TXN04702,U04702,35,Other,7.01,5.66,2.95,3.24,4.71,213,38,7.95,Low,No,Severe,1
TXN04703,U04703,24,Male,9.66,3.96,2.83,2.41,4.53,65,168,10.48,High,Yes,Moderate,1
TXN04704,U04704,20,Other,5.11,2.94,2.98,2.27,6.63,88,16,7.27,Medium,Yes,Mild,0
TXN04705,U04705,27,Other,8.42,0.93,3.87,5.9,7.22,157,49,9.41,Medium,No,Severe,1
TXN04706,U04706,25,Male,7.91,1.31,1.73,1.73,5.57,23,19,10.2,Low,Yes,Mild,0
TXN04707,U04707,31,Other,9.75,4.61,3.33,1.59,7.66,37,91,12.05,Low,No,Severe,1
TXN04708,U04708,31,Male,3.69,2.09,1.46,5.46,4.89,191,96,5.53,High,Yes,None,0
TXN04709,U04709,30,Other,9.3,3.85,1.15,5.44,8.09,248,163,10.26,Low,Yes,Severe,1
TXN04710,U04710,34,Other,8.21,5.51,1.37,4.22,8.95,73,179,10.33,Low,Yes,Moderate,1
TXN04711,U04711,35,Other,8.39,3.35,0.3,0.54,5.21,57,51,10.52,High,No,Severe,1
TXN04712,U04712,32,Female,7.67,4.91,0.36,5.4,5.89,51,16,9.44,High,Yes,Severe,1
TXN04713,U04713,26,Other,4.36,1.86,1.17,1.97,7.91,43,141,6.11,High,No,Mild,0
TXN04714,U04714,33,Male,3.39,1.68,0.52,4.19,5.35,34,169,4.05,Medium,Yes,None,0
TXN04715,U04715,27,Male,8.77,4.56,1.78,3.68,8.15,81,94,11.52,Low,Yes,Severe,1
TXN04716,U04716,29,Male,3.41,3.84,1.56,1.09,8.63,215,55,4.97,High,No,Mild,0
TXN04717,U04717,35,Other,7.22,4.81,3.15,5.09,8.64,176,121,7.94,Medium,No,Severe,1
TXN04718,U04718,23,Male,8.07,2.79,2.9,0.61,5.27,170,141,9.49,High,Yes,Moderate,1
TXN04719,U04719,27,Male,3.57,4.47,2.11,5.71,6.05,171,177,4.52,Low,No,Severe,1
TXN04720,U04720,21,Female,7.31,3.57,3.38,2.29,5.03,247,53,10.04,High,Yes,Mild,0
TXN04721,U04721,31,Female,11.47,5.03,1.1,3.6,6.18,31,144,12.72,High,No,Moderate,1
TXN04722,U04722,18,Male,11.23,1.19,0.2,2.06,5.45,25,149,13.8,High,No,Severe,1
TXN04723,U04723,30,Other,5.02,1.41,2.99,5.3,5.83,79,74,7.22,Medium,Yes,None,0
TXN04724,U04724,20,Female,3.54,3.14,1.91,0.65,5.57,74,96,5.4,Low,No,None,0
TXN04725,U04725,23,Other,7.22,4.18,2.97,5.08,6.17,249,28,9.95,High,Yes,Moderate,1
TXN04726,U04726,30,Female,10.68,1.95,1.52,2.21,6.04,91,71,13.2,Medium,Yes,Moderate,1
TXN04727,U04727,29,Male,8.98,2.99,1.15,2.81,5.83,79,65,11.95,Low,No,Moderate,1
TXN04728,U04728,19,Male,9.0,5.13,2.81,3.51,4.87,50,107,11.16,Medium,Yes,Severe,1
TXN04729,U04729,31,Male,4.13,1.34,3.8,3.44,4.65,211,167,6.64,Medium,Yes,Mild,0
TXN04730,U04730,32,Female,11.41,1.81,0.27,4.98,8.26,243,67,13.65,Medium,No,Severe,1
TXN04731,U04731,35,Other,6.07,4.12,3.42,5.4,4.54,156,19,7.51,High,No,Severe,1
TXN04732,U04732,22,Other,7.05,2.53,0.85,1.51,8.0,91,116,8.36,High,Yes,Moderate,1
TXN04733,U04733,21,Male,5.3,1.12,0.67,1.13,5.69,206,131,7.27,High,Yes,Mild,0
TXN04734,U04734,18,Female,7.05,2.95,0.3,4.28,6.4,35,40,9.39,High,Yes,Mild,0
TXN04735,U04735,25,Male,5.78,3.84,2.26,1.62,4.93,112,71,7.91,Low,No,Mild,0
TXN04736,U04736,21,Other,7.45,2.3,3.27,5.65,6.96,45,62,10.29,Low,No,Mild,0
TXN04737,U04737,19,Male,3.3,2.22,0.79,5.12,6.0,158,36,5.13,Medium,Yes,None,0
TXN04738,U04738,22,Male,8.05,5.74,1.07,5.87,6.89,145,110,11.0,Medium,No,Moderate,1
TXN04739,U04739,29,Other,3.73,3.59,2.69,4.39,5.22,131,94,4.68,High,No,None,0
TXN04740,U04740,34,Other,5.67,2.63,0.93,5.4,5.75,93,140,7.34,High,Yes,Mild,0
TXN04741,U04741,31,Other,8.51,5.12,2.97,1.59,7.52,229,53,9.02,Medium,Yes,Severe,1
TXN04742,U04742,32,Female,3.05,1.88,1.42,4.44,7.82,79,17,4.27,Medium,No,None,0
TXN04743,U04743,35,Other,11.26,5.06,2.76,3.34,5.82,76,76,13.44,Low,Yes,Severe,1
TXN04744,U04744,18,Other,4.29,0.62,3.92,0.78,4.98,195,16,5.35,Low,Yes,None,0
TXN04745,U04745,27,Other,3.11,2.39,3.9,3.08,8.07,63,33,5.74,Low,No,Mild,0
TXN04746,U04746,27,Male,5.11,0.83,0.85,5.6,8.69,182,137,8.04,Medium,Yes,None,0
TXN04747,U04747,35,Male,4.31,3.99,2.23,5.58,4.86,137,36,6.26,Medium,Yes,Mild,0
TXN04748,U04748,22,Other,11.19,1.17,1.52,2.42,5.82,156,93,12.78,High,No,Moderate,1
TXN04749,U04749,35,Other,7.0,0.79,3.83,1.42,6.86,215,54,9.38,Medium,Yes,Moderate,1
TXN04750,U04750,26,Female,5.15,5.35,1.91,4.32,4.63,117,105,6.51,Medium,Yes,Severe,1
TXN04751,U04751,35,Other,11.34,1.41,2.88,1.86,4.63,45,144,12.73,Medium,Yes,Severe,1
TXN04752,U04752,20,Female,5.28,4.13,2.09,1.47,5.51,182,83,8.04,Low,No,Severe,1
TXN04753,U04753,20,Female,7.81,5.7,2.57,5.46,8.41,204,66,10.38,Low,No,Moderate,1
TXN04754,U04754,22,Male,10.95,4.47,3.88,1.02,5.47,86,127,11.92,High,Yes,Severe,1
TXN04755,U04755,23,Other,10.76,2.27,1.39,5.02,7.6,68,89,12.84,Low,No,Moderate,1
TXN04756,U04756,29,Female,7.17,3.0,0.44,3.57,7.86,84,159,8.01,High,Yes,Moderate,1
TXN04757,U04757,29,Female,4.23,3.99,2.81,4.01,4.98,20,146,6.62,Low,No,Mild,0
TXN04758,U04758,32,Female,5.48,2.76,3.43,3.7,7.89,58,110,6.02,Medium,Yes,None,0
TXN04759,U04759,25,Female,6.74,5.16,0.8,4.66,5.54,48,61,7.49,Medium,Yes,Moderate,1
TXN04760,U04760,19,Male,8.84,0.82,3.95,3.42,8.13,85,58,11.27,High,No,Moderate,1
TXN04761,U04761,25,Female,3.6,1.47,1.44,2.26,8.99,92,137,4.76,Medium,Yes,Mild,0
TXN04762,U04762,33,Male,5.05,5.7,0.4,0.59,5.61,31,57,7.83,High,No,Severe,1
TXN04763,U04763,24,Male,9.88,4.27,0.81,5.5,7.26,244,115,11.08,High,Yes,Severe,1
TXN04764,U04764,28,Other,10.81,1.4,0.42,2.29,5.17,225,121,11.64,Medium,No,Moderate,1
TXN04765,U04765,35,Female,8.43,4.03,0.63,2.75,6.65,42,68,10.01,High,Yes,Severe,1
TXN04766,U04766,32,Female,4.97,4.86,0.48,4.55,6.56,217,129,7.94,High,No,Moderate,1
TXN04767,U04767,26,Other,7.38,4.55,0.1,2.04,5.52,77,128,9.71,Medium,No,Moderate,1
TXN04768,U04768,31,Female,4.24,2.69,3.17,2.0,7.09,188,27,6.62,Low,Yes,None,0
TXN04769,U04769,34,Other,11.53,1.45,2.83,4.02,8.21,162,163,14.22,Medium,No,Moderate,1
TXN04770,U04770,29,Female,10.77,1.72,0.74,1.1,8.77,161,41,13.12,Low,No,Severe,1
TXN04771,U04771,25,Female,5.96,4.2,3.71,2.44,7.59,227,178,8.02,Low,No,Severe,1
TXN04772,U04772,34,Other,6.09,5.96,0.15,2.12,7.27,86,131,8.48,High,Yes,Moderate,1
TXN04773,U04773,30,Other,9.98,5.63,2.6,2.63,6.35,59,171,12.84,High,No,Moderate,1
TXN04774,U04774,30,Female,7.86,5.35,0.93,4.94,6.42,210,140,9.49,Medium,Yes,Severe,1
TXN04775,U04775,25,Male,10.77,1.2,0.95,0.56,8.06,135,107,12.19,Medium,Yes,Severe,1
TXN04776,U04776,24,Other,11.58,1.77,2.0,0.78,4.8,101,53,14.06,High,Yes,Moderate,1
TXN04777,U04777,33,Female,8.38,5.92,1.93,4.03,7.11,148,152,10.58,Low,Yes,Severe,1
TXN04778,U04778,20,Female,6.73,1.94,3.55,3.54,4.52,247,158,7.3,Low,Yes,Moderate,1
TXN04779,U04779,30,Female,6.9,5.85,1.65,1.01,7.65,112,158,8.48,Medium,Yes,Severe,1
TXN04780,U04780,33,Other,10.33,2.14,0.87,4.97,5.4,213,161,11.27,High,No,Moderate,1
TXN04781,U04781,21,Female,4.69,2.67,2.4,3.0,7.95,167,157,6.1,Medium,No,None,0
TXN04782,U04782,24,Male,10.54,3.62,3.82,5.73,7.56,194,131,11.1,Medium,No,Severe,1
TXN04783,U04783,19,Female,9.77,1.23,1.07,5.31,7.6,226,51,11.74,Medium,No,Severe,1
TXN04784,U04784,21,Male,7.51,5.13,0.31,2.86,6.93,145,74,10.21,Low,Yes,Moderate,1
TXN04785,U04785,32,Male,8.12,3.08,1.53,4.18,4.74,60,18,8.68,Low,No,Severe,1
TXN04786,U04786,24,Male,7.6,1.25,1.37,1.49,4.63,99,40,8.51,Medium,No,Moderate,1
TXN04787,U04787,21,Other,4.33,5.35,0.09,2.49,9.0,185,21,6.27,Low,Yes,Moderate,1
TXN04788,U04788,30,Female,6.0,2.41,1.32,2.22,6.5,119,96,7.54,High,Yes,Mild,0
TXN04789,U04789,28,Other,3.24,3.8,3.5,2.74,6.8,177,138,4.67,Medium,Yes,None,0
TXN04790,U04790,24,Female,9.4,1.05,2.77,5.2,6.32,96,75,11.93,High,No,Severe,1
TXN04791,U04791,19,Female,8.4,3.71,3.99,2.78,7.09,209,155,9.18,High,Yes,Moderate,1
TXN04792,U04792,20,Other,3.54,2.17,0.24,1.03,4.97,188,123,4.67,High,Yes,Mild,0
TXN04793,U04793,35,Female,11.09,3.07,1.26,5.6,5.35,45,51,13.2,Medium,No,Moderate,1
TXN04794,U04794,24,Other,11.65,3.48,2.0,0.92,7.62,197,174,13.0,High,No,Moderate,1
TXN04795,U04795,32,Female,8.77,0.8,2.27,5.46,7.79,221,141,9.78,High,Yes,Moderate,1
TXN04796,U04796,20,Male,5.31,5.75,0.77,4.09,8.55,197,121,7.63,High,No,Severe,1
TXN04797,U04797,18,Other,10.4,4.71,3.77,4.98,8.69,28,156,13.35,Medium,No,Moderate,1
TXN04798,U04798,24,Other,11.45,1.93,1.94,0.87,5.53,239,57,14.19,Low,No,Severe,1
TXN04799,U04799,27,Female,6.57,2.23,3.59,1.71,7.66,41,175,7.7,Medium,No,Mild,0
TXN04800,U04800,24,Female,10.78,1.48,0.9,1.14,7.12,166,54,11.91,Medium,No,Moderate,1
TXN04801,U04801,26,Male,3.44,2.3,2.85,4.39,4.68,105,113,5.24,Medium,Yes,Mild,0
TXN04802,U04802,33,Other,4.89,0.81,2.26,5.48,8.15,87,44,5.96,Low,No,None,0
TXN04803,U04803,18,Other,11.21,5.22,3.74,4.92,8.25,34,156,14.08,High,Yes,Moderate,1
TXN04804,U04804,34,Other,4.82,3.75,0.58,4.71,5.43,138,22,5.95,Medium,Yes,None,0
TXN04805,U04805,34,Male,6.69,0.59,0.66,2.14,4.66,55,143,8.33,Medium,No,Mild,0
TXN04806,U04806,29,Female,10.44,3.88,2.7,5.98,6.92,105,100,12.3,Medium,Yes,Moderate,1
TXN04807,U04807,19,Other,8.81,1.35,2.05,1.58,7.78,95,151,11.63,Medium,No,Severe,1
TXN04808,U04808,21,Male,4.2,5.12,3.97,5.64,7.23,248,104,7.02,Low,Yes,Moderate,1
TXN04809,U04809,28,Male,4.91,2.69,0.44,2.6,6.26,203,156,7.12,High,No,None,0
TXN04810,U04810,26,Other,3.65,5.99,3.32,3.84,7.34,195,148,4.32,Medium,Yes,Moderate,1
TXN04811,U04811,28,Female,8.64,1.89,2.48,2.26,8.25,94,105,9.25,High,No,Severe,1
TXN04812,U04812,35,Other,7.66,2.35,2.06,5.01,8.77,181,26,9.13,Low,No,Mild,0
TXN04813,U04813,35,Female,7.28,3.4,3.84,3.68,5.8,183,154,9.95,Medium,No,Mild,0
TXN04814,U04814,19,Other,4.31,2.63,3.02,0.69,7.36,172,93,4.93,High,Yes,None,0
TXN04815,U04815,34,Male,8.16,0.6,3.66,4.87,6.74,147,64,8.79,High,Yes,Severe,1
TXN04816,U04816,18,Female,4.47,3.69,0.83,5.74,8.09,139,129,5.12,Low,No,None,0
TXN04817,U04817,25,Male,7.87,1.06,3.11,5.65,7.63,170,176,8.63,Low,Yes,Moderate,1
TXN04818,U04818,25,Female,4.26,2.47,3.03,3.3,5.67,185,19,5.52,Low,No,None,0
TXN04819,U04819,26,Male,4.6,1.03,2.69,1.12,7.85,215,98,5.85,Medium,No,Mild,0
TXN04820,U04820,22,Male,9.1,4.66,2.79,0.6,7.61,119,151,9.83,Low,No,Moderate,1
TXN04821,U04821,33,Male,7.36,3.69,2.98,1.77,8.73,182,176,8.7,Low,No,Moderate,1
TXN04822,U04822,32,Male,4.71,3.21,0.23,0.72,7.36,192,91,5.23,Medium,Yes,None,0
TXN04823,U04823,20,Male,7.0,2.38,1.7,4.39,7.38,243,67,9.75,Medium,Yes,Moderate,1
TXN04824,U04824,26,Female,6.03,5.03,0.34,3.8,5.63,41,55,7.85,Medium,No,Severe,1
TXN04825,U04825,32,Other,6.11,2.11,3.58,5.82,8.17,217,66,7.57,Low,Yes,Mild,0
TXN04826,U04826,27,Male,7.71,1.02,2.03,2.45,4.88,169,163,9.86,Low,No,Mild,0
TXN04827,U04827,27,Female,6.42,5.6,1.88,5.8,8.03,200,56,8.11,Low,Yes,Severe,1
TXN04828,U04828,32,Male,7.84,1.77,1.22,4.29,6.25,60,100,10.27,High,Yes,Mild,0
TXN04829,U04829,26,Male,8.69,3.93,3.34,2.88,7.32,98,129,10.88,Medium,Yes,Moderate,1
TXN04830,U04830,33,Female,4.41,5.26,2.37,4.43,7.22,186,37,5.53,Low,No,Moderate,1
TXN04831,U04831,20,Female,7.65,4.27,2.58,2.72,6.11,170,53,10.43,Medium,No,Moderate,1
TXN04832,U04832,31,Male,8.56,4.16,0.67,0.96,8.35,129,164,9.3,Medium,Yes,Moderate,1
TXN04833,U04833,28,Male,8.04,0.76,1.28,2.66,4.88,133,84,9.73,Low,No,Severe,1
TXN04834,U04834,27,Female,4.32,1.1,0.59,4.23,5.92,59,123,5.0,Medium,Yes,Mild,0
TXN04835,U04835,27,Male,5.22,5.33,0.11,1.38,6.58,120,114,8.15,Low,No,Moderate,1
TXN04836,U04836,24,Male,8.55,3.14,2.12,3.04,6.65,117,169,11.01,Medium,No,Severe,1
TXN04837,U04837,27,Male,9.95,1.47,1.03,3.15,5.9,197,33,10.89,High,No,Severe,1
TXN04838,U04838,22,Other,9.79,3.28,1.71,1.08,5.76,202,164,11.82,High,No,Severe,1
TXN04839,U04839,27,Female,8.93,5.07,2.02,3.71,7.62,29,119,11.2,Low,Yes,Severe,1
TXN04840,U04840,30,Other,11.67,4.48,1.18,0.7,6.41,233,63,12.53,High,No,Severe,1
TXN04841,U04841,20,Male,3.27,5.18,1.1,0.91,8.73,108,115,5.31,High,No,Severe,1
TXN04842,U04842,23,Male,3.23,1.95,1.42,1.21,4.62,143,143,4.78,Medium,No,Mild,0
TXN04843,U04843,21,Female,6.78,3.7,4.0,5.56,8.48,58,76,7.76,Low,No,Mild,0
TXN04844,U04844,29,Male,9.91,4.2,0.29,4.97,6.93,104,114,12.13,Low,No,Severe,1
TXN04845,U04845,29,Male,8.85,0.87,2.35,0.61,6.12,224,159,11.38,Low,No,Severe,1
TXN04846,U04846,27,Female,10.35,0.76,3.4,0.81,8.22,221,37,12.72,Low,No,Severe,1
TXN04847,U04847,18,Other,6.36,3.32,2.31,3.63,7.39,74,163,8.46,High,Yes,Moderate,1
TXN04848,U04848,34,Male,5.22,1.35,1.5,3.19,5.26,47,120,7.08,Medium,No,None,0
TXN04849,U04849,35,Other,8.48,5.67,0.73,5.33,4.92,177,144,10.49,Medium,No,Moderate,1
TXN04850,U04850,33,Female,7.97,5.75,3.74,5.57,8.96,192,156,10.22,Medium,Yes,Moderate,1
TXN04851,U04851,25,Male,8.02,1.72,1.51,4.69,8.32,98,87,10.0,Medium,No,Severe,1
TXN04852,U04852,19,Male,5.1,4.04,1.72,5.69,6.96,218,83,7.63,Medium,No,Moderate,1
TXN04853,U04853,28,Other,11.4,2.69,2.58,5.42,8.64,172,113,12.67,Low,No,Severe,1
TXN04854,U04854,33,Female,10.64,2.8,3.05,4.53,4.84,159,55,12.83,High,No,Moderate,1
TXN04855,U04855,33,Male,5.05,2.99,3.68,4.46,5.17,173,142,7.38,High,Yes,Mild,0
TXN04856,U04856,18,Female,4.01,3.73,2.46,3.94,8.41,98,116,6.61,Low,Yes,Mild,0
TXN04857,U04857,29,Other,8.87,2.23,2.33,4.31,6.91,70,156,10.43,Medium,No,Moderate,1
TXN04858,U04858,35,Other,3.2,2.65,2.09,1.08,5.87,139,162,4.58,Medium,No,None,0
TXN04859,U04859,20,Male,6.08,2.83,1.81,5.67,8.95,184,48,7.9,Medium,No,Mild,0
TXN04860,U04860,18,Other,4.13,4.84,0.91,1.39,6.66,123,70,6.12,Low,No,Severe,1
TXN04861,U04861,33,Male,4.86,4.74,2.31,2.66,6.59,197,113,6.28,Medium,No,Severe,1
TXN04862,U04862,35,Male,10.11,0.94,3.74,2.46,5.52,29,163,11.69,High,No,Severe,1
TXN04863,U04863,20,Other,10.23,2.24,3.8,5.02,5.77,91,29,11.76,Low,Yes,Moderate,1
TXN04864,U04864,21,Male,10.98,4.97,3.46,2.88,6.37,127,137,11.89,Medium,Yes,Moderate,1
TXN04865,U04865,23,Male,6.41,1.64,1.97,0.86,6.36,152,59,7.67,Medium,Yes,Mild,0
TXN04866,U04866,19,Male,6.87,3.56,2.46,1.37,6.56,114,123,8.83,High,No,Moderate,1
TXN04867,U04867,20,Female,4.42,5.05,2.17,5.74,7.95,211,80,6.63,Medium,Yes,Severe,1
TXN04868,U04868,30,Male,3.25,4.27,1.4,0.51,7.38,193,115,4.62,Low,No,Moderate,1
TXN04869,U04869,19,Other,5.34,2.56,2.78,3.3,6.3,240,100,7.39,Low,Yes,None,0
TXN04870,U04870,19,Female,3.17,2.62,3.18,4.47,7.31,142,180,4.8,High,Yes,Mild,0
TXN04871,U04871,22,Male,8.75,0.96,2.63,0.51,8.64,56,15,11.04,High,No,Moderate,1
TXN04872,U04872,33,Other,3.25,5.09,1.72,3.39,6.63,222,22,6.15,High,Yes,Severe,1
TXN04873,U04873,30,Female,4.27,0.94,1.74,1.1,5.56,87,114,6.51,High,Yes,Mild,0
TXN04874,U04874,35,Female,3.02,4.59,2.53,1.03,7.52,111,154,5.56,Low,Yes,Severe,1
TXN04875,U04875,23,Male,4.5,5.78,3.84,5.23,4.67,116,31,6.71,Low,Yes,Moderate,1
TXN04876,U04876,29,Female,3.22,3.64,1.52,1.8,7.08,144,155,4.21,Medium,Yes,Mild,0
TXN04877,U04877,18,Female,9.81,5.91,2.23,1.93,6.5,23,134,11.73,Medium,Yes,Severe,1
TXN04878,U04878,27,Male,10.18,4.19,1.87,2.53,6.43,118,37,12.76,High,No,Moderate,1
TXN04879,U04879,25,Male,4.53,5.88,2.33,1.49,6.18,49,165,6.24,Medium,Yes,Moderate,1
TXN04880,U04880,22,Other,10.23,2.66,3.4,3.26,4.52,162,132,11.11,High,No,Moderate,1
TXN04881,U04881,28,Female,8.93,4.51,2.48,5.15,6.91,193,30,10.94,Medium,No,Moderate,1
TXN04882,U04882,33,Female,10.54,3.81,0.33,5.68,4.54,53,23,11.26,High,No,Moderate,1
TXN04883,U04883,23,Male,7.3,1.11,3.06,2.91,6.27,242,120,9.03,Low,Yes,Moderate,1
TXN04884,U04884,23,Male,7.6,5.58,2.91,4.35,8.82,152,94,8.41,Low,No,Moderate,1
TXN04885,U04885,23,Other,5.38,1.48,3.5,1.9,8.36,27,117,6.96,Low,No,None,0
TXN04886,U04886,22,Female,4.21,5.32,1.96,2.62,7.54,229,153,5.68,High,Yes,Moderate,1
TXN04887,U04887,28,Female,9.2,1.15,0.88,4.93,8.08,201,138,10.13,Medium,No,Moderate,1
TXN04888,U04888,20,Female,7.61,0.8,2.55,3.54,5.01,135,146,8.12,Medium,Yes,Mild,0
TXN04889,U04889,25,Male,11.65,4.45,1.77,1.58,8.92,59,30,14.37,High,No,Severe,1
TXN04890,U04890,25,Other,6.88,3.63,1.5,1.53,6.65,146,62,9.35,Medium,Yes,Mild,0
TXN04891,U04891,26,Male,9.38,4.6,3.81,3.88,7.9,227,33,12.12,Low,No,Moderate,1
TXN04892,U04892,25,Male,7.32,1.5,1.72,0.89,6.7,118,136,8.27,Medium,Yes,Mild,0
TXN04893,U04893,27,Female,3.71,4.82,1.67,1.04,6.91,23,155,4.73,Low,Yes,Moderate,1
TXN04894,U04894,25,Other,8.74,5.1,0.95,4.94,8.54,235,32,11.2,Low,Yes,Moderate,1
TXN04895,U04895,34,Other,8.35,1.76,1.93,1.77,5.54,138,51,10.27,High,No,Moderate,1
TXN04896,U04896,32,Other,11.37,0.9,3.66,5.85,4.68,56,74,13.14,High,No,Moderate,1
TXN04897,U04897,18,Other,3.13,5.66,3.25,4.56,7.27,92,55,5.43,Medium,Yes,Severe,1
TXN04898,U04898,29,Male,4.34,1.85,3.87,3.73,8.94,68,149,5.65,Medium,Yes,None,0
TXN04899,U04899,32,Male,8.64,1.94,2.15,4.04,8.14,51,164,10.04,Medium,Yes,Moderate,1
TXN04900,U04900,26,Female,5.3,1.46,2.87,4.09,8.79,222,99,8.09,Low,Yes,None,0
TXN04901,U04901,21,Other,11.97,5.41,2.66,2.0,5.96,40,101,13.97,High,No,Severe,1
TXN04902,U04902,30,Other,9.28,3.58,1.79,1.24,8.19,84,142,11.94,Medium,No,Moderate,1
TXN04903,U04903,35,Other,4.06,2.97,1.74,1.74,5.35,90,135,5.87,High,Yes,None,0
TXN04904,U04904,21,Male,10.14,1.33,3.9,3.36,8.42,142,80,12.59,Medium,No,Moderate,1
TXN04905,U04905,31,Female,8.04,0.99,3.88,5.36,7.63,193,33,9.51,High,Yes,Moderate,1
TXN04906,U04906,19,Other,8.69,5.47,1.36,3.8,6.2,232,162,11.37,Low,Yes,Severe,1
TXN04907,U04907,31,Male,3.59,4.92,2.47,1.13,7.44,220,147,6.49,Medium,Yes,Severe,1
TXN04908,U04908,26,Other,10.73,5.14,3.69,1.16,5.48,117,90,13.29,Medium,Yes,Moderate,1
TXN04909,U04909,33,Male,6.17,2.37,2.62,3.58,5.23,89,68,7.49,High,No,Mild,0
TXN04910,U04910,24,Other,5.04,5.47,3.73,4.59,6.18,88,65,5.87,Low,No,Severe,1
TXN04911,U04911,25,Male,6.16,1.18,2.47,3.53,8.06,188,142,8.69,Medium,No,Mild,0
TXN04912,U04912,27,Female,5.07,3.59,1.99,1.16,6.81,193,84,5.92,Low,No,Mild,0
TXN04913,U04913,31,Female,5.54,2.45,2.94,4.84,8.36,61,148,6.69,Low,No,Mild,0
TXN04914,U04914,30,Female,5.7,2.54,1.07,5.14,4.5,120,147,8.59,High,No,None,0
TXN04915,U04915,24,Male,4.45,1.54,2.33,0.53,7.32,161,22,5.13,High,No,None,0
TXN04916,U04916,24,Male,8.11,4.5,2.92,5.56,4.66,27,105,11.03,High,No,Severe,1
TXN04917,U04917,24,Male,7.83,4.17,1.63,0.76,6.95,129,32,9.78,Low,No,Severe,1
TXN04918,U04918,31,Female,8.33,5.7,0.13,5.81,7.85,39,146,10.88,Low,No,Severe,1
TXN04919,U04919,25,Other,6.19,1.8,0.48,4.82,5.86,137,90,6.85,Low,Yes,Mild,0
TXN04920,U04920,28,Male,6.19,5.22,3.65,5.02,5.54,124,16,9.08,Low,Yes,Severe,1
TXN04921,U04921,20,Male,7.48,3.66,0.54,5.39,5.03,162,59,10.37,High,Yes,Mild,0
TXN04922,U04922,28,Other,3.67,1.35,0.34,0.6,8.55,153,37,4.83,High,No,None,0
TXN04923,U04923,28,Male,6.39,1.84,3.61,0.69,5.65,167,130,7.9,High,No,Moderate,1
TXN04924,U04924,26,Male,10.12,2.62,3.44,2.01,6.78,176,97,11.27,Low,No,Moderate,1
TXN04925,U04925,25,Other,11.43,0.73,2.91,2.0,4.95,190,118,13.96,Low,Yes,Severe,1
TXN04926,U04926,23,Male,6.29,4.6,3.32,5.9,8.59,182,149,8.81,Low,No,Moderate,1
TXN04927,U04927,21,Female,3.81,3.73,0.54,3.18,7.75,46,152,5.55,High,No,None,0
TXN04928,U04928,30,Female,6.13,5.04,2.61,2.98,6.72,181,81,8.55,Low,No,Moderate,1
TXN04929,U04929,29,Female,3.73,1.8,3.84,5.23,6.08,87,124,6.08,Low,Yes,Mild,0
TXN04930,U04930,30,Male,6.48,0.81,1.95,4.8,8.56,167,15,8.42,Low,Yes,Moderate,1
TXN04931,U04931,25,Female,6.36,1.04,0.4,1.03,8.04,114,174,8.92,Medium,Yes,Mild,0
TXN04932,U04932,34,Other,11.98,4.92,1.34,0.54,5.63,164,109,13.16,Medium,No,Severe,1
TXN04933,U04933,32,Male,11.62,2.48,1.71,5.33,4.8,82,89,12.16,Low,No,Moderate,1
TXN04934,U04934,18,Female,10.94,0.64,0.36,0.64,6.44,171,84,11.87,Low,Yes,Moderate,1
TXN04935,U04935,22,Female,9.99,0.73,1.2,1.91,5.34,152,50,11.23,Low,No,Severe,1
TXN04936,U04936,34,Female,7.27,2.09,2.68,1.82,6.51,73,25,9.56,Medium,Yes,Moderate,1
TXN04937,U04937,21,Other,8.74,2.65,0.27,2.95,5.64,147,146,11.51,High,No,Moderate,1
TXN04938,U04938,29,Female,11.17,1.4,2.13,5.28,8.14,102,177,13.51,High,No,Moderate,1
TXN04939,U04939,26,Other,3.95,2.1,1.68,0.8,5.58,146,47,6.67,Low,Yes,Mild,0
TXN04940,U04940,30,Other,9.58,2.84,1.05,1.15,8.74,96,54,10.99,High,Yes,Severe,1
TXN04941,U04941,24,Male,5.23,3.23,2.8,3.66,4.72,103,106,8.12,High,Yes,Mild,0
TXN04942,U04942,28,Male,7.69,2.33,1.39,3.95,8.54,189,180,8.64,High,No,Moderate,1
TXN04943,U04943,33,Male,3.41,5.27,1.02,2.76,6.76,35,170,5.29,Medium,Yes,Severe,1
TXN04944,U04944,29,Female,3.88,3.39,1.11,5.99,5.32,112,107,5.03,Medium,Yes,None,0
TXN04945,U04945,23,Male,10.97,3.74,0.08,3.96,6.43,82,112,12.83,Medium,Yes,Moderate,1
TXN04946,U04946,21,Male,3.26,2.4,3.01,3.36,7.33,233,176,4.48,Low,No,Mild,0
TXN04947,U04947,27,Female,8.71,1.67,2.48,2.76,6.47,70,94,10.72,Medium,No,Moderate,1
TXN04948,U04948,28,Male,7.44,5.8,3.4,3.66,5.67,106,178,8.68,Medium,Yes,Moderate,1
TXN04949,U04949,20,Other,8.4,3.95,3.14,0.91,5.2,39,26,10.29,Low,Yes,Moderate,1
TXN04950,U04950,33,Other,7.24,5.61,3.87,5.54,4.62,28,129,9.59,High,Yes,Severe,1
TXN04951,U04951,32,Female,11.25,4.31,1.67,2.62,6.43,189,144,12.5,Low,Yes,Moderate,1
TXN04952,U04952,28,Female,3.29,3.49,0.9,3.43,7.49,145,50,5.76,High,Yes,None,0
TXN04953,U04953,19,Male,6.24,1.6,2.38,2.04,8.83,152,168,8.04,Medium,Yes,Moderate,1
TXN04954,U04954,28,Other,10.34,5.22,0.71,2.52,6.83,43,101,12.77,High,No,Severe,1
TXN04955,U04955,31,Other,4.38,0.6,0.82,5.12,4.66,22,43,7.16,High,Yes,Mild,0
TXN04956,U04956,35,Female,11.64,5.24,0.24,1.11,5.53,110,97,13.86,Medium,No,Moderate,1
TXN04957,U04957,21,Female,8.63,1.01,2.82,5.44,8.32,116,38,9.88,Medium,No,Moderate,1
TXN04958,U04958,27,Other,5.04,3.22,3.05,0.52,5.66,216,37,5.76,High,Yes,None,0
TXN04959,U04959,23,Female,8.8,2.66,1.1,1.07,8.67,188,165,10.49,High,No,Severe,1
TXN04960,U04960,22,Female,6.35,3.2,2.98,1.0,6.7,169,32,6.87,Low,No,Mild,0
TXN04961,U04961,31,Male,6.1,1.73,0.83,1.59,5.66,237,93,7.97,High,Yes,Mild,0
TXN04962,U04962,18,Male,11.32,1.43,0.71,5.53,4.83,53,130,12.98,Low,No,Severe,1
TXN04963,U04963,29,Male,9.03,2.54,3.04,3.49,5.83,48,39,9.85,High,No,Severe,1
TXN04964,U04964,20,Other,7.36,4.54,3.98,3.17,7.96,181,53,8.05,High,No,Moderate,1
TXN04965,U04965,27,Other,11.84,3.1,2.89,5.17,7.52,71,125,13.54,Medium,Yes,Severe,1
TXN04966,U04966,27,Female,9.84,4.18,2.01,4.62,7.05,184,34,11.92,Medium,Yes,Moderate,1
TXN04967,U04967,27,Male,3.78,2.43,3.66,2.39,7.16,81,69,4.77,Low,No,None,0
TXN04968,U04968,34,Female,4.45,2.01,0.68,3.76,6.12,59,142,5.1,High,No,None,0
TXN04969,U04969,27,Other,11.19,5.69,1.56,1.65,7.46,118,81,12.89,High,No,Severe,1
TXN04970,U04970,21,Other,5.24,0.96,0.28,4.78,5.07,62,33,8.19,High,Yes,Mild,0
TXN04971,U04971,29,Male,11.44,3.43,0.66,2.84,8.89,163,149,12.97,Low,Yes,Moderate,1
TXN04972,U04972,25,Female,11.45,1.06,0.99,3.72,7.7,64,97,13.75,High,No,Severe,1
TXN04973,U04973,18,Female,4.88,3.08,2.18,1.06,8.18,229,37,7.86,High,Yes,None,0
TXN04974,U04974,33,Other,3.48,3.14,0.23,1.04,4.85,66,72,5.08,Medium,No,Mild,0
TXN04975,U04975,26,Female,11.93,4.67,3.45,1.17,8.72,214,74,14.32,Low,Yes,Moderate,1
TXN04976,U04976,28,Female,9.28,1.94,2.03,2.66,6.52,43,110,11.62,Low,No,Severe,1
TXN04977,U04977,28,Male,8.72,5.61,3.16,1.3,7.01,84,54,9.41,Low,No,Moderate,1
TXN04978,U04978,33,Male,10.81,2.17,1.93,5.12,8.46,64,47,12.83,High,No,Severe,1
TXN04979,U04979,21,Male,8.08,4.38,1.27,2.61,8.07,244,40,9.95,Low,No,Severe,1
TXN04980,U04980,18,Other,7.67,4.49,2.07,4.94,4.56,189,169,8.85,Low,Yes,Severe,1
TXN04981,U04981,30,Male,9.24,4.33,2.36,5.23,7.27,171,153,11.72,Medium,No,Moderate,1
TXN04982,U04982,21,Other,3.95,5.36,0.09,5.16,8.65,137,147,6.3,Medium,No,Severe,1
TXN04983,U04983,21,Other,6.8,3.17,1.69,2.26,6.62,192,162,8.61,Medium,No,Moderate,1
TXN04984,U04984,35,Other,5.97,4.52,2.2,0.63,8.84,232,109,6.83,High,No,Severe,1
TXN04985,U04985,27,Male,10.27,0.86,3.45,5.71,5.8,199,36,12.44,Low,No,Severe,1
TXN04986,U04986,21,Male,7.89,4.03,0.32,4.23,7.96,145,151,9.61,Medium,Yes,Severe,1
TXN04987,U04987,26,Male,8.53,2.72,1.65,2.56,7.46,198,112,10.46,Medium,Yes,Moderate,1
TXN04988,U04988,21,Female,11.89,5.85,3.04,2.08,5.33,118,158,12.88,High,No,Severe,1
TXN04989,U04989,21,Male,11.69,4.97,2.54,3.86,6.09,25,26,12.46,High,No,Severe,1
TXN04990,U04990,22,Male,4.52,1.99,2.52,0.84,5.5,214,128,7.04,High,Yes,None,0
TXN04991,U04991,35,Male,4.04,2.13,1.86,5.71,4.73,20,161,5.53,High,Yes,Mild,0
TXN04992,U04992,23,Male,4.36,4.79,2.27,5.98,6.11,133,124,5.28,Low,No,Moderate,1
TXN04993,U04993,32,Other,4.16,4.91,3.19,0.72,6.29,114,85,6.86,High,Yes,Severe,1
TXN04994,U04994,33,Male,4.93,0.59,1.83,4.16,6.63,85,110,7.89,High,Yes,None,0
TXN04995,U04995,30,Male,8.05,1.26,1.04,1.18,6.49,247,28,9.25,High,No,Severe,1
TXN04996,U04996,27,Female,4.22,4.46,3.06,5.51,8.72,129,69,5.85,High,Yes,Moderate,1
TXN04997,U04997,32,Other,4.32,1.42,2.92,5.65,7.01,63,69,6.27,High,No,None,0
TXN04998,U04998,32,Male,7.28,5.24,1.26,1.43,7.85,195,59,10.24,Medium,Yes,Moderate,1
TXN04999,U04999,22,Other,8.59,1.69,0.57,0.62,5.47,123,135,10.72,Medium,Yes,Moderate,1
TXN05000,U05000,23,Male,11.99,2.37,3.1,4.53,5.16,26,165,13.78,Low,Yes,Moderate,1
